contrast_id,suite,task_id,stat_name,reference_raw,reference_id,comparator_raw,comparator_id,delta,ci_lo,ci_hi,ci_definition,p_raw,p_adjusted,in_holm_family,sign_convention,source_file,source_sha256,status,notes
1,encode_exp2_decodability,encode_exp2_decodability/mean_beta,r2_delta,Functional-256,functional_annotations_pca|campaign_full_svd256,Context-only,see comparator_raw,0.3516042419,0.3334024604,0.3738956002,95% percentile chromosome-block bootstrap (B recorded in exp2 script; see scripts/followup/exp2_decodability.py),0,,no,d_r2 = R2(Functional-256) - R2(comparator),outputs/encode_atlas_v1/followup/exp2/paired_vs_functional256.csv,f08a08e686cf1fbda5b51ebb66a7d1fac74d5547716bd91e262c3f096e5adcc5,discovery-campaign,chromosomes won by functional: 19/19; reference is LEGACY functional
2,encode_exp2_decodability,encode_exp2_decodability/mean_beta,r2_delta,Functional-256,functional_annotations_pca|campaign_full_svd256,CpGPT-large compacted-256,see comparator_raw,0.2855901448,0.2672647792,0.3050064615,95% percentile chromosome-block bootstrap (B recorded in exp2 script; see scripts/followup/exp2_decodability.py),0,,no,d_r2 = R2(Functional-256) - R2(comparator),outputs/encode_atlas_v1/followup/exp2/paired_vs_functional256.csv,f08a08e686cf1fbda5b51ebb66a7d1fac74d5547716bd91e262c3f096e5adcc5,discovery-campaign,chromosomes won by functional: 19/19; reference is LEGACY functional
3,encode_exp2_decodability,encode_exp2_decodability/mean_beta,r2_delta,Functional-256,functional_annotations_pca|campaign_full_svd256,CpGPT-large native-512,see comparator_raw,0.2947125414,0.2756551571,0.3142842666,95% percentile chromosome-block bootstrap (B recorded in exp2 script; see scripts/followup/exp2_decodability.py),0,,no,d_r2 = R2(Functional-256) - R2(comparator),outputs/encode_atlas_v1/followup/exp2/paired_vs_functional256.csv,f08a08e686cf1fbda5b51ebb66a7d1fac74d5547716bd91e262c3f096e5adcc5,discovery-campaign,chromosomes won by functional: 19/19; reference is LEGACY functional
4,encode_exp2_decodability,encode_exp2_decodability/mean_beta,r2_delta,Functional-256,functional_annotations_pca|campaign_full_svd256,DeepCpG campaign-256 (std+pad),see comparator_raw,0.2618848741,0.2480982161,0.2758331898,95% percentile chromosome-block bootstrap (B recorded in exp2 script; see scripts/followup/exp2_decodability.py),0,,no,d_r2 = R2(Functional-256) - R2(comparator),outputs/encode_atlas_v1/followup/exp2/paired_vs_functional256.csv,f08a08e686cf1fbda5b51ebb66a7d1fac74d5547716bd91e262c3f096e5adcc5,discovery-campaign,chromosomes won by functional: 19/19; reference is LEGACY functional
5,encode_exp2_decodability,encode_exp2_decodability/mean_beta,r2_delta,Functional-256,functional_annotations_pca|campaign_full_svd256,DeepCpG native-128,see comparator_raw,0.2618810839,0.248101462,0.2758420583,95% percentile chromosome-block bootstrap (B recorded in exp2 script; see scripts/followup/exp2_decodability.py),0,,no,d_r2 = R2(Functional-256) - R2(comparator),outputs/encode_atlas_v1/followup/exp2/paired_vs_functional256.csv,f08a08e686cf1fbda5b51ebb66a7d1fac74d5547716bd91e262c3f096e5adcc5,discovery-campaign,chromosomes won by functional: 19/19; reference is LEGACY functional
6,encode_exp2_decodability,encode_exp2_decodability/mean_beta,r2_delta,Functional-256,functional_annotations_pca|campaign_full_svd256,Functional-128,see comparator_raw,0.006431318548,0.004919618143,0.00801365987,95% percentile chromosome-block bootstrap (B recorded in exp2 script; see scripts/followup/exp2_decodability.py),0,,no,d_r2 = R2(Functional-256) - R2(comparator),outputs/encode_atlas_v1/followup/exp2/paired_vs_functional256.csv,f08a08e686cf1fbda5b51ebb66a7d1fac74d5547716bd91e262c3f096e5adcc5,discovery-campaign,chromosomes won by functional: 19/19; reference is LEGACY functional
7,encode_exp5_base,encode_exp5_base/ewas_atlas_colorectal_cancer,pooled_oof_auc_delta,functional_256,"functional_annotations_pca|campaign_full_svd256 (4,165 tracks + 23 dense cols)",context_only_256,"other:context_only|campaign context_only_256 (18 dense context cols, SVD256)",0.2490804937,0.2152751813,0.2835349312,"95% percentile of 10,000-replicate seed-mixture bootstrap (draw 1 of 20 matching seeds, resample matched pairs within chromosome); includes matching-draw variability",0.000199980002,0.0006499350064993,BH within variant x comparison (not Holm),delta = functional_256 - comparator (AUC),outputs/encode_atlas_v1/followup/exp5/summary_auc_delta.csv,ec213c25e26888c93578976f219428e27e14e75c2ab0e7c1ed00bfbee23e5662,discovery-campaign,"n_seeds_delta_positive=20.0/20.0; reference is LEGACY functional, not the candidate"
8,encode_exp5_base,encode_exp5_base/ewas_atlas_colorectal_cancer,pooled_oof_auc_delta,functional_256,"functional_annotations_pca|campaign_full_svd256 (4,165 tracks + 23 dense cols)",cpgpt_large_native512,cpgpt_large_locus|native_512D,0.1411901812,0.1107297062,0.1728037312,"95% percentile of 10,000-replicate seed-mixture bootstrap (draw 1 of 20 matching seeds, resample matched pairs within chromosome); includes matching-draw variability",0.000199980002,0.0006499350064993,BH within variant x comparison (not Holm),delta = functional_256 - comparator (AUC),outputs/encode_atlas_v1/followup/exp5/summary_auc_delta.csv,ec213c25e26888c93578976f219428e27e14e75c2ab0e7c1ed00bfbee23e5662,discovery-campaign,"n_seeds_delta_positive=20.0/20.0; reference is LEGACY functional, not the candidate"
9,encode_exp5_base,encode_exp5_base/ewas_atlas_colorectal_cancer,pooled_oof_auc_delta,functional_256,"functional_annotations_pca|campaign_full_svd256 (4,165 tracks + 23 dense cols)",cpgpt_large_svd256,cpgpt_large_locus|compact_svd256 (campaign fm/cpgpt_locus_large),0.1254271062,0.098164525,0.1618300438,"95% percentile of 10,000-replicate seed-mixture bootstrap (draw 1 of 20 matching seeds, resample matched pairs within chromosome); includes matching-draw variability",0.000199980002,0.0008665800086658,BH within variant x comparison (not Holm),delta = functional_256 - comparator (AUC),outputs/encode_atlas_v1/followup/exp5/summary_auc_delta.csv,ec213c25e26888c93578976f219428e27e14e75c2ab0e7c1ed00bfbee23e5662,discovery-campaign,"n_seeds_delta_positive=20.0/20.0; reference is LEGACY functional, not the candidate"
10,encode_exp5_base,encode_exp5_base/ewas_atlas_colorectal_cancer,pooled_oof_auc_delta,functional_256,"functional_annotations_pca|campaign_full_svd256 (4,165 tracks + 23 dense cols)",deepcpg_hcc_native128,deepcpg_dna_locus|native_128D,0.1990258688,0.1696097437,0.2303169062,"95% percentile of 10,000-replicate seed-mixture bootstrap (draw 1 of 20 matching seeds, resample matched pairs within chromosome); includes matching-draw variability",0.000199980002,0.0008665800086658,BH within variant x comparison (not Holm),delta = functional_256 - comparator (AUC),outputs/encode_atlas_v1/followup/exp5/summary_auc_delta.csv,ec213c25e26888c93578976f219428e27e14e75c2ab0e7c1ed00bfbee23e5662,discovery-campaign,"n_seeds_delta_positive=20.0/20.0; reference is LEGACY functional, not the candidate"
11,encode_exp5_base,encode_exp5_base/ewas_atlas_colorectal_cancer,pooled_oof_auc_delta,functional_256,"functional_annotations_pca|campaign_full_svd256 (4,165 tracks + 23 dense cols)",deepcpg_hcc_pad256,deepcpg_dna_locus|pad256_std (campaign fm/deepcpg_dna_locus),0.1990318187,0.1695719125,0.23036455,"95% percentile of 10,000-replicate seed-mixture bootstrap (draw 1 of 20 matching seeds, resample matched pairs within chromosome); includes matching-draw variability",0.000199980002,0.0008665800086658,BH within variant x comparison (not Holm),delta = functional_256 - comparator (AUC),outputs/encode_atlas_v1/followup/exp5/summary_auc_delta.csv,ec213c25e26888c93578976f219428e27e14e75c2ab0e7c1ed00bfbee23e5662,discovery-campaign,"n_seeds_delta_positive=20.0/20.0; reference is LEGACY functional, not the candidate"
12,encode_exp5_base,encode_exp5_base/ewas_atlas_prostate_cancer,pooled_oof_auc_delta,functional_256,"functional_annotations_pca|campaign_full_svd256 (4,165 tracks + 23 dense cols)",context_only_256,"other:context_only|campaign context_only_256 (18 dense context cols, SVD256)",0.2491432,0.2180510187,0.2827777781,"95% percentile of 10,000-replicate seed-mixture bootstrap (draw 1 of 20 matching seeds, resample matched pairs within chromosome); includes matching-draw variability",0.000199980002,0.0006499350064993,BH within variant x comparison (not Holm),delta = functional_256 - comparator (AUC),outputs/encode_atlas_v1/followup/exp5/summary_auc_delta.csv,ec213c25e26888c93578976f219428e27e14e75c2ab0e7c1ed00bfbee23e5662,discovery-campaign,"n_seeds_delta_positive=20.0/20.0; reference is LEGACY functional, not the candidate"
13,encode_exp5_base,encode_exp5_base/ewas_atlas_prostate_cancer,pooled_oof_auc_delta,functional_256,"functional_annotations_pca|campaign_full_svd256 (4,165 tracks + 23 dense cols)",cpgpt_large_native512,cpgpt_large_locus|native_512D,0.1692584,0.1438121562,0.197637875,"95% percentile of 10,000-replicate seed-mixture bootstrap (draw 1 of 20 matching seeds, resample matched pairs within chromosome); includes matching-draw variability",0.000199980002,0.0006499350064993,BH within variant x comparison (not Holm),delta = functional_256 - comparator (AUC),outputs/encode_atlas_v1/followup/exp5/summary_auc_delta.csv,ec213c25e26888c93578976f219428e27e14e75c2ab0e7c1ed00bfbee23e5662,discovery-campaign,"n_seeds_delta_positive=20.0/20.0; reference is LEGACY functional, not the candidate"
14,encode_exp5_base,encode_exp5_base/ewas_atlas_prostate_cancer,pooled_oof_auc_delta,functional_256,"functional_annotations_pca|campaign_full_svd256 (4,165 tracks + 23 dense cols)",cpgpt_large_svd256,cpgpt_large_locus|compact_svd256 (campaign fm/cpgpt_locus_large),0.161222875,0.1380938875,0.184724525,"95% percentile of 10,000-replicate seed-mixture bootstrap (draw 1 of 20 matching seeds, resample matched pairs within chromosome); includes matching-draw variability",0.000199980002,0.0008665800086658,BH within variant x comparison (not Holm),delta = functional_256 - comparator (AUC),outputs/encode_atlas_v1/followup/exp5/summary_auc_delta.csv,ec213c25e26888c93578976f219428e27e14e75c2ab0e7c1ed00bfbee23e5662,discovery-campaign,"n_seeds_delta_positive=20.0/20.0; reference is LEGACY functional, not the candidate"
15,encode_exp5_base,encode_exp5_base/ewas_atlas_prostate_cancer,pooled_oof_auc_delta,functional_256,"functional_annotations_pca|campaign_full_svd256 (4,165 tracks + 23 dense cols)",deepcpg_hcc_native128,deepcpg_dna_locus|native_128D,0.186246825,0.157889975,0.2132959312,"95% percentile of 10,000-replicate seed-mixture bootstrap (draw 1 of 20 matching seeds, resample matched pairs within chromosome); includes matching-draw variability",0.000199980002,0.0008665800086658,BH within variant x comparison (not Holm),delta = functional_256 - comparator (AUC),outputs/encode_atlas_v1/followup/exp5/summary_auc_delta.csv,ec213c25e26888c93578976f219428e27e14e75c2ab0e7c1ed00bfbee23e5662,discovery-campaign,"n_seeds_delta_positive=20.0/20.0; reference is LEGACY functional, not the candidate"
16,encode_exp5_base,encode_exp5_base/ewas_atlas_prostate_cancer,pooled_oof_auc_delta,functional_256,"functional_annotations_pca|campaign_full_svd256 (4,165 tracks + 23 dense cols)",deepcpg_hcc_pad256,deepcpg_dna_locus|pad256_std (campaign fm/deepcpg_dna_locus),0.1862591875,0.1578861312,0.2132901937,"95% percentile of 10,000-replicate seed-mixture bootstrap (draw 1 of 20 matching seeds, resample matched pairs within chromosome); includes matching-draw variability",0.000199980002,0.0008665800086658,BH within variant x comparison (not Holm),delta = functional_256 - comparator (AUC),outputs/encode_atlas_v1/followup/exp5/summary_auc_delta.csv,ec213c25e26888c93578976f219428e27e14e75c2ab0e7c1ed00bfbee23e5662,discovery-campaign,"n_seeds_delta_positive=20.0/20.0; reference is LEGACY functional, not the candidate"
17,encode_exp5_base,encode_exp5_base/ewas_catalog_age,pooled_oof_auc_delta,functional_256,"functional_annotations_pca|campaign_full_svd256 (4,165 tracks + 23 dense cols)",context_only_256,"other:context_only|campaign context_only_256 (18 dense context cols, SVD256)",-0.01298055625,-0.05508317812,0.0240818875,"95% percentile of 10,000-replicate seed-mixture bootstrap (draw 1 of 20 matching seeds, resample matched pairs within chromosome); includes matching-draw variability",0.52799998,0.6863999740025999,BH within variant x comparison (not Holm),delta = functional_256 - comparator (AUC),outputs/encode_atlas_v1/followup/exp5/summary_auc_delta.csv,ec213c25e26888c93578976f219428e27e14e75c2ab0e7c1ed00bfbee23e5662,discovery-campaign,"n_seeds_delta_positive=3.0/20.0; reference is LEGACY functional, not the candidate"
18,encode_exp5_base,encode_exp5_base/ewas_catalog_age,pooled_oof_auc_delta,functional_256,"functional_annotations_pca|campaign_full_svd256 (4,165 tracks + 23 dense cols)",cpgpt_large_native512,cpgpt_large_locus|native_512D,-0.0624287375,-0.09992375,-0.015286075,"95% percentile of 10,000-replicate seed-mixture bootstrap (draw 1 of 20 matching seeds, resample matched pairs within chromosome); includes matching-draw variability",0.006199980002,0.0134332900043328,BH within variant x comparison (not Holm),delta = functional_256 - comparator (AUC),outputs/encode_atlas_v1/followup/exp5/summary_auc_delta.csv,ec213c25e26888c93578976f219428e27e14e75c2ab0e7c1ed00bfbee23e5662,discovery-campaign,"n_seeds_delta_positive=0.0/20.0; reference is LEGACY functional, not the candidate"
19,encode_exp5_base,encode_exp5_base/ewas_catalog_age,pooled_oof_auc_delta,functional_256,"functional_annotations_pca|campaign_full_svd256 (4,165 tracks + 23 dense cols)",cpgpt_large_svd256,cpgpt_large_locus|compact_svd256 (campaign fm/cpgpt_locus_large),-0.0547944625,-0.0934261375,-0.011766575,"95% percentile of 10,000-replicate seed-mixture bootstrap (draw 1 of 20 matching seeds, resample matched pairs within chromosome); includes matching-draw variability",0.008199980002,0.0152285342894282,BH within variant x comparison (not Holm),delta = functional_256 - comparator (AUC),outputs/encode_atlas_v1/followup/exp5/summary_auc_delta.csv,ec213c25e26888c93578976f219428e27e14e75c2ab0e7c1ed00bfbee23e5662,discovery-campaign,"n_seeds_delta_positive=0.0/20.0; reference is LEGACY functional, not the candidate"
20,encode_exp5_base,encode_exp5_base/ewas_catalog_age,pooled_oof_auc_delta,functional_256,"functional_annotations_pca|campaign_full_svd256 (4,165 tracks + 23 dense cols)",deepcpg_hcc_native128,deepcpg_dna_locus|native_128D,-0.0202189,-0.05955606875,0.01189856875,"95% percentile of 10,000-replicate seed-mixture bootstrap (draw 1 of 20 matching seeds, resample matched pairs within chromosome); includes matching-draw variability",0.24659998,0.3561999711139997,BH within variant x comparison (not Holm),delta = functional_256 - comparator (AUC),outputs/encode_atlas_v1/followup/exp5/summary_auc_delta.csv,ec213c25e26888c93578976f219428e27e14e75c2ab0e7c1ed00bfbee23e5662,discovery-campaign,"n_seeds_delta_positive=2.0/20.0; reference is LEGACY functional, not the candidate"
21,encode_exp5_base,encode_exp5_base/ewas_catalog_age,pooled_oof_auc_delta,functional_256,"functional_annotations_pca|campaign_full_svd256 (4,165 tracks + 23 dense cols)",deepcpg_hcc_pad256,deepcpg_dna_locus|pad256_std (campaign fm/deepcpg_dna_locus),-0.0202134375,-0.05952111875,0.01196370625,"95% percentile of 10,000-replicate seed-mixture bootstrap (draw 1 of 20 matching seeds, resample matched pairs within chromosome); includes matching-draw variability",0.24839998,0.3587999711139997,BH within variant x comparison (not Holm),delta = functional_256 - comparator (AUC),outputs/encode_atlas_v1/followup/exp5/summary_auc_delta.csv,ec213c25e26888c93578976f219428e27e14e75c2ab0e7c1ed00bfbee23e5662,discovery-campaign,"n_seeds_delta_positive=2.0/20.0; reference is LEGACY functional, not the candidate"
22,encode_exp5_base,encode_exp5_base/ewas_catalog_bmi,pooled_oof_auc_delta,functional_256,"functional_annotations_pca|campaign_full_svd256 (4,165 tracks + 23 dense cols)",context_only_256,"other:context_only|campaign context_only_256 (18 dense context cols, SVD256)",0.0940595625,0.05110337812,0.1376470625,"95% percentile of 10,000-replicate seed-mixture bootstrap (draw 1 of 20 matching seeds, resample matched pairs within chromosome); includes matching-draw variability",0.000199980002,0.0006499350064993,BH within variant x comparison (not Holm),delta = functional_256 - comparator (AUC),outputs/encode_atlas_v1/followup/exp5/summary_auc_delta.csv,ec213c25e26888c93578976f219428e27e14e75c2ab0e7c1ed00bfbee23e5662,discovery-campaign,"n_seeds_delta_positive=20.0/20.0; reference is LEGACY functional, not the candidate"
23,encode_exp5_base,encode_exp5_base/ewas_catalog_bmi,pooled_oof_auc_delta,functional_256,"functional_annotations_pca|campaign_full_svd256 (4,165 tracks + 23 dense cols)",cpgpt_large_native512,cpgpt_large_locus|native_512D,0.0371194625,-0.0001990625,0.07348240625,"95% percentile of 10,000-replicate seed-mixture bootstrap (draw 1 of 20 matching seeds, resample matched pairs within chromosome); includes matching-draw variability",0.05139998,0.0835249675032496,BH within variant x comparison (not Holm),delta = functional_256 - comparator (AUC),outputs/encode_atlas_v1/followup/exp5/summary_auc_delta.csv,ec213c25e26888c93578976f219428e27e14e75c2ab0e7c1ed00bfbee23e5662,discovery-campaign,"n_seeds_delta_positive=20.0/20.0; reference is LEGACY functional, not the candidate"
24,encode_exp5_base,encode_exp5_base/ewas_catalog_bmi,pooled_oof_auc_delta,functional_256,"functional_annotations_pca|campaign_full_svd256 (4,165 tracks + 23 dense cols)",cpgpt_large_svd256,cpgpt_large_locus|compact_svd256 (campaign fm/cpgpt_locus_large),0.022524125,-0.016323925,0.05391115,"95% percentile of 10,000-replicate seed-mixture bootstrap (draw 1 of 20 matching seeds, resample matched pairs within chromosome); includes matching-draw variability",0.23639998,0.3073199740025997,BH within variant x comparison (not Holm),delta = functional_256 - comparator (AUC),outputs/encode_atlas_v1/followup/exp5/summary_auc_delta.csv,ec213c25e26888c93578976f219428e27e14e75c2ab0e7c1ed00bfbee23e5662,discovery-campaign,"n_seeds_delta_positive=18.0/20.0; reference is LEGACY functional, not the candidate"
25,encode_exp5_base,encode_exp5_base/ewas_catalog_bmi,pooled_oof_auc_delta,functional_256,"functional_annotations_pca|campaign_full_svd256 (4,165 tracks + 23 dense cols)",deepcpg_hcc_native128,deepcpg_dna_locus|native_128D,0.059514,0.02426235625,0.0942769,"95% percentile of 10,000-replicate seed-mixture bootstrap (draw 1 of 20 matching seeds, resample matched pairs within chromosome); includes matching-draw variability",0.000799980002,0.0020799480051994,BH within variant x comparison (not Holm),delta = functional_256 - comparator (AUC),outputs/encode_atlas_v1/followup/exp5/summary_auc_delta.csv,ec213c25e26888c93578976f219428e27e14e75c2ab0e7c1ed00bfbee23e5662,discovery-campaign,"n_seeds_delta_positive=20.0/20.0; reference is LEGACY functional, not the candidate"
26,encode_exp5_base,encode_exp5_base/ewas_catalog_bmi,pooled_oof_auc_delta,functional_256,"functional_annotations_pca|campaign_full_svd256 (4,165 tracks + 23 dense cols)",deepcpg_hcc_pad256,deepcpg_dna_locus|pad256_std (campaign fm/deepcpg_dna_locus),0.059521,0.02421279375,0.0942399375,"95% percentile of 10,000-replicate seed-mixture bootstrap (draw 1 of 20 matching seeds, resample matched pairs within chromosome); includes matching-draw variability",0.000799980002,0.0020799480051994,BH within variant x comparison (not Holm),delta = functional_256 - comparator (AUC),outputs/encode_atlas_v1/followup/exp5/summary_auc_delta.csv,ec213c25e26888c93578976f219428e27e14e75c2ab0e7c1ed00bfbee23e5662,discovery-campaign,"n_seeds_delta_positive=20.0/20.0; reference is LEGACY functional, not the candidate"
27,encode_exp5_base,encode_exp5_base/ewas_catalog_breast_cancer,pooled_oof_auc_delta,functional_256,"functional_annotations_pca|campaign_full_svd256 (4,165 tracks + 23 dense cols)",context_only_256,"other:context_only|campaign context_only_256 (18 dense context cols, SVD256)",0.06368877081,-0.0007143735814,0.1270062678,"95% percentile of 10,000-replicate seed-mixture bootstrap (draw 1 of 20 matching seeds, resample matched pairs within chromosome); includes matching-draw variability",0.05299998,0.0984285342894282,BH within variant x comparison (not Holm),delta = functional_256 - comparator (AUC),outputs/encode_atlas_v1/followup/exp5/summary_auc_delta.csv,ec213c25e26888c93578976f219428e27e14e75c2ab0e7c1ed00bfbee23e5662,discovery-campaign,"n_seeds_delta_positive=20.0/20.0; reference is LEGACY functional, not the candidate"
28,encode_exp5_base,encode_exp5_base/ewas_catalog_breast_cancer,pooled_oof_auc_delta,functional_256,"functional_annotations_pca|campaign_full_svd256 (4,165 tracks + 23 dense cols)",cpgpt_large_native512,cpgpt_large_locus|native_512D,-0.007149985715,-0.06880257853,0.05757666545,"95% percentile of 10,000-replicate seed-mixture bootstrap (draw 1 of 20 matching seeds, resample matched pairs within chromosome); includes matching-draw variability",0.82379998,0.8237999800019998,BH within variant x comparison (not Holm),delta = functional_256 - comparator (AUC),outputs/encode_atlas_v1/followup/exp5/summary_auc_delta.csv,ec213c25e26888c93578976f219428e27e14e75c2ab0e7c1ed00bfbee23e5662,discovery-campaign,"n_seeds_delta_positive=9.0/20.0; reference is LEGACY functional, not the candidate"
29,encode_exp5_base,encode_exp5_base/ewas_catalog_breast_cancer,pooled_oof_auc_delta,functional_256,"functional_annotations_pca|campaign_full_svd256 (4,165 tracks + 23 dense cols)",cpgpt_large_svd256,cpgpt_large_locus|compact_svd256 (campaign fm/cpgpt_locus_large),-0.02480526103,-0.09259009778,0.04352034095,"95% percentile of 10,000-replicate seed-mixture bootstrap (draw 1 of 20 matching seeds, resample matched pairs within chromosome); includes matching-draw variability",0.51299998,0.5129999800019999,BH within variant x comparison (not Holm),delta = functional_256 - comparator (AUC),outputs/encode_atlas_v1/followup/exp5/summary_auc_delta.csv,ec213c25e26888c93578976f219428e27e14e75c2ab0e7c1ed00bfbee23e5662,discovery-campaign,"n_seeds_delta_positive=6.0/20.0; reference is LEGACY functional, not the candidate"
30,encode_exp5_base,encode_exp5_base/ewas_catalog_breast_cancer,pooled_oof_auc_delta,functional_256,"functional_annotations_pca|campaign_full_svd256 (4,165 tracks + 23 dense cols)",deepcpg_hcc_native128,deepcpg_dna_locus|native_128D,-0.0593480659,-0.1167684838,-0.005950401581,"95% percentile of 10,000-replicate seed-mixture bootstrap (draw 1 of 20 matching seeds, resample matched pairs within chromosome); includes matching-draw variability",0.02719998,0.0505142485751424,BH within variant x comparison (not Holm),delta = functional_256 - comparator (AUC),outputs/encode_atlas_v1/followup/exp5/summary_auc_delta.csv,ec213c25e26888c93578976f219428e27e14e75c2ab0e7c1ed00bfbee23e5662,discovery-campaign,"n_seeds_delta_positive=0.0/20.0; reference is LEGACY functional, not the candidate"
31,encode_exp5_base,encode_exp5_base/ewas_catalog_breast_cancer,pooled_oof_auc_delta,functional_256,"functional_annotations_pca|campaign_full_svd256 (4,165 tracks + 23 dense cols)",deepcpg_hcc_pad256,deepcpg_dna_locus|pad256_std (campaign fm/deepcpg_dna_locus),-0.05932207425,-0.1166774139,-0.005872625038,"95% percentile of 10,000-replicate seed-mixture bootstrap (draw 1 of 20 matching seeds, resample matched pairs within chromosome); includes matching-draw variability",0.02719998,0.0505142485751424,BH within variant x comparison (not Holm),delta = functional_256 - comparator (AUC),outputs/encode_atlas_v1/followup/exp5/summary_auc_delta.csv,ec213c25e26888c93578976f219428e27e14e75c2ab0e7c1ed00bfbee23e5662,discovery-campaign,"n_seeds_delta_positive=0.0/20.0; reference is LEGACY functional, not the candidate"
32,encode_exp5_base,encode_exp5_base/ewas_catalog_lung_cancer,pooled_oof_auc_delta,functional_256,"functional_annotations_pca|campaign_full_svd256 (4,165 tracks + 23 dense cols)",context_only_256,"other:context_only|campaign context_only_256 (18 dense context cols, SVD256)",0.1049689227,0.008951722594,0.2106209432,"95% percentile of 10,000-replicate seed-mixture bootstrap (draw 1 of 20 matching seeds, resample matched pairs within chromosome); includes matching-draw variability",0.03039998,0.0658666233376662,BH within variant x comparison (not Holm),delta = functional_256 - comparator (AUC),outputs/encode_atlas_v1/followup/exp5/summary_auc_delta.csv,ec213c25e26888c93578976f219428e27e14e75c2ab0e7c1ed00bfbee23e5662,discovery-campaign,"n_seeds_delta_positive=20.0/20.0; reference is LEGACY functional, not the candidate"
33,encode_exp5_base,encode_exp5_base/ewas_catalog_lung_cancer,pooled_oof_auc_delta,functional_256,"functional_annotations_pca|campaign_full_svd256 (4,165 tracks + 23 dense cols)",cpgpt_large_native512,cpgpt_large_locus|native_512D,-0.03603588092,-0.1486394001,0.05836762452,"95% percentile of 10,000-replicate seed-mixture bootstrap (draw 1 of 20 matching seeds, resample matched pairs within chromosome); includes matching-draw variability",0.49559998,0.5368999783354997,BH within variant x comparison (not Holm),delta = functional_256 - comparator (AUC),outputs/encode_atlas_v1/followup/exp5/summary_auc_delta.csv,ec213c25e26888c93578976f219428e27e14e75c2ab0e7c1ed00bfbee23e5662,discovery-campaign,"n_seeds_delta_positive=3.0/20.0; reference is LEGACY functional, not the candidate"
34,encode_exp5_base,encode_exp5_base/ewas_catalog_lung_cancer,pooled_oof_auc_delta,functional_256,"functional_annotations_pca|campaign_full_svd256 (4,165 tracks + 23 dense cols)",cpgpt_large_svd256,cpgpt_large_locus|compact_svd256 (campaign fm/cpgpt_locus_large),0.04416246277,-0.06661429727,0.13250891,"95% percentile of 10,000-replicate seed-mixture bootstrap (draw 1 of 20 matching seeds, resample matched pairs within chromosome); includes matching-draw variability",0.35579998,0.3854499783354997,BH within variant x comparison (not Holm),delta = functional_256 - comparator (AUC),outputs/encode_atlas_v1/followup/exp5/summary_auc_delta.csv,ec213c25e26888c93578976f219428e27e14e75c2ab0e7c1ed00bfbee23e5662,discovery-campaign,"n_seeds_delta_positive=18.0/20.0; reference is LEGACY functional, not the candidate"
35,encode_exp5_base,encode_exp5_base/ewas_catalog_lung_cancer,pooled_oof_auc_delta,functional_256,"functional_annotations_pca|campaign_full_svd256 (4,165 tracks + 23 dense cols)",deepcpg_hcc_native128,deepcpg_dna_locus|native_128D,0.1078631566,0.02360109158,0.1837959057,"95% percentile of 10,000-replicate seed-mixture bootstrap (draw 1 of 20 matching seeds, resample matched pairs within chromosome); includes matching-draw variability",0.01079998,0.0233999566709995,BH within variant x comparison (not Holm),delta = functional_256 - comparator (AUC),outputs/encode_atlas_v1/followup/exp5/summary_auc_delta.csv,ec213c25e26888c93578976f219428e27e14e75c2ab0e7c1ed00bfbee23e5662,discovery-campaign,"n_seeds_delta_positive=20.0/20.0; reference is LEGACY functional, not the candidate"
36,encode_exp5_base,encode_exp5_base/ewas_catalog_lung_cancer,pooled_oof_auc_delta,functional_256,"functional_annotations_pca|campaign_full_svd256 (4,165 tracks + 23 dense cols)",deepcpg_hcc_pad256,deepcpg_dna_locus|pad256_std (campaign fm/deepcpg_dna_locus),0.1078554088,0.02353609614,0.183696906,"95% percentile of 10,000-replicate seed-mixture bootstrap (draw 1 of 20 matching seeds, resample matched pairs within chromosome); includes matching-draw variability",0.01079998,0.0233999566709995,BH within variant x comparison (not Holm),delta = functional_256 - comparator (AUC),outputs/encode_atlas_v1/followup/exp5/summary_auc_delta.csv,ec213c25e26888c93578976f219428e27e14e75c2ab0e7c1ed00bfbee23e5662,discovery-campaign,"n_seeds_delta_positive=20.0/20.0; reference is LEGACY functional, not the candidate"
37,encode_exp5_base,encode_exp5_base/ewas_catalog_rheumatoid_arthritis,pooled_oof_auc_delta,functional_256,"functional_annotations_pca|campaign_full_svd256 (4,165 tracks + 23 dense cols)",context_only_256,"other:context_only|campaign context_only_256 (18 dense context cols, SVD256)",-0.004123119836,-0.08944482205,0.07905978568,"95% percentile of 10,000-replicate seed-mixture bootstrap (draw 1 of 20 matching seeds, resample matched pairs within chromosome); includes matching-draw variability",0.91639998,0.9225999800019998,BH within variant x comparison (not Holm),delta = functional_256 - comparator (AUC),outputs/encode_atlas_v1/followup/exp5/summary_auc_delta.csv,ec213c25e26888c93578976f219428e27e14e75c2ab0e7c1ed00bfbee23e5662,discovery-campaign,"n_seeds_delta_positive=8.0/20.0; reference is LEGACY functional, not the candidate"
38,encode_exp5_base,encode_exp5_base/ewas_catalog_rheumatoid_arthritis,pooled_oof_auc_delta,functional_256,"functional_annotations_pca|campaign_full_svd256 (4,165 tracks + 23 dense cols)",cpgpt_large_native512,cpgpt_large_locus|native_512D,-0.07057234659,-0.1795271785,0.02192994845,"95% percentile of 10,000-replicate seed-mixture bootstrap (draw 1 of 20 matching seeds, resample matched pairs within chromosome); includes matching-draw variability",0.15299998,0.1808181581841816,BH within variant x comparison (not Holm),delta = functional_256 - comparator (AUC),outputs/encode_atlas_v1/followup/exp5/summary_auc_delta.csv,ec213c25e26888c93578976f219428e27e14e75c2ab0e7c1ed00bfbee23e5662,discovery-campaign,"n_seeds_delta_positive=0.0/20.0; reference is LEGACY functional, not the candidate"
39,encode_exp5_base,encode_exp5_base/ewas_catalog_rheumatoid_arthritis,pooled_oof_auc_delta,functional_256,"functional_annotations_pca|campaign_full_svd256 (4,165 tracks + 23 dense cols)",cpgpt_large_svd256,cpgpt_large_locus|compact_svd256 (campaign fm/cpgpt_locus_large),-0.05452122025,-0.1683616093,0.0432005155,"95% percentile of 10,000-replicate seed-mixture bootstrap (draw 1 of 20 matching seeds, resample matched pairs within chromosome); includes matching-draw variability",0.31299998,0.3699090672750907,BH within variant x comparison (not Holm),delta = functional_256 - comparator (AUC),outputs/encode_atlas_v1/followup/exp5/summary_auc_delta.csv,ec213c25e26888c93578976f219428e27e14e75c2ab0e7c1ed00bfbee23e5662,discovery-campaign,"n_seeds_delta_positive=1.0/20.0; reference is LEGACY functional, not the candidate"
40,encode_exp5_base,encode_exp5_base/ewas_catalog_rheumatoid_arthritis,pooled_oof_auc_delta,functional_256,"functional_annotations_pca|campaign_full_svd256 (4,165 tracks + 23 dense cols)",deepcpg_hcc_native128,deepcpg_dna_locus|native_128D,0.01290957559,-0.09807084599,0.1371023409,"95% percentile of 10,000-replicate seed-mixture bootstrap (draw 1 of 20 matching seeds, resample matched pairs within chromosome); includes matching-draw variability",0.88339998,0.8875999800019998,BH within variant x comparison (not Holm),delta = functional_256 - comparator (AUC),outputs/encode_atlas_v1/followup/exp5/summary_auc_delta.csv,ec213c25e26888c93578976f219428e27e14e75c2ab0e7c1ed00bfbee23e5662,discovery-campaign,"n_seeds_delta_positive=12.0/20.0; reference is LEGACY functional, not the candidate"
41,encode_exp5_base,encode_exp5_base/ewas_catalog_rheumatoid_arthritis,pooled_oof_auc_delta,functional_256,"functional_annotations_pca|campaign_full_svd256 (4,165 tracks + 23 dense cols)",deepcpg_hcc_pad256,deepcpg_dna_locus|pad256_std (campaign fm/deepcpg_dna_locus),0.01284602076,-0.09807217004,0.1368026622,"95% percentile of 10,000-replicate seed-mixture bootstrap (draw 1 of 20 matching seeds, resample matched pairs within chromosome); includes matching-draw variability",0.88259998,0.8875999800019998,BH within variant x comparison (not Holm),delta = functional_256 - comparator (AUC),outputs/encode_atlas_v1/followup/exp5/summary_auc_delta.csv,ec213c25e26888c93578976f219428e27e14e75c2ab0e7c1ed00bfbee23e5662,discovery-campaign,"n_seeds_delta_positive=12.0/20.0; reference is LEGACY functional, not the candidate"
42,encode_exp5_base,encode_exp5_base/ewas_catalog_sle,pooled_oof_auc_delta,functional_256,"functional_annotations_pca|campaign_full_svd256 (4,165 tracks + 23 dense cols)",context_only_256,"other:context_only|campaign context_only_256 (18 dense context cols, SVD256)",0.1060620568,-0.03343512241,0.2359104084,"95% percentile of 10,000-replicate seed-mixture bootstrap (draw 1 of 20 matching seeds, resample matched pairs within chromosome); includes matching-draw variability",0.11619998,0.1678444155584441,BH within variant x comparison (not Holm),delta = functional_256 - comparator (AUC),outputs/encode_atlas_v1/followup/exp5/summary_auc_delta.csv,ec213c25e26888c93578976f219428e27e14e75c2ab0e7c1ed00bfbee23e5662,discovery-campaign,"n_seeds_delta_positive=19.0/20.0; reference is LEGACY functional, not the candidate"
43,encode_exp5_base,encode_exp5_base/ewas_catalog_sle,pooled_oof_auc_delta,functional_256,"functional_annotations_pca|campaign_full_svd256 (4,165 tracks + 23 dense cols)",cpgpt_large_native512,cpgpt_large_locus|native_512D,0.09738626365,-0.0328166244,0.2112209513,"95% percentile of 10,000-replicate seed-mixture bootstrap (draw 1 of 20 matching seeds, resample matched pairs within chromosome); includes matching-draw variability",0.15119998,0.1808181581841816,BH within variant x comparison (not Holm),delta = functional_256 - comparator (AUC),outputs/encode_atlas_v1/followup/exp5/summary_auc_delta.csv,ec213c25e26888c93578976f219428e27e14e75c2ab0e7c1ed00bfbee23e5662,discovery-campaign,"n_seeds_delta_positive=19.0/20.0; reference is LEGACY functional, not the candidate"
44,encode_exp5_base,encode_exp5_base/ewas_catalog_sle,pooled_oof_auc_delta,functional_256,"functional_annotations_pca|campaign_full_svd256 (4,165 tracks + 23 dense cols)",cpgpt_large_svd256,cpgpt_large_locus|compact_svd256 (campaign fm/cpgpt_locus_large),0.08721857047,-0.03353993065,0.200819057,"95% percentile of 10,000-replicate seed-mixture bootstrap (draw 1 of 20 matching seeds, resample matched pairs within chromosome); includes matching-draw variability",0.16479998,0.2380444155584441,BH within variant x comparison (not Holm),delta = functional_256 - comparator (AUC),outputs/encode_atlas_v1/followup/exp5/summary_auc_delta.csv,ec213c25e26888c93578976f219428e27e14e75c2ab0e7c1ed00bfbee23e5662,discovery-campaign,"n_seeds_delta_positive=20.0/20.0; reference is LEGACY functional, not the candidate"
45,encode_exp5_base,encode_exp5_base/ewas_catalog_sle,pooled_oof_auc_delta,functional_256,"functional_annotations_pca|campaign_full_svd256 (4,165 tracks + 23 dense cols)",deepcpg_hcc_native128,deepcpg_dna_locus|native_128D,0.1155530252,-0.01055845971,0.2411896382,"95% percentile of 10,000-replicate seed-mixture bootstrap (draw 1 of 20 matching seeds, resample matched pairs within chromosome); includes matching-draw variability",0.07659998,0.1244749675032496,BH within variant x comparison (not Holm),delta = functional_256 - comparator (AUC),outputs/encode_atlas_v1/followup/exp5/summary_auc_delta.csv,ec213c25e26888c93578976f219428e27e14e75c2ab0e7c1ed00bfbee23e5662,discovery-campaign,"n_seeds_delta_positive=20.0/20.0; reference is LEGACY functional, not the candidate"
46,encode_exp5_base,encode_exp5_base/ewas_catalog_sle,pooled_oof_auc_delta,functional_256,"functional_annotations_pca|campaign_full_svd256 (4,165 tracks + 23 dense cols)",deepcpg_hcc_pad256,deepcpg_dna_locus|pad256_std (campaign fm/deepcpg_dna_locus),0.1156099581,-0.0104549454,0.2412918586,"95% percentile of 10,000-replicate seed-mixture bootstrap (draw 1 of 20 matching seeds, resample matched pairs within chromosome); includes matching-draw variability",0.07699998,0.1251249675032496,BH within variant x comparison (not Holm),delta = functional_256 - comparator (AUC),outputs/encode_atlas_v1/followup/exp5/summary_auc_delta.csv,ec213c25e26888c93578976f219428e27e14e75c2ab0e7c1ed00bfbee23e5662,discovery-campaign,"n_seeds_delta_positive=20.0/20.0; reference is LEGACY functional, not the candidate"
47,encode_exp5_base,encode_exp5_base/ewas_catalog_smoking,pooled_oof_auc_delta,functional_256,"functional_annotations_pca|campaign_full_svd256 (4,165 tracks + 23 dense cols)",context_only_256,"other:context_only|campaign context_only_256 (18 dense context cols, SVD256)",0.1982960187,0.1695806344,0.2294532031,"95% percentile of 10,000-replicate seed-mixture bootstrap (draw 1 of 20 matching seeds, resample matched pairs within chromosome); includes matching-draw variability",0.000199980002,0.0006499350064993,BH within variant x comparison (not Holm),delta = functional_256 - comparator (AUC),outputs/encode_atlas_v1/followup/exp5/summary_auc_delta.csv,ec213c25e26888c93578976f219428e27e14e75c2ab0e7c1ed00bfbee23e5662,discovery-campaign,"n_seeds_delta_positive=20.0/20.0; reference is LEGACY functional, not the candidate"
48,encode_exp5_base,encode_exp5_base/ewas_catalog_smoking,pooled_oof_auc_delta,functional_256,"functional_annotations_pca|campaign_full_svd256 (4,165 tracks + 23 dense cols)",cpgpt_large_native512,cpgpt_large_locus|native_512D,0.0624663625,0.0317341375,0.1005279438,"95% percentile of 10,000-replicate seed-mixture bootstrap (draw 1 of 20 matching seeds, resample matched pairs within chromosome); includes matching-draw variability",0.000199980002,0.0006499350064993,BH within variant x comparison (not Holm),delta = functional_256 - comparator (AUC),outputs/encode_atlas_v1/followup/exp5/summary_auc_delta.csv,ec213c25e26888c93578976f219428e27e14e75c2ab0e7c1ed00bfbee23e5662,discovery-campaign,"n_seeds_delta_positive=20.0/20.0; reference is LEGACY functional, not the candidate"
49,encode_exp5_base,encode_exp5_base/ewas_catalog_smoking,pooled_oof_auc_delta,functional_256,"functional_annotations_pca|campaign_full_svd256 (4,165 tracks + 23 dense cols)",cpgpt_large_svd256,cpgpt_large_locus|compact_svd256 (campaign fm/cpgpt_locus_large),0.0469043875,0.0158152,0.0784607875,"95% percentile of 10,000-replicate seed-mixture bootstrap (draw 1 of 20 matching seeds, resample matched pairs within chromosome); includes matching-draw variability",0.001799980002,0.0058499350064993,BH within variant x comparison (not Holm),delta = functional_256 - comparator (AUC),outputs/encode_atlas_v1/followup/exp5/summary_auc_delta.csv,ec213c25e26888c93578976f219428e27e14e75c2ab0e7c1ed00bfbee23e5662,discovery-campaign,"n_seeds_delta_positive=20.0/20.0; reference is LEGACY functional, not the candidate"
50,encode_exp5_base,encode_exp5_base/ewas_catalog_smoking,pooled_oof_auc_delta,functional_256,"functional_annotations_pca|campaign_full_svd256 (4,165 tracks + 23 dense cols)",deepcpg_hcc_native128,deepcpg_dna_locus|native_128D,0.1875063875,0.1609126188,0.2140425938,"95% percentile of 10,000-replicate seed-mixture bootstrap (draw 1 of 20 matching seeds, resample matched pairs within chromosome); includes matching-draw variability",0.000199980002,0.0008665800086658,BH within variant x comparison (not Holm),delta = functional_256 - comparator (AUC),outputs/encode_atlas_v1/followup/exp5/summary_auc_delta.csv,ec213c25e26888c93578976f219428e27e14e75c2ab0e7c1ed00bfbee23e5662,discovery-campaign,"n_seeds_delta_positive=20.0/20.0; reference is LEGACY functional, not the candidate"
51,encode_exp5_base,encode_exp5_base/ewas_catalog_smoking,pooled_oof_auc_delta,functional_256,"functional_annotations_pca|campaign_full_svd256 (4,165 tracks + 23 dense cols)",deepcpg_hcc_pad256,deepcpg_dna_locus|pad256_std (campaign fm/deepcpg_dna_locus),0.1875041,0.16091055,0.21407875,"95% percentile of 10,000-replicate seed-mixture bootstrap (draw 1 of 20 matching seeds, resample matched pairs within chromosome); includes matching-draw variability",0.000199980002,0.0008665800086658,BH within variant x comparison (not Holm),delta = functional_256 - comparator (AUC),outputs/encode_atlas_v1/followup/exp5/summary_auc_delta.csv,ec213c25e26888c93578976f219428e27e14e75c2ab0e7c1ed00bfbee23e5662,discovery-campaign,"n_seeds_delta_positive=20.0/20.0; reference is LEGACY functional, not the candidate"
52,encode_exp5_base,encode_exp5_base/ewas_catalog_type2_diabetes,pooled_oof_auc_delta,functional_256,"functional_annotations_pca|campaign_full_svd256 (4,165 tracks + 23 dense cols)",context_only_256,"other:context_only|campaign context_only_256 (18 dense context cols, SVD256)",0.1649897959,-0.02755612245,0.347755102,"95% percentile of 10,000-replicate seed-mixture bootstrap (draw 1 of 20 matching seeds, resample matched pairs within chromosome); includes matching-draw variability",0.11279998,0.1678444155584441,BH within variant x comparison (not Holm),delta = functional_256 - comparator (AUC),outputs/encode_atlas_v1/followup/exp5/summary_auc_delta.csv,ec213c25e26888c93578976f219428e27e14e75c2ab0e7c1ed00bfbee23e5662,discovery-campaign,"n_seeds_delta_positive=20.0/20.0; reference is LEGACY functional, not the candidate"
53,encode_exp5_base,encode_exp5_base/ewas_catalog_type2_diabetes,pooled_oof_auc_delta,functional_256,"functional_annotations_pca|campaign_full_svd256 (4,165 tracks + 23 dense cols)",cpgpt_large_native512,cpgpt_large_locus|native_512D,0.1511020408,-0.07551020408,0.3163316327,"95% percentile of 10,000-replicate seed-mixture bootstrap (draw 1 of 20 matching seeds, resample matched pairs within chromosome); includes matching-draw variability",0.13359998,0.1808181581841816,BH within variant x comparison (not Holm),delta = functional_256 - comparator (AUC),outputs/encode_atlas_v1/followup/exp5/summary_auc_delta.csv,ec213c25e26888c93578976f219428e27e14e75c2ab0e7c1ed00bfbee23e5662,discovery-campaign,"n_seeds_delta_positive=19.0/20.0; reference is LEGACY functional, not the candidate"
54,encode_exp5_base,encode_exp5_base/ewas_catalog_type2_diabetes,pooled_oof_auc_delta,functional_256,"functional_annotations_pca|campaign_full_svd256 (4,165 tracks + 23 dense cols)",cpgpt_large_svd256,cpgpt_large_locus|compact_svd256 (campaign fm/cpgpt_locus_large),0.1723163265,-0.04653571429,0.3444897959,"95% percentile of 10,000-replicate seed-mixture bootstrap (draw 1 of 20 matching seeds, resample matched pairs within chromosome); includes matching-draw variability",0.10639998,0.1728999675032496,BH within variant x comparison (not Holm),delta = functional_256 - comparator (AUC),outputs/encode_atlas_v1/followup/exp5/summary_auc_delta.csv,ec213c25e26888c93578976f219428e27e14e75c2ab0e7c1ed00bfbee23e5662,discovery-campaign,"n_seeds_delta_positive=19.0/20.0; reference is LEGACY functional, not the candidate"
55,encode_exp5_base,encode_exp5_base/ewas_catalog_type2_diabetes,pooled_oof_auc_delta,functional_256,"functional_annotations_pca|campaign_full_svd256 (4,165 tracks + 23 dense cols)",deepcpg_hcc_native128,deepcpg_dna_locus|native_128D,0.0942755102,-0.1085714286,0.2904132653,"95% percentile of 10,000-replicate seed-mixture bootstrap (draw 1 of 20 matching seeds, resample matched pairs within chromosome); includes matching-draw variability",0.33939998,0.4412199740025997,BH within variant x comparison (not Holm),delta = functional_256 - comparator (AUC),outputs/encode_atlas_v1/followup/exp5/summary_auc_delta.csv,ec213c25e26888c93578976f219428e27e14e75c2ab0e7c1ed00bfbee23e5662,discovery-campaign,"n_seeds_delta_positive=18.0/20.0; reference is LEGACY functional, not the candidate"
56,encode_exp5_base,encode_exp5_base/ewas_catalog_type2_diabetes,pooled_oof_auc_delta,functional_256,"functional_annotations_pca|campaign_full_svd256 (4,165 tracks + 23 dense cols)",deepcpg_hcc_pad256,deepcpg_dna_locus|pad256_std (campaign fm/deepcpg_dna_locus),0.09418367347,-0.1085765306,0.2906173469,"95% percentile of 10,000-replicate seed-mixture bootstrap (draw 1 of 20 matching seeds, resample matched pairs within chromosome); includes matching-draw variability",0.33899998,0.4406999740025997,BH within variant x comparison (not Holm),delta = functional_256 - comparator (AUC),outputs/encode_atlas_v1/followup/exp5/summary_auc_delta.csv,ec213c25e26888c93578976f219428e27e14e75c2ab0e7c1ed00bfbee23e5662,discovery-campaign,"n_seeds_delta_positive=18.0/20.0; reference is LEGACY functional, not the candidate"
57,encode_exp5_base,encode_exp5_base/hannum_clock,pooled_oof_auc_delta,functional_256,"functional_annotations_pca|campaign_full_svd256 (4,165 tracks + 23 dense cols)",context_only_256,"other:context_only|campaign context_only_256 (18 dense context cols, SVD256)",0.2625183105,0.1022888184,0.4316467285,"95% percentile of 10,000-replicate seed-mixture bootstrap (draw 1 of 20 matching seeds, resample matched pairs within chromosome); includes matching-draw variability",0.000799980002,0.0020799480051994,BH within variant x comparison (not Holm),delta = functional_256 - comparator (AUC),outputs/encode_atlas_v1/followup/exp5/summary_auc_delta.csv,ec213c25e26888c93578976f219428e27e14e75c2ab0e7c1ed00bfbee23e5662,discovery-campaign,"n_seeds_delta_positive=20.0/20.0; reference is LEGACY functional, not the candidate"
58,encode_exp5_base,encode_exp5_base/hannum_clock,pooled_oof_auc_delta,functional_256,"functional_annotations_pca|campaign_full_svd256 (4,165 tracks + 23 dense cols)",cpgpt_large_native512,cpgpt_large_locus|native_512D,0.1781860352,0.03319091797,0.3117675781,"95% percentile of 10,000-replicate seed-mixture bootstrap (draw 1 of 20 matching seeds, resample matched pairs within chromosome); includes matching-draw variability",0.01519998,0.0282285342894282,BH within variant x comparison (not Holm),delta = functional_256 - comparator (AUC),outputs/encode_atlas_v1/followup/exp5/summary_auc_delta.csv,ec213c25e26888c93578976f219428e27e14e75c2ab0e7c1ed00bfbee23e5662,discovery-campaign,"n_seeds_delta_positive=20.0/20.0; reference is LEGACY functional, not the candidate"
59,encode_exp5_base,encode_exp5_base/hannum_clock,pooled_oof_auc_delta,functional_256,"functional_annotations_pca|campaign_full_svd256 (4,165 tracks + 23 dense cols)",cpgpt_large_svd256,cpgpt_large_locus|compact_svd256 (campaign fm/cpgpt_locus_large),0.2480712891,0.08178710938,0.411138916,"95% percentile of 10,000-replicate seed-mixture bootstrap (draw 1 of 20 matching seeds, resample matched pairs within chromosome); includes matching-draw variability",0.003999980002,0.0103999480051994,BH within variant x comparison (not Holm),delta = functional_256 - comparator (AUC),outputs/encode_atlas_v1/followup/exp5/summary_auc_delta.csv,ec213c25e26888c93578976f219428e27e14e75c2ab0e7c1ed00bfbee23e5662,discovery-campaign,"n_seeds_delta_positive=20.0/20.0; reference is LEGACY functional, not the candidate"
60,encode_exp5_base,encode_exp5_base/hannum_clock,pooled_oof_auc_delta,functional_256,"functional_annotations_pca|campaign_full_svd256 (4,165 tracks + 23 dense cols)",deepcpg_hcc_native128,deepcpg_dna_locus|native_128D,0.2504760742,0.1035095215,0.4047851562,"95% percentile of 10,000-replicate seed-mixture bootstrap (draw 1 of 20 matching seeds, resample matched pairs within chromosome); includes matching-draw variability",0.000599980002,0.0019499350064993,BH within variant x comparison (not Holm),delta = functional_256 - comparator (AUC),outputs/encode_atlas_v1/followup/exp5/summary_auc_delta.csv,ec213c25e26888c93578976f219428e27e14e75c2ab0e7c1ed00bfbee23e5662,discovery-campaign,"n_seeds_delta_positive=20.0/20.0; reference is LEGACY functional, not the candidate"
61,encode_exp5_base,encode_exp5_base/hannum_clock,pooled_oof_auc_delta,functional_256,"functional_annotations_pca|campaign_full_svd256 (4,165 tracks + 23 dense cols)",deepcpg_hcc_pad256,deepcpg_dna_locus|pad256_std (campaign fm/deepcpg_dna_locus),0.2505493164,0.1040039062,0.4047851562,"95% percentile of 10,000-replicate seed-mixture bootstrap (draw 1 of 20 matching seeds, resample matched pairs within chromosome); includes matching-draw variability",0.000599980002,0.0019499350064993,BH within variant x comparison (not Holm),delta = functional_256 - comparator (AUC),outputs/encode_atlas_v1/followup/exp5/summary_auc_delta.csv,ec213c25e26888c93578976f219428e27e14e75c2ab0e7c1ed00bfbee23e5662,discovery-campaign,"n_seeds_delta_positive=20.0/20.0; reference is LEGACY functional, not the candidate"
62,encode_exp5_base,encode_exp5_base/horvath_clock,pooled_oof_auc_delta,functional_256,"functional_annotations_pca|campaign_full_svd256 (4,165 tracks + 23 dense cols)",context_only_256,"other:context_only|campaign context_only_256 (18 dense context cols, SVD256)",0.008464245876,-0.07649764231,0.08864567841,"95% percentile of 10,000-replicate seed-mixture bootstrap (draw 1 of 20 matching seeds, resample matched pairs within chromosome); includes matching-draw variability",0.82179998,0.9225999800019998,BH within variant x comparison (not Holm),delta = functional_256 - comparator (AUC),outputs/encode_atlas_v1/followup/exp5/summary_auc_delta.csv,ec213c25e26888c93578976f219428e27e14e75c2ab0e7c1ed00bfbee23e5662,discovery-campaign,"n_seeds_delta_positive=12.0/20.0; reference is LEGACY functional, not the candidate"
63,encode_exp5_base,encode_exp5_base/horvath_clock,pooled_oof_auc_delta,functional_256,"functional_annotations_pca|campaign_full_svd256 (4,165 tracks + 23 dense cols)",cpgpt_large_native512,cpgpt_large_locus|native_512D,-0.1610270754,-0.2416344139,-0.06817367496,"95% percentile of 10,000-replicate seed-mixture bootstrap (draw 1 of 20 matching seeds, resample matched pairs within chromosome); includes matching-draw variability",0.000399980002,0.0010399480051994,BH within variant x comparison (not Holm),delta = functional_256 - comparator (AUC),outputs/encode_atlas_v1/followup/exp5/summary_auc_delta.csv,ec213c25e26888c93578976f219428e27e14e75c2ab0e7c1ed00bfbee23e5662,discovery-campaign,"n_seeds_delta_positive=0.0/20.0; reference is LEGACY functional, not the candidate"
64,encode_exp5_base,encode_exp5_base/horvath_clock,pooled_oof_auc_delta,functional_256,"functional_annotations_pca|campaign_full_svd256 (4,165 tracks + 23 dense cols)",cpgpt_large_svd256,cpgpt_large_locus|compact_svd256 (campaign fm/cpgpt_locus_large),-0.1203801041,-0.203651467,-0.03094535898,"95% percentile of 10,000-replicate seed-mixture bootstrap (draw 1 of 20 matching seeds, resample matched pairs within chromosome); includes matching-draw variability",0.007799980002,0.0152285342894282,BH within variant x comparison (not Holm),delta = functional_256 - comparator (AUC),outputs/encode_atlas_v1/followup/exp5/summary_auc_delta.csv,ec213c25e26888c93578976f219428e27e14e75c2ab0e7c1ed00bfbee23e5662,discovery-campaign,"n_seeds_delta_positive=0.0/20.0; reference is LEGACY functional, not the candidate"
65,encode_exp5_base,encode_exp5_base/horvath_clock,pooled_oof_auc_delta,functional_256,"functional_annotations_pca|campaign_full_svd256 (4,165 tracks + 23 dense cols)",deepcpg_hcc_native128,deepcpg_dna_locus|native_128D,0.004513419416,-0.07921680638,0.08274067063,"95% percentile of 10,000-replicate seed-mixture bootstrap (draw 1 of 20 matching seeds, resample matched pairs within chromosome); includes matching-draw variability",0.88759998,0.8875999800019998,BH within variant x comparison (not Holm),delta = functional_256 - comparator (AUC),outputs/encode_atlas_v1/followup/exp5/summary_auc_delta.csv,ec213c25e26888c93578976f219428e27e14e75c2ab0e7c1ed00bfbee23e5662,discovery-campaign,"n_seeds_delta_positive=13.0/20.0; reference is LEGACY functional, not the candidate"
66,encode_exp5_base,encode_exp5_base/horvath_clock,pooled_oof_auc_delta,functional_256,"functional_annotations_pca|campaign_full_svd256 (4,165 tracks + 23 dense cols)",deepcpg_hcc_pad256,deepcpg_dna_locus|pad256_std (campaign fm/deepcpg_dna_locus),0.004533278123,-0.07918363812,0.08298425669,"95% percentile of 10,000-replicate seed-mixture bootstrap (draw 1 of 20 matching seeds, resample matched pairs within chromosome); includes matching-draw variability",0.88759998,0.8875999800019998,BH within variant x comparison (not Holm),delta = functional_256 - comparator (AUC),outputs/encode_atlas_v1/followup/exp5/summary_auc_delta.csv,ec213c25e26888c93578976f219428e27e14e75c2ab0e7c1ed00bfbee23e5662,discovery-campaign,"n_seeds_delta_positive=13.0/20.0; reference is LEGACY functional, not the candidate"
67,encode_exp5_base,encode_exp5_base/phenoage_clock,pooled_oof_auc_delta,functional_256,"functional_annotations_pca|campaign_full_svd256 (4,165 tracks + 23 dense cols)",context_only_256,"other:context_only|campaign context_only_256 (18 dense context cols, SVD256)",0.001909646619,-0.05523963323,0.05241624127,"95% percentile of 10,000-replicate seed-mixture bootstrap (draw 1 of 20 matching seeds, resample matched pairs within chromosome); includes matching-draw variability",0.92259998,0.9225999800019998,BH within variant x comparison (not Holm),delta = functional_256 - comparator (AUC),outputs/encode_atlas_v1/followup/exp5/summary_auc_delta.csv,ec213c25e26888c93578976f219428e27e14e75c2ab0e7c1ed00bfbee23e5662,discovery-campaign,"n_seeds_delta_positive=13.0/20.0; reference is LEGACY functional, not the candidate"
68,encode_exp5_base,encode_exp5_base/phenoage_clock,pooled_oof_auc_delta,functional_256,"functional_annotations_pca|campaign_full_svd256 (4,165 tracks + 23 dense cols)",cpgpt_large_native512,cpgpt_large_locus|native_512D,-0.1874260093,-0.2496170425,-0.1262837495,"95% percentile of 10,000-replicate seed-mixture bootstrap (draw 1 of 20 matching seeds, resample matched pairs within chromosome); includes matching-draw variability",0.000199980002,0.0006499350064993,BH within variant x comparison (not Holm),delta = functional_256 - comparator (AUC),outputs/encode_atlas_v1/followup/exp5/summary_auc_delta.csv,ec213c25e26888c93578976f219428e27e14e75c2ab0e7c1ed00bfbee23e5662,discovery-campaign,"n_seeds_delta_positive=0.0/20.0; reference is LEGACY functional, not the candidate"
69,encode_exp5_base,encode_exp5_base/phenoage_clock,pooled_oof_auc_delta,functional_256,"functional_annotations_pca|campaign_full_svd256 (4,165 tracks + 23 dense cols)",cpgpt_large_svd256,cpgpt_large_locus|compact_svd256 (campaign fm/cpgpt_locus_large),-0.1535328059,-0.2237265326,-0.09438446557,"95% percentile of 10,000-replicate seed-mixture bootstrap (draw 1 of 20 matching seeds, resample matched pairs within chromosome); includes matching-draw variability",0.000199980002,0.0008665800086658,BH within variant x comparison (not Holm),delta = functional_256 - comparator (AUC),outputs/encode_atlas_v1/followup/exp5/summary_auc_delta.csv,ec213c25e26888c93578976f219428e27e14e75c2ab0e7c1ed00bfbee23e5662,discovery-campaign,"n_seeds_delta_positive=0.0/20.0; reference is LEGACY functional, not the candidate"
70,encode_exp5_base,encode_exp5_base/phenoage_clock,pooled_oof_auc_delta,functional_256,"functional_annotations_pca|campaign_full_svd256 (4,165 tracks + 23 dense cols)",deepcpg_hcc_native128,deepcpg_dna_locus|native_128D,0.02053132208,-0.05017167062,0.09610157497,"95% percentile of 10,000-replicate seed-mixture bootstrap (draw 1 of 20 matching seeds, resample matched pairs within chromosome); includes matching-draw variability",0.61759998,0.7298908854569088,BH within variant x comparison (not Holm),delta = functional_256 - comparator (AUC),outputs/encode_atlas_v1/followup/exp5/summary_auc_delta.csv,ec213c25e26888c93578976f219428e27e14e75c2ab0e7c1ed00bfbee23e5662,discovery-campaign,"n_seeds_delta_positive=15.0/20.0; reference is LEGACY functional, not the candidate"
71,encode_exp5_base,encode_exp5_base/phenoage_clock,pooled_oof_auc_delta,functional_256,"functional_annotations_pca|campaign_full_svd256 (4,165 tracks + 23 dense cols)",deepcpg_hcc_pad256,deepcpg_dna_locus|pad256_std (campaign fm/deepcpg_dna_locus),0.02050692731,-0.05015292092,0.0961960291,"95% percentile of 10,000-replicate seed-mixture bootstrap (draw 1 of 20 matching seeds, resample matched pairs within chromosome); includes matching-draw variability",0.61859998,0.731072703638727,BH within variant x comparison (not Holm),delta = functional_256 - comparator (AUC),outputs/encode_atlas_v1/followup/exp5/summary_auc_delta.csv,ec213c25e26888c93578976f219428e27e14e75c2ab0e7c1ed00bfbee23e5662,discovery-campaign,"n_seeds_delta_positive=15.0/20.0; reference is LEGACY functional, not the candidate"
72,encode_exp5_probe,encode_exp5_probe/ewas_atlas_colorectal_cancer,pooled_oof_auc_delta,functional_256,"functional_annotations_pca|campaign_full_svd256 (4,165 tracks + 23 dense cols)",context_only_256,"other:context_only|campaign context_only_256 (18 dense context cols, SVD256)",0.241370175,0.2119166188,0.2727323687,"95% percentile of 10,000-replicate seed-mixture bootstrap (draw 1 of 20 matching seeds, resample matched pairs within chromosome); includes matching-draw variability",0.000199980002,0.0006499350064993,BH within variant x comparison (not Holm),delta = functional_256 - comparator (AUC),outputs/encode_atlas_v1/followup/exp5/summary_auc_delta.csv,ec213c25e26888c93578976f219428e27e14e75c2ab0e7c1ed00bfbee23e5662,discovery-campaign,"n_seeds_delta_positive=20.0/20.0; reference is LEGACY functional, not the candidate"
73,encode_exp5_probe,encode_exp5_probe/ewas_atlas_colorectal_cancer,pooled_oof_auc_delta,functional_256,"functional_annotations_pca|campaign_full_svd256 (4,165 tracks + 23 dense cols)",cpgpt_large_native512,cpgpt_large_locus|native_512D,0.1442554875,0.1094381375,0.1733173125,"95% percentile of 10,000-replicate seed-mixture bootstrap (draw 1 of 20 matching seeds, resample matched pairs within chromosome); includes matching-draw variability",0.000199980002,0.0004332900043329,BH within variant x comparison (not Holm),delta = functional_256 - comparator (AUC),outputs/encode_atlas_v1/followup/exp5/summary_auc_delta.csv,ec213c25e26888c93578976f219428e27e14e75c2ab0e7c1ed00bfbee23e5662,discovery-campaign,"n_seeds_delta_positive=20.0/20.0; reference is LEGACY functional, not the candidate"
74,encode_exp5_probe,encode_exp5_probe/ewas_atlas_colorectal_cancer,pooled_oof_auc_delta,functional_256,"functional_annotations_pca|campaign_full_svd256 (4,165 tracks + 23 dense cols)",cpgpt_large_svd256,cpgpt_large_locus|compact_svd256 (campaign fm/cpgpt_locus_large),0.1322547625,0.09314205625,0.1621047687,"95% percentile of 10,000-replicate seed-mixture bootstrap (draw 1 of 20 matching seeds, resample matched pairs within chromosome); includes matching-draw variability",0.000199980002,0.0006499350064993,BH within variant x comparison (not Holm),delta = functional_256 - comparator (AUC),outputs/encode_atlas_v1/followup/exp5/summary_auc_delta.csv,ec213c25e26888c93578976f219428e27e14e75c2ab0e7c1ed00bfbee23e5662,discovery-campaign,"n_seeds_delta_positive=20.0/20.0; reference is LEGACY functional, not the candidate"
75,encode_exp5_probe,encode_exp5_probe/ewas_atlas_colorectal_cancer,pooled_oof_auc_delta,functional_256,"functional_annotations_pca|campaign_full_svd256 (4,165 tracks + 23 dense cols)",deepcpg_hcc_native128,deepcpg_dna_locus|native_128D,0.1983258125,0.1617433562,0.2326851312,"95% percentile of 10,000-replicate seed-mixture bootstrap (draw 1 of 20 matching seeds, resample matched pairs within chromosome); includes matching-draw variability",0.000199980002,0.0006499350064993,BH within variant x comparison (not Holm),delta = functional_256 - comparator (AUC),outputs/encode_atlas_v1/followup/exp5/summary_auc_delta.csv,ec213c25e26888c93578976f219428e27e14e75c2ab0e7c1ed00bfbee23e5662,discovery-campaign,"n_seeds_delta_positive=20.0/20.0; reference is LEGACY functional, not the candidate"
76,encode_exp5_probe,encode_exp5_probe/ewas_atlas_colorectal_cancer,pooled_oof_auc_delta,functional_256,"functional_annotations_pca|campaign_full_svd256 (4,165 tracks + 23 dense cols)",deepcpg_hcc_pad256,deepcpg_dna_locus|pad256_std (campaign fm/deepcpg_dna_locus),0.198310625,0.1616280687,0.232694275,"95% percentile of 10,000-replicate seed-mixture bootstrap (draw 1 of 20 matching seeds, resample matched pairs within chromosome); includes matching-draw variability",0.000199980002,0.0006499350064993,BH within variant x comparison (not Holm),delta = functional_256 - comparator (AUC),outputs/encode_atlas_v1/followup/exp5/summary_auc_delta.csv,ec213c25e26888c93578976f219428e27e14e75c2ab0e7c1ed00bfbee23e5662,discovery-campaign,"n_seeds_delta_positive=20.0/20.0; reference is LEGACY functional, not the candidate"
77,encode_exp5_probe,encode_exp5_probe/ewas_atlas_prostate_cancer,pooled_oof_auc_delta,functional_256,"functional_annotations_pca|campaign_full_svd256 (4,165 tracks + 23 dense cols)",context_only_256,"other:context_only|campaign context_only_256 (18 dense context cols, SVD256)",0.2473683125,0.2158416281,0.2776981063,"95% percentile of 10,000-replicate seed-mixture bootstrap (draw 1 of 20 matching seeds, resample matched pairs within chromosome); includes matching-draw variability",0.000199980002,0.0006499350064993,BH within variant x comparison (not Holm),delta = functional_256 - comparator (AUC),outputs/encode_atlas_v1/followup/exp5/summary_auc_delta.csv,ec213c25e26888c93578976f219428e27e14e75c2ab0e7c1ed00bfbee23e5662,discovery-campaign,"n_seeds_delta_positive=20.0/20.0; reference is LEGACY functional, not the candidate"
78,encode_exp5_probe,encode_exp5_probe/ewas_atlas_prostate_cancer,pooled_oof_auc_delta,functional_256,"functional_annotations_pca|campaign_full_svd256 (4,165 tracks + 23 dense cols)",cpgpt_large_native512,cpgpt_large_locus|native_512D,0.1671889,0.1307367875,0.1967081563,"95% percentile of 10,000-replicate seed-mixture bootstrap (draw 1 of 20 matching seeds, resample matched pairs within chromosome); includes matching-draw variability",0.000199980002,0.0004332900043329,BH within variant x comparison (not Holm),delta = functional_256 - comparator (AUC),outputs/encode_atlas_v1/followup/exp5/summary_auc_delta.csv,ec213c25e26888c93578976f219428e27e14e75c2ab0e7c1ed00bfbee23e5662,discovery-campaign,"n_seeds_delta_positive=20.0/20.0; reference is LEGACY functional, not the candidate"
79,encode_exp5_probe,encode_exp5_probe/ewas_atlas_prostate_cancer,pooled_oof_auc_delta,functional_256,"functional_annotations_pca|campaign_full_svd256 (4,165 tracks + 23 dense cols)",cpgpt_large_svd256,cpgpt_large_locus|compact_svd256 (campaign fm/cpgpt_locus_large),0.153509225,0.1187177,0.1817037625,"95% percentile of 10,000-replicate seed-mixture bootstrap (draw 1 of 20 matching seeds, resample matched pairs within chromosome); includes matching-draw variability",0.000199980002,0.0006499350064993,BH within variant x comparison (not Holm),delta = functional_256 - comparator (AUC),outputs/encode_atlas_v1/followup/exp5/summary_auc_delta.csv,ec213c25e26888c93578976f219428e27e14e75c2ab0e7c1ed00bfbee23e5662,discovery-campaign,"n_seeds_delta_positive=20.0/20.0; reference is LEGACY functional, not the candidate"
80,encode_exp5_probe,encode_exp5_probe/ewas_atlas_prostate_cancer,pooled_oof_auc_delta,functional_256,"functional_annotations_pca|campaign_full_svd256 (4,165 tracks + 23 dense cols)",deepcpg_hcc_native128,deepcpg_dna_locus|native_128D,0.186156525,0.1557536,0.2200801,"95% percentile of 10,000-replicate seed-mixture bootstrap (draw 1 of 20 matching seeds, resample matched pairs within chromosome); includes matching-draw variability",0.000199980002,0.0006499350064993,BH within variant x comparison (not Holm),delta = functional_256 - comparator (AUC),outputs/encode_atlas_v1/followup/exp5/summary_auc_delta.csv,ec213c25e26888c93578976f219428e27e14e75c2ab0e7c1ed00bfbee23e5662,discovery-campaign,"n_seeds_delta_positive=20.0/20.0; reference is LEGACY functional, not the candidate"
81,encode_exp5_probe,encode_exp5_probe/ewas_atlas_prostate_cancer,pooled_oof_auc_delta,functional_256,"functional_annotations_pca|campaign_full_svd256 (4,165 tracks + 23 dense cols)",deepcpg_hcc_pad256,deepcpg_dna_locus|pad256_std (campaign fm/deepcpg_dna_locus),0.1861475125,0.1557246938,0.2201500437,"95% percentile of 10,000-replicate seed-mixture bootstrap (draw 1 of 20 matching seeds, resample matched pairs within chromosome); includes matching-draw variability",0.000199980002,0.0006499350064993,BH within variant x comparison (not Holm),delta = functional_256 - comparator (AUC),outputs/encode_atlas_v1/followup/exp5/summary_auc_delta.csv,ec213c25e26888c93578976f219428e27e14e75c2ab0e7c1ed00bfbee23e5662,discovery-campaign,"n_seeds_delta_positive=20.0/20.0; reference is LEGACY functional, not the candidate"
82,encode_exp5_probe,encode_exp5_probe/ewas_catalog_age,pooled_oof_auc_delta,functional_256,"functional_annotations_pca|campaign_full_svd256 (4,165 tracks + 23 dense cols)",context_only_256,"other:context_only|campaign context_only_256 (18 dense context cols, SVD256)",-0.0160905212,-0.04665531397,0.01746377884,"95% percentile of 10,000-replicate seed-mixture bootstrap (draw 1 of 20 matching seeds, resample matched pairs within chromosome); includes matching-draw variability",0.35119998,0.4565599740025997,BH within variant x comparison (not Holm),delta = functional_256 - comparator (AUC),outputs/encode_atlas_v1/followup/exp5/summary_auc_delta.csv,ec213c25e26888c93578976f219428e27e14e75c2ab0e7c1ed00bfbee23e5662,discovery-campaign,"n_seeds_delta_positive=2.0/20.0; reference is LEGACY functional, not the candidate"
83,encode_exp5_probe,encode_exp5_probe/ewas_catalog_age,pooled_oof_auc_delta,functional_256,"functional_annotations_pca|campaign_full_svd256 (4,165 tracks + 23 dense cols)",cpgpt_large_native512,cpgpt_large_locus|native_512D,-0.07645923576,-0.1127607462,-0.03736094703,"95% percentile of 10,000-replicate seed-mixture bootstrap (draw 1 of 20 matching seeds, resample matched pairs within chromosome); includes matching-draw variability",0.000199980002,0.0004332900043329,BH within variant x comparison (not Holm),delta = functional_256 - comparator (AUC),outputs/encode_atlas_v1/followup/exp5/summary_auc_delta.csv,ec213c25e26888c93578976f219428e27e14e75c2ab0e7c1ed00bfbee23e5662,discovery-campaign,"n_seeds_delta_positive=0.0/20.0; reference is LEGACY functional, not the candidate"
84,encode_exp5_probe,encode_exp5_probe/ewas_catalog_age,pooled_oof_auc_delta,functional_256,"functional_annotations_pca|campaign_full_svd256 (4,165 tracks + 23 dense cols)",cpgpt_large_svd256,cpgpt_large_locus|compact_svd256 (campaign fm/cpgpt_locus_large),-0.06281136617,-0.09817239036,-0.02975707815,"95% percentile of 10,000-replicate seed-mixture bootstrap (draw 1 of 20 matching seeds, resample matched pairs within chromosome); includes matching-draw variability",0.000199980002,0.0006499350064993,BH within variant x comparison (not Holm),delta = functional_256 - comparator (AUC),outputs/encode_atlas_v1/followup/exp5/summary_auc_delta.csv,ec213c25e26888c93578976f219428e27e14e75c2ab0e7c1ed00bfbee23e5662,discovery-campaign,"n_seeds_delta_positive=0.0/20.0; reference is LEGACY functional, not the candidate"
85,encode_exp5_probe,encode_exp5_probe/ewas_catalog_age,pooled_oof_auc_delta,functional_256,"functional_annotations_pca|campaign_full_svd256 (4,165 tracks + 23 dense cols)",deepcpg_hcc_native128,deepcpg_dna_locus|native_128D,-0.01913461885,-0.05201063802,0.01982520559,"95% percentile of 10,000-replicate seed-mixture bootstrap (draw 1 of 20 matching seeds, resample matched pairs within chromosome); includes matching-draw variability",0.30299998,0.3938999740025997,BH within variant x comparison (not Holm),delta = functional_256 - comparator (AUC),outputs/encode_atlas_v1/followup/exp5/summary_auc_delta.csv,ec213c25e26888c93578976f219428e27e14e75c2ab0e7c1ed00bfbee23e5662,discovery-campaign,"n_seeds_delta_positive=2.0/20.0; reference is LEGACY functional, not the candidate"
86,encode_exp5_probe,encode_exp5_probe/ewas_catalog_age,pooled_oof_auc_delta,functional_256,"functional_annotations_pca|campaign_full_svd256 (4,165 tracks + 23 dense cols)",deepcpg_hcc_pad256,deepcpg_dna_locus|pad256_std (campaign fm/deepcpg_dna_locus),-0.01912492447,-0.0520152848,0.01985713191,"95% percentile of 10,000-replicate seed-mixture bootstrap (draw 1 of 20 matching seeds, resample matched pairs within chromosome); includes matching-draw variability",0.30299998,0.3938999740025997,BH within variant x comparison (not Holm),delta = functional_256 - comparator (AUC),outputs/encode_atlas_v1/followup/exp5/summary_auc_delta.csv,ec213c25e26888c93578976f219428e27e14e75c2ab0e7c1ed00bfbee23e5662,discovery-campaign,"n_seeds_delta_positive=2.0/20.0; reference is LEGACY functional, not the candidate"
87,encode_exp5_probe,encode_exp5_probe/ewas_catalog_bmi,pooled_oof_auc_delta,functional_256,"functional_annotations_pca|campaign_full_svd256 (4,165 tracks + 23 dense cols)",context_only_256,"other:context_only|campaign context_only_256 (18 dense context cols, SVD256)",0.09731011875,0.06295841562,0.1278361688,"95% percentile of 10,000-replicate seed-mixture bootstrap (draw 1 of 20 matching seeds, resample matched pairs within chromosome); includes matching-draw variability",0.000199980002,0.0006499350064993,BH within variant x comparison (not Holm),delta = functional_256 - comparator (AUC),outputs/encode_atlas_v1/followup/exp5/summary_auc_delta.csv,ec213c25e26888c93578976f219428e27e14e75c2ab0e7c1ed00bfbee23e5662,discovery-campaign,"n_seeds_delta_positive=20.0/20.0; reference is LEGACY functional, not the candidate"
88,encode_exp5_probe,encode_exp5_probe/ewas_catalog_bmi,pooled_oof_auc_delta,functional_256,"functional_annotations_pca|campaign_full_svd256 (4,165 tracks + 23 dense cols)",cpgpt_large_native512,cpgpt_large_locus|native_512D,0.0423267875,0.0011136875,0.07984300625,"95% percentile of 10,000-replicate seed-mixture bootstrap (draw 1 of 20 matching seeds, resample matched pairs within chromosome); includes matching-draw variability",0.04439998,0.0721499675032496,BH within variant x comparison (not Holm),delta = functional_256 - comparator (AUC),outputs/encode_atlas_v1/followup/exp5/summary_auc_delta.csv,ec213c25e26888c93578976f219428e27e14e75c2ab0e7c1ed00bfbee23e5662,discovery-campaign,"n_seeds_delta_positive=20.0/20.0; reference is LEGACY functional, not the candidate"
89,encode_exp5_probe,encode_exp5_probe/ewas_catalog_bmi,pooled_oof_auc_delta,functional_256,"functional_annotations_pca|campaign_full_svd256 (4,165 tracks + 23 dense cols)",cpgpt_large_svd256,cpgpt_large_locus|compact_svd256 (campaign fm/cpgpt_locus_large),0.027709475,-0.01465441875,0.06473438125,"95% percentile of 10,000-replicate seed-mixture bootstrap (draw 1 of 20 matching seeds, resample matched pairs within chromosome); includes matching-draw variability",0.25659998,0.3335799740025997,BH within variant x comparison (not Holm),delta = functional_256 - comparator (AUC),outputs/encode_atlas_v1/followup/exp5/summary_auc_delta.csv,ec213c25e26888c93578976f219428e27e14e75c2ab0e7c1ed00bfbee23e5662,discovery-campaign,"n_seeds_delta_positive=17.0/20.0; reference is LEGACY functional, not the candidate"
90,encode_exp5_probe,encode_exp5_probe/ewas_catalog_bmi,pooled_oof_auc_delta,functional_256,"functional_annotations_pca|campaign_full_svd256 (4,165 tracks + 23 dense cols)",deepcpg_hcc_native128,deepcpg_dna_locus|native_128D,0.0665995625,0.03097435,0.099137875,"95% percentile of 10,000-replicate seed-mixture bootstrap (draw 1 of 20 matching seeds, resample matched pairs within chromosome); includes matching-draw variability",0.000199980002,0.0006499350064993,BH within variant x comparison (not Holm),delta = functional_256 - comparator (AUC),outputs/encode_atlas_v1/followup/exp5/summary_auc_delta.csv,ec213c25e26888c93578976f219428e27e14e75c2ab0e7c1ed00bfbee23e5662,discovery-campaign,"n_seeds_delta_positive=20.0/20.0; reference is LEGACY functional, not the candidate"
91,encode_exp5_probe,encode_exp5_probe/ewas_catalog_bmi,pooled_oof_auc_delta,functional_256,"functional_annotations_pca|campaign_full_svd256 (4,165 tracks + 23 dense cols)",deepcpg_hcc_pad256,deepcpg_dna_locus|pad256_std (campaign fm/deepcpg_dna_locus),0.0666222875,0.03107969375,0.09913525625,"95% percentile of 10,000-replicate seed-mixture bootstrap (draw 1 of 20 matching seeds, resample matched pairs within chromosome); includes matching-draw variability",0.000199980002,0.0006499350064993,BH within variant x comparison (not Holm),delta = functional_256 - comparator (AUC),outputs/encode_atlas_v1/followup/exp5/summary_auc_delta.csv,ec213c25e26888c93578976f219428e27e14e75c2ab0e7c1ed00bfbee23e5662,discovery-campaign,"n_seeds_delta_positive=20.0/20.0; reference is LEGACY functional, not the candidate"
92,encode_exp5_probe,encode_exp5_probe/ewas_catalog_breast_cancer,pooled_oof_auc_delta,functional_256,"functional_annotations_pca|campaign_full_svd256 (4,165 tracks + 23 dense cols)",context_only_256,"other:context_only|campaign context_only_256 (18 dense context cols, SVD256)",0.0701452661,0.008454079698,0.1290144307,"95% percentile of 10,000-replicate seed-mixture bootstrap (draw 1 of 20 matching seeds, resample matched pairs within chromosome); includes matching-draw variability",0.02379998,0.0515666233376662,BH within variant x comparison (not Holm),delta = functional_256 - comparator (AUC),outputs/encode_atlas_v1/followup/exp5/summary_auc_delta.csv,ec213c25e26888c93578976f219428e27e14e75c2ab0e7c1ed00bfbee23e5662,discovery-campaign,"n_seeds_delta_positive=20.0/20.0; reference is LEGACY functional, not the candidate"
93,encode_exp5_probe,encode_exp5_probe/ewas_catalog_breast_cancer,pooled_oof_auc_delta,functional_256,"functional_annotations_pca|campaign_full_svd256 (4,165 tracks + 23 dense cols)",cpgpt_large_native512,cpgpt_large_locus|native_512D,0.009465178412,-0.06170714911,0.07661506662,"95% percentile of 10,000-replicate seed-mixture bootstrap (draw 1 of 20 matching seeds, resample matched pairs within chromosome); includes matching-draw variability",0.74059998,0.7405999800019998,BH within variant x comparison (not Holm),delta = functional_256 - comparator (AUC),outputs/encode_atlas_v1/followup/exp5/summary_auc_delta.csv,ec213c25e26888c93578976f219428e27e14e75c2ab0e7c1ed00bfbee23e5662,discovery-campaign,"n_seeds_delta_positive=14.0/20.0; reference is LEGACY functional, not the candidate"
94,encode_exp5_probe,encode_exp5_probe/ewas_catalog_breast_cancer,pooled_oof_auc_delta,functional_256,"functional_annotations_pca|campaign_full_svd256 (4,165 tracks + 23 dense cols)",cpgpt_large_svd256,cpgpt_large_locus|compact_svd256 (campaign fm/cpgpt_locus_large),-0.008673362651,-0.07583725228,0.0529170898,"95% percentile of 10,000-replicate seed-mixture bootstrap (draw 1 of 20 matching seeds, resample matched pairs within chromosome); includes matching-draw variability",0.83639998,0.8363999800019999,BH within variant x comparison (not Holm),delta = functional_256 - comparator (AUC),outputs/encode_atlas_v1/followup/exp5/summary_auc_delta.csv,ec213c25e26888c93578976f219428e27e14e75c2ab0e7c1ed00bfbee23e5662,discovery-campaign,"n_seeds_delta_positive=7.0/20.0; reference is LEGACY functional, not the candidate"
95,encode_exp5_probe,encode_exp5_probe/ewas_catalog_breast_cancer,pooled_oof_auc_delta,functional_256,"functional_annotations_pca|campaign_full_svd256 (4,165 tracks + 23 dense cols)",deepcpg_hcc_native128,deepcpg_dna_locus|native_128D,-0.06480860003,-0.1255584224,-0.009523145384,"95% percentile of 10,000-replicate seed-mixture bootstrap (draw 1 of 20 matching seeds, resample matched pairs within chromosome); includes matching-draw variability",0.01899998,0.0411666233376662,BH within variant x comparison (not Holm),delta = functional_256 - comparator (AUC),outputs/encode_atlas_v1/followup/exp5/summary_auc_delta.csv,ec213c25e26888c93578976f219428e27e14e75c2ab0e7c1ed00bfbee23e5662,discovery-campaign,"n_seeds_delta_positive=0.0/20.0; reference is LEGACY functional, not the candidate"
96,encode_exp5_probe,encode_exp5_probe/ewas_catalog_breast_cancer,pooled_oof_auc_delta,functional_256,"functional_annotations_pca|campaign_full_svd256 (4,165 tracks + 23 dense cols)",deepcpg_hcc_pad256,deepcpg_dna_locus|pad256_std (campaign fm/deepcpg_dna_locus),-0.06479356349,-0.1255636525,-0.009535566878,"95% percentile of 10,000-replicate seed-mixture bootstrap (draw 1 of 20 matching seeds, resample matched pairs within chromosome); includes matching-draw variability",0.01899998,0.0411666233376662,BH within variant x comparison (not Holm),delta = functional_256 - comparator (AUC),outputs/encode_atlas_v1/followup/exp5/summary_auc_delta.csv,ec213c25e26888c93578976f219428e27e14e75c2ab0e7c1ed00bfbee23e5662,discovery-campaign,"n_seeds_delta_positive=0.0/20.0; reference is LEGACY functional, not the candidate"
97,encode_exp5_probe,encode_exp5_probe/ewas_catalog_lung_cancer,pooled_oof_auc_delta,functional_256,"functional_annotations_pca|campaign_full_svd256 (4,165 tracks + 23 dense cols)",context_only_256,"other:context_only|campaign context_only_256 (18 dense context cols, SVD256)",0.06658261657,-0.03715753735,0.1645296514,"95% percentile of 10,000-replicate seed-mixture bootstrap (draw 1 of 20 matching seeds, resample matched pairs within chromosome); includes matching-draw variability",0.22519998,0.3252888600028886,BH within variant x comparison (not Holm),delta = functional_256 - comparator (AUC),outputs/encode_atlas_v1/followup/exp5/summary_auc_delta.csv,ec213c25e26888c93578976f219428e27e14e75c2ab0e7c1ed00bfbee23e5662,discovery-campaign,"n_seeds_delta_positive=19.0/20.0; reference is LEGACY functional, not the candidate"
98,encode_exp5_probe,encode_exp5_probe/ewas_catalog_lung_cancer,pooled_oof_auc_delta,functional_256,"functional_annotations_pca|campaign_full_svd256 (4,165 tracks + 23 dense cols)",cpgpt_large_native512,cpgpt_large_locus|native_512D,-0.05196287913,-0.1588411046,0.05229696695,"95% percentile of 10,000-replicate seed-mixture bootstrap (draw 1 of 20 matching seeds, resample matched pairs within chromosome); includes matching-draw variability",0.33379998,0.3944908854569088,BH within variant x comparison (not Holm),delta = functional_256 - comparator (AUC),outputs/encode_atlas_v1/followup/exp5/summary_auc_delta.csv,ec213c25e26888c93578976f219428e27e14e75c2ab0e7c1ed00bfbee23e5662,discovery-campaign,"n_seeds_delta_positive=2.0/20.0; reference is LEGACY functional, not the candidate"
99,encode_exp5_probe,encode_exp5_probe/ewas_catalog_lung_cancer,pooled_oof_auc_delta,functional_256,"functional_annotations_pca|campaign_full_svd256 (4,165 tracks + 23 dense cols)",cpgpt_large_svd256,cpgpt_large_locus|compact_svd256 (campaign fm/cpgpt_locus_large),0.02043911272,-0.08106835672,0.1162553191,"95% percentile of 10,000-replicate seed-mixture bootstrap (draw 1 of 20 matching seeds, resample matched pairs within chromosome); includes matching-draw variability",0.68499998,0.8095454309114544,BH within variant x comparison (not Holm),delta = functional_256 - comparator (AUC),outputs/encode_atlas_v1/followup/exp5/summary_auc_delta.csv,ec213c25e26888c93578976f219428e27e14e75c2ab0e7c1ed00bfbee23e5662,discovery-campaign,"n_seeds_delta_positive=13.0/20.0; reference is LEGACY functional, not the candidate"
100,encode_exp5_probe,encode_exp5_probe/ewas_catalog_lung_cancer,pooled_oof_auc_delta,functional_256,"functional_annotations_pca|campaign_full_svd256 (4,165 tracks + 23 dense cols)",deepcpg_hcc_native128,deepcpg_dna_locus|native_128D,0.1013979176,0.001683114531,0.2002557718,"95% percentile of 10,000-replicate seed-mixture bootstrap (draw 1 of 20 matching seeds, resample matched pairs within chromosome); includes matching-draw variability",0.04559998,0.084685677146571,BH within variant x comparison (not Holm),delta = functional_256 - comparator (AUC),outputs/encode_atlas_v1/followup/exp5/summary_auc_delta.csv,ec213c25e26888c93578976f219428e27e14e75c2ab0e7c1ed00bfbee23e5662,discovery-campaign,"n_seeds_delta_positive=20.0/20.0; reference is LEGACY functional, not the candidate"
101,encode_exp5_probe,encode_exp5_probe/ewas_catalog_lung_cancer,pooled_oof_auc_delta,functional_256,"functional_annotations_pca|campaign_full_svd256 (4,165 tracks + 23 dense cols)",deepcpg_hcc_pad256,deepcpg_dna_locus|pad256_std (campaign fm/deepcpg_dna_locus),0.101387053,0.001593481213,0.2003816206,"95% percentile of 10,000-replicate seed-mixture bootstrap (draw 1 of 20 matching seeds, resample matched pairs within chromosome); includes matching-draw variability",0.04579998,0.0850571057179996,BH within variant x comparison (not Holm),delta = functional_256 - comparator (AUC),outputs/encode_atlas_v1/followup/exp5/summary_auc_delta.csv,ec213c25e26888c93578976f219428e27e14e75c2ab0e7c1ed00bfbee23e5662,discovery-campaign,"n_seeds_delta_positive=20.0/20.0; reference is LEGACY functional, not the candidate"
102,encode_exp5_probe,encode_exp5_probe/ewas_catalog_rheumatoid_arthritis,pooled_oof_auc_delta,functional_256,"functional_annotations_pca|campaign_full_svd256 (4,165 tracks + 23 dense cols)",context_only_256,"other:context_only|campaign context_only_256 (18 dense context cols, SVD256)",0.002412872942,-0.1171352559,0.120929784,"95% percentile of 10,000-replicate seed-mixture bootstrap (draw 1 of 20 matching seeds, resample matched pairs within chromosome); includes matching-draw variability",0.98119998,0.9811999800019998,BH within variant x comparison (not Holm),delta = functional_256 - comparator (AUC),outputs/encode_atlas_v1/followup/exp5/summary_auc_delta.csv,ec213c25e26888c93578976f219428e27e14e75c2ab0e7c1ed00bfbee23e5662,discovery-campaign,"n_seeds_delta_positive=9.0/20.0; reference is LEGACY functional, not the candidate"
103,encode_exp5_probe,encode_exp5_probe/ewas_catalog_rheumatoid_arthritis,pooled_oof_auc_delta,functional_256,"functional_annotations_pca|campaign_full_svd256 (4,165 tracks + 23 dense cols)",cpgpt_large_native512,cpgpt_large_locus|native_512D,-0.04987622171,-0.1692820859,0.06703505444,"95% percentile of 10,000-replicate seed-mixture bootstrap (draw 1 of 20 matching seeds, resample matched pairs within chromosome); includes matching-draw variability",0.42779998,0.4634499783354997,BH within variant x comparison (not Holm),delta = functional_256 - comparator (AUC),outputs/encode_atlas_v1/followup/exp5/summary_auc_delta.csv,ec213c25e26888c93578976f219428e27e14e75c2ab0e7c1ed00bfbee23e5662,discovery-campaign,"n_seeds_delta_positive=3.0/20.0; reference is LEGACY functional, not the candidate"
104,encode_exp5_probe,encode_exp5_probe/ewas_catalog_rheumatoid_arthritis,pooled_oof_auc_delta,functional_256,"functional_annotations_pca|campaign_full_svd256 (4,165 tracks + 23 dense cols)",cpgpt_large_svd256,cpgpt_large_locus|compact_svd256 (campaign fm/cpgpt_locus_large),-0.0146921082,-0.1377764918,0.08715063443,"95% percentile of 10,000-replicate seed-mixture bootstrap (draw 1 of 20 matching seeds, resample matched pairs within chromosome); includes matching-draw variability",0.83619998,0.8363999800019999,BH within variant x comparison (not Holm),delta = functional_256 - comparator (AUC),outputs/encode_atlas_v1/followup/exp5/summary_auc_delta.csv,ec213c25e26888c93578976f219428e27e14e75c2ab0e7c1ed00bfbee23e5662,discovery-campaign,"n_seeds_delta_positive=8.0/20.0; reference is LEGACY functional, not the candidate"
105,encode_exp5_probe,encode_exp5_probe/ewas_catalog_rheumatoid_arthritis,pooled_oof_auc_delta,functional_256,"functional_annotations_pca|campaign_full_svd256 (4,165 tracks + 23 dense cols)",deepcpg_hcc_native128,deepcpg_dna_locus|native_128D,0.02189214678,-0.08907964678,0.1509361068,"95% percentile of 10,000-replicate seed-mixture bootstrap (draw 1 of 20 matching seeds, resample matched pairs within chromosome); includes matching-draw variability",0.68419998,0.6841999800019999,BH within variant x comparison (not Holm),delta = functional_256 - comparator (AUC),outputs/encode_atlas_v1/followup/exp5/summary_auc_delta.csv,ec213c25e26888c93578976f219428e27e14e75c2ab0e7c1ed00bfbee23e5662,discovery-campaign,"n_seeds_delta_positive=14.0/20.0; reference is LEGACY functional, not the candidate"
106,encode_exp5_probe,encode_exp5_probe/ewas_catalog_rheumatoid_arthritis,pooled_oof_auc_delta,functional_256,"functional_annotations_pca|campaign_full_svd256 (4,165 tracks + 23 dense cols)",deepcpg_hcc_pad256,deepcpg_dna_locus|pad256_std (campaign fm/deepcpg_dna_locus),0.02184713649,-0.08892907665,0.1509173525,"95% percentile of 10,000-replicate seed-mixture bootstrap (draw 1 of 20 matching seeds, resample matched pairs within chromosome); includes matching-draw variability",0.68659998,0.6865999800019998,BH within variant x comparison (not Holm),delta = functional_256 - comparator (AUC),outputs/encode_atlas_v1/followup/exp5/summary_auc_delta.csv,ec213c25e26888c93578976f219428e27e14e75c2ab0e7c1ed00bfbee23e5662,discovery-campaign,"n_seeds_delta_positive=14.0/20.0; reference is LEGACY functional, not the candidate"
107,encode_exp5_probe,encode_exp5_probe/ewas_catalog_sle,pooled_oof_auc_delta,functional_256,"functional_annotations_pca|campaign_full_svd256 (4,165 tracks + 23 dense cols)",context_only_256,"other:context_only|campaign context_only_256 (18 dense context cols, SVD256)",0.1103942871,-0.002444458008,0.2393814087,"95% percentile of 10,000-replicate seed-mixture bootstrap (draw 1 of 20 matching seeds, resample matched pairs within chromosome); includes matching-draw variability",0.05559998,0.1032571057179996,BH within variant x comparison (not Holm),delta = functional_256 - comparator (AUC),outputs/encode_atlas_v1/followup/exp5/summary_auc_delta.csv,ec213c25e26888c93578976f219428e27e14e75c2ab0e7c1ed00bfbee23e5662,discovery-campaign,"n_seeds_delta_positive=20.0/20.0; reference is LEGACY functional, not the candidate"
108,encode_exp5_probe,encode_exp5_probe/ewas_catalog_sle,pooled_oof_auc_delta,functional_256,"functional_annotations_pca|campaign_full_svd256 (4,165 tracks + 23 dense cols)",cpgpt_large_native512,cpgpt_large_locus|native_512D,0.0896697998,-0.05285949707,0.2543334961,"95% percentile of 10,000-replicate seed-mixture bootstrap (draw 1 of 20 matching seeds, resample matched pairs within chromosome); includes matching-draw variability",0.23539998,0.3060199740025997,BH within variant x comparison (not Holm),delta = functional_256 - comparator (AUC),outputs/encode_atlas_v1/followup/exp5/summary_auc_delta.csv,ec213c25e26888c93578976f219428e27e14e75c2ab0e7c1ed00bfbee23e5662,discovery-campaign,"n_seeds_delta_positive=18.0/20.0; reference is LEGACY functional, not the candidate"
109,encode_exp5_probe,encode_exp5_probe/ewas_catalog_sle,pooled_oof_auc_delta,functional_256,"functional_annotations_pca|campaign_full_svd256 (4,165 tracks + 23 dense cols)",cpgpt_large_svd256,cpgpt_large_locus|compact_svd256 (campaign fm/cpgpt_locus_large),0.09049072266,-0.04620666504,0.239994812,"95% percentile of 10,000-replicate seed-mixture bootstrap (draw 1 of 20 matching seeds, resample matched pairs within chromosome); includes matching-draw variability",0.21599998,0.3119999711139997,BH within variant x comparison (not Holm),delta = functional_256 - comparator (AUC),outputs/encode_atlas_v1/followup/exp5/summary_auc_delta.csv,ec213c25e26888c93578976f219428e27e14e75c2ab0e7c1ed00bfbee23e5662,discovery-campaign,"n_seeds_delta_positive=20.0/20.0; reference is LEGACY functional, not the candidate"
110,encode_exp5_probe,encode_exp5_probe/ewas_catalog_sle,pooled_oof_auc_delta,functional_256,"functional_annotations_pca|campaign_full_svd256 (4,165 tracks + 23 dense cols)",deepcpg_hcc_native128,deepcpg_dna_locus|native_128D,0.1192474365,-0.05200195312,0.2629394531,"95% percentile of 10,000-replicate seed-mixture bootstrap (draw 1 of 20 matching seeds, resample matched pairs within chromosome); includes matching-draw variability",0.16739998,0.2720249675032496,BH within variant x comparison (not Holm),delta = functional_256 - comparator (AUC),outputs/encode_atlas_v1/followup/exp5/summary_auc_delta.csv,ec213c25e26888c93578976f219428e27e14e75c2ab0e7c1ed00bfbee23e5662,discovery-campaign,"n_seeds_delta_positive=19.0/20.0; reference is LEGACY functional, not the candidate"
111,encode_exp5_probe,encode_exp5_probe/ewas_catalog_sle,pooled_oof_auc_delta,functional_256,"functional_annotations_pca|campaign_full_svd256 (4,165 tracks + 23 dense cols)",deepcpg_hcc_pad256,deepcpg_dna_locus|pad256_std (campaign fm/deepcpg_dna_locus),0.1192352295,-0.052003479,0.2629394531,"95% percentile of 10,000-replicate seed-mixture bootstrap (draw 1 of 20 matching seeds, resample matched pairs within chromosome); includes matching-draw variability",0.16699998,0.2713749675032497,BH within variant x comparison (not Holm),delta = functional_256 - comparator (AUC),outputs/encode_atlas_v1/followup/exp5/summary_auc_delta.csv,ec213c25e26888c93578976f219428e27e14e75c2ab0e7c1ed00bfbee23e5662,discovery-campaign,"n_seeds_delta_positive=19.0/20.0; reference is LEGACY functional, not the candidate"
112,encode_exp5_probe,encode_exp5_probe/ewas_catalog_smoking,pooled_oof_auc_delta,functional_256,"functional_annotations_pca|campaign_full_svd256 (4,165 tracks + 23 dense cols)",context_only_256,"other:context_only|campaign context_only_256 (18 dense context cols, SVD256)",0.1948316,0.1590914219,0.2300061,"95% percentile of 10,000-replicate seed-mixture bootstrap (draw 1 of 20 matching seeds, resample matched pairs within chromosome); includes matching-draw variability",0.000199980002,0.0006499350064993,BH within variant x comparison (not Holm),delta = functional_256 - comparator (AUC),outputs/encode_atlas_v1/followup/exp5/summary_auc_delta.csv,ec213c25e26888c93578976f219428e27e14e75c2ab0e7c1ed00bfbee23e5662,discovery-campaign,"n_seeds_delta_positive=20.0/20.0; reference is LEGACY functional, not the candidate"
113,encode_exp5_probe,encode_exp5_probe/ewas_catalog_smoking,pooled_oof_auc_delta,functional_256,"functional_annotations_pca|campaign_full_svd256 (4,165 tracks + 23 dense cols)",cpgpt_large_native512,cpgpt_large_locus|native_512D,0.05751915,0.026776,0.0875868625,"95% percentile of 10,000-replicate seed-mixture bootstrap (draw 1 of 20 matching seeds, resample matched pairs within chromosome); includes matching-draw variability",0.000199980002,0.0004332900043329,BH within variant x comparison (not Holm),delta = functional_256 - comparator (AUC),outputs/encode_atlas_v1/followup/exp5/summary_auc_delta.csv,ec213c25e26888c93578976f219428e27e14e75c2ab0e7c1ed00bfbee23e5662,discovery-campaign,"n_seeds_delta_positive=20.0/20.0; reference is LEGACY functional, not the candidate"
114,encode_exp5_probe,encode_exp5_probe/ewas_catalog_smoking,pooled_oof_auc_delta,functional_256,"functional_annotations_pca|campaign_full_svd256 (4,165 tracks + 23 dense cols)",cpgpt_large_svd256,cpgpt_large_locus|compact_svd256 (campaign fm/cpgpt_locus_large),0.0376925125,0.00578925625,0.07205465,"95% percentile of 10,000-replicate seed-mixture bootstrap (draw 1 of 20 matching seeds, resample matched pairs within chromosome); includes matching-draw variability",0.01619998,0.030085677146571,BH within variant x comparison (not Holm),delta = functional_256 - comparator (AUC),outputs/encode_atlas_v1/followup/exp5/summary_auc_delta.csv,ec213c25e26888c93578976f219428e27e14e75c2ab0e7c1ed00bfbee23e5662,discovery-campaign,"n_seeds_delta_positive=20.0/20.0; reference is LEGACY functional, not the candidate"
115,encode_exp5_probe,encode_exp5_probe/ewas_catalog_smoking,pooled_oof_auc_delta,functional_256,"functional_annotations_pca|campaign_full_svd256 (4,165 tracks + 23 dense cols)",deepcpg_hcc_native128,deepcpg_dna_locus|native_128D,0.1819058,0.1550913,0.2148871437,"95% percentile of 10,000-replicate seed-mixture bootstrap (draw 1 of 20 matching seeds, resample matched pairs within chromosome); includes matching-draw variability",0.000199980002,0.0006499350064993,BH within variant x comparison (not Holm),delta = functional_256 - comparator (AUC),outputs/encode_atlas_v1/followup/exp5/summary_auc_delta.csv,ec213c25e26888c93578976f219428e27e14e75c2ab0e7c1ed00bfbee23e5662,discovery-campaign,"n_seeds_delta_positive=20.0/20.0; reference is LEGACY functional, not the candidate"
116,encode_exp5_probe,encode_exp5_probe/ewas_catalog_smoking,pooled_oof_auc_delta,functional_256,"functional_annotations_pca|campaign_full_svd256 (4,165 tracks + 23 dense cols)",deepcpg_hcc_pad256,deepcpg_dna_locus|pad256_std (campaign fm/deepcpg_dna_locus),0.1819009625,0.154985325,0.2148129687,"95% percentile of 10,000-replicate seed-mixture bootstrap (draw 1 of 20 matching seeds, resample matched pairs within chromosome); includes matching-draw variability",0.000199980002,0.0006499350064993,BH within variant x comparison (not Holm),delta = functional_256 - comparator (AUC),outputs/encode_atlas_v1/followup/exp5/summary_auc_delta.csv,ec213c25e26888c93578976f219428e27e14e75c2ab0e7c1ed00bfbee23e5662,discovery-campaign,"n_seeds_delta_positive=20.0/20.0; reference is LEGACY functional, not the candidate"
117,encode_exp5_probe,encode_exp5_probe/ewas_catalog_type2_diabetes,pooled_oof_auc_delta,functional_256,"functional_annotations_pca|campaign_full_svd256 (4,165 tracks + 23 dense cols)",context_only_256,"other:context_only|campaign context_only_256 (18 dense context cols, SVD256)",0.124537759,-0.02383604366,0.2606371129,"95% percentile of 10,000-replicate seed-mixture bootstrap (draw 1 of 20 matching seeds, resample matched pairs within chromosome); includes matching-draw variability",0.09599998,0.1559999675032496,BH within variant x comparison (not Holm),delta = functional_256 - comparator (AUC),outputs/encode_atlas_v1/followup/exp5/summary_auc_delta.csv,ec213c25e26888c93578976f219428e27e14e75c2ab0e7c1ed00bfbee23e5662,discovery-campaign,"n_seeds_delta_positive=20.0/20.0; reference is LEGACY functional, not the candidate"
118,encode_exp5_probe,encode_exp5_probe/ewas_catalog_type2_diabetes,pooled_oof_auc_delta,functional_256,"functional_annotations_pca|campaign_full_svd256 (4,165 tracks + 23 dense cols)",cpgpt_large_native512,cpgpt_large_locus|native_512D,0.09365114725,-0.05301848964,0.2497215415,"95% percentile of 10,000-replicate seed-mixture bootstrap (draw 1 of 20 matching seeds, resample matched pairs within chromosome); includes matching-draw variability",0.21359998,0.3060199740025997,BH within variant x comparison (not Holm),delta = functional_256 - comparator (AUC),outputs/encode_atlas_v1/followup/exp5/summary_auc_delta.csv,ec213c25e26888c93578976f219428e27e14e75c2ab0e7c1ed00bfbee23e5662,discovery-campaign,"n_seeds_delta_positive=20.0/20.0; reference is LEGACY functional, not the candidate"
119,encode_exp5_probe,encode_exp5_probe/ewas_catalog_type2_diabetes,pooled_oof_auc_delta,functional_256,"functional_annotations_pca|campaign_full_svd256 (4,165 tracks + 23 dense cols)",cpgpt_large_svd256,cpgpt_large_locus|compact_svd256 (campaign fm/cpgpt_locus_large),0.1301626197,-0.03141568278,0.2971708621,"95% percentile of 10,000-replicate seed-mixture bootstrap (draw 1 of 20 matching seeds, resample matched pairs within chromosome); includes matching-draw variability",0.10999998,0.1787499675032496,BH within variant x comparison (not Holm),delta = functional_256 - comparator (AUC),outputs/encode_atlas_v1/followup/exp5/summary_auc_delta.csv,ec213c25e26888c93578976f219428e27e14e75c2ab0e7c1ed00bfbee23e5662,discovery-campaign,"n_seeds_delta_positive=20.0/20.0; reference is LEGACY functional, not the candidate"
120,encode_exp5_probe,encode_exp5_probe/ewas_catalog_type2_diabetes,pooled_oof_auc_delta,functional_256,"functional_annotations_pca|campaign_full_svd256 (4,165 tracks + 23 dense cols)",deepcpg_hcc_native128,deepcpg_dna_locus|native_128D,0.08598797059,-0.06994876364,0.2421474716,"95% percentile of 10,000-replicate seed-mixture bootstrap (draw 1 of 20 matching seeds, resample matched pairs within chromosome); includes matching-draw variability",0.29179998,0.3938999740025997,BH within variant x comparison (not Holm),delta = functional_256 - comparator (AUC),outputs/encode_atlas_v1/followup/exp5/summary_auc_delta.csv,ec213c25e26888c93578976f219428e27e14e75c2ab0e7c1ed00bfbee23e5662,discovery-campaign,"n_seeds_delta_positive=19.0/20.0; reference is LEGACY functional, not the candidate"
121,encode_exp5_probe,encode_exp5_probe/ewas_catalog_type2_diabetes,pooled_oof_auc_delta,functional_256,"functional_annotations_pca|campaign_full_svd256 (4,165 tracks + 23 dense cols)",deepcpg_hcc_pad256,deepcpg_dna_locus|pad256_std (campaign fm/deepcpg_dna_locus),0.08601024727,-0.06972599688,0.2425930051,"95% percentile of 10,000-replicate seed-mixture bootstrap (draw 1 of 20 matching seeds, resample matched pairs within chromosome); includes matching-draw variability",0.29199998,0.3938999740025997,BH within variant x comparison (not Holm),delta = functional_256 - comparator (AUC),outputs/encode_atlas_v1/followup/exp5/summary_auc_delta.csv,ec213c25e26888c93578976f219428e27e14e75c2ab0e7c1ed00bfbee23e5662,discovery-campaign,"n_seeds_delta_positive=19.0/20.0; reference is LEGACY functional, not the candidate"
122,encode_exp5_probe,encode_exp5_probe/hannum_clock,pooled_oof_auc_delta,functional_256,"functional_annotations_pca|campaign_full_svd256 (4,165 tracks + 23 dense cols)",context_only_256,"other:context_only|campaign context_only_256 (18 dense context cols, SVD256)",0.2803394901,0.07673647242,0.482576743,"95% percentile of 10,000-replicate seed-mixture bootstrap (draw 1 of 20 matching seeds, resample matched pairs within chromosome); includes matching-draw variability",0.004199980002,0.0109199480051994,BH within variant x comparison (not Holm),delta = functional_256 - comparator (AUC),outputs/encode_atlas_v1/followup/exp5/summary_auc_delta.csv,ec213c25e26888c93578976f219428e27e14e75c2ab0e7c1ed00bfbee23e5662,discovery-campaign,"n_seeds_delta_positive=20.0/20.0; reference is LEGACY functional, not the candidate"
123,encode_exp5_probe,encode_exp5_probe/hannum_clock,pooled_oof_auc_delta,functional_256,"functional_annotations_pca|campaign_full_svd256 (4,165 tracks + 23 dense cols)",cpgpt_large_native512,cpgpt_large_locus|native_512D,0.1455905307,0.005723204995,0.2916298127,"95% percentile of 10,000-replicate seed-mixture bootstrap (draw 1 of 20 matching seeds, resample matched pairs within chromosome); includes matching-draw variability",0.04119998,0.0721499675032496,BH within variant x comparison (not Holm),delta = functional_256 - comparator (AUC),outputs/encode_atlas_v1/followup/exp5/summary_auc_delta.csv,ec213c25e26888c93578976f219428e27e14e75c2ab0e7c1ed00bfbee23e5662,discovery-campaign,"n_seeds_delta_positive=20.0/20.0; reference is LEGACY functional, not the candidate"
124,encode_exp5_probe,encode_exp5_probe/hannum_clock,pooled_oof_auc_delta,functional_256,"functional_annotations_pca|campaign_full_svd256 (4,165 tracks + 23 dense cols)",cpgpt_large_svd256,cpgpt_large_locus|compact_svd256 (campaign fm/cpgpt_locus_large),0.2348335068,0.08506763788,0.3743496358,"95% percentile of 10,000-replicate seed-mixture bootstrap (draw 1 of 20 matching seeds, resample matched pairs within chromosome); includes matching-draw variability",0.001199980002,0.0025999566709995,BH within variant x comparison (not Holm),delta = functional_256 - comparator (AUC),outputs/encode_atlas_v1/followup/exp5/summary_auc_delta.csv,ec213c25e26888c93578976f219428e27e14e75c2ab0e7c1ed00bfbee23e5662,discovery-campaign,"n_seeds_delta_positive=20.0/20.0; reference is LEGACY functional, not the candidate"
125,encode_exp5_probe,encode_exp5_probe/hannum_clock,pooled_oof_auc_delta,functional_256,"functional_annotations_pca|campaign_full_svd256 (4,165 tracks + 23 dense cols)",deepcpg_hcc_native128,deepcpg_dna_locus|native_128D,0.2390868887,0.07856399584,0.4086953694,"95% percentile of 10,000-replicate seed-mixture bootstrap (draw 1 of 20 matching seeds, resample matched pairs within chromosome); includes matching-draw variability",0.002799980002,0.0072799480051994,BH within variant x comparison (not Holm),delta = functional_256 - comparator (AUC),outputs/encode_atlas_v1/followup/exp5/summary_auc_delta.csv,ec213c25e26888c93578976f219428e27e14e75c2ab0e7c1ed00bfbee23e5662,discovery-campaign,"n_seeds_delta_positive=20.0/20.0; reference is LEGACY functional, not the candidate"
126,encode_exp5_probe,encode_exp5_probe/hannum_clock,pooled_oof_auc_delta,functional_256,"functional_annotations_pca|campaign_full_svd256 (4,165 tracks + 23 dense cols)",deepcpg_hcc_pad256,deepcpg_dna_locus|pad256_std (campaign fm/deepcpg_dna_locus),0.2390998959,0.07881763788,0.4089490114,"95% percentile of 10,000-replicate seed-mixture bootstrap (draw 1 of 20 matching seeds, resample matched pairs within chromosome); includes matching-draw variability",0.002799980002,0.0072799480051994,BH within variant x comparison (not Holm),delta = functional_256 - comparator (AUC),outputs/encode_atlas_v1/followup/exp5/summary_auc_delta.csv,ec213c25e26888c93578976f219428e27e14e75c2ab0e7c1ed00bfbee23e5662,discovery-campaign,"n_seeds_delta_positive=20.0/20.0; reference is LEGACY functional, not the candidate"
127,encode_exp5_probe,encode_exp5_probe/horvath_clock,pooled_oof_auc_delta,functional_256,"functional_annotations_pca|campaign_full_svd256 (4,165 tracks + 23 dense cols)",context_only_256,"other:context_only|campaign context_only_256 (18 dense context cols, SVD256)",0.005479600694,-0.0800698209,0.07651787929,"95% percentile of 10,000-replicate seed-mixture bootstrap (draw 1 of 20 matching seeds, resample matched pairs within chromosome); includes matching-draw variability",0.82179998,0.8902833116688331,BH within variant x comparison (not Holm),delta = functional_256 - comparator (AUC),outputs/encode_atlas_v1/followup/exp5/summary_auc_delta.csv,ec213c25e26888c93578976f219428e27e14e75c2ab0e7c1ed00bfbee23e5662,discovery-campaign,"n_seeds_delta_positive=14.0/20.0; reference is LEGACY functional, not the candidate"
128,encode_exp5_probe,encode_exp5_probe/horvath_clock,pooled_oof_auc_delta,functional_256,"functional_annotations_pca|campaign_full_svd256 (4,165 tracks + 23 dense cols)",cpgpt_large_native512,cpgpt_large_locus|native_512D,-0.1620766015,-0.2831639296,-0.08254477572,"95% percentile of 10,000-replicate seed-mixture bootstrap (draw 1 of 20 matching seeds, resample matched pairs within chromosome); includes matching-draw variability",0.000199980002,0.0004332900043329,BH within variant x comparison (not Holm),delta = functional_256 - comparator (AUC),outputs/encode_atlas_v1/followup/exp5/summary_auc_delta.csv,ec213c25e26888c93578976f219428e27e14e75c2ab0e7c1ed00bfbee23e5662,discovery-campaign,"n_seeds_delta_positive=0.0/20.0; reference is LEGACY functional, not the candidate"
129,encode_exp5_probe,encode_exp5_probe/horvath_clock,pooled_oof_auc_delta,functional_256,"functional_annotations_pca|campaign_full_svd256 (4,165 tracks + 23 dense cols)",cpgpt_large_svd256,cpgpt_large_locus|compact_svd256 (campaign fm/cpgpt_locus_large),-0.1316897853,-0.2348637241,-0.04992183071,"95% percentile of 10,000-replicate seed-mixture bootstrap (draw 1 of 20 matching seeds, resample matched pairs within chromosome); includes matching-draw variability",0.000399980002,0.0010399480051994,BH within variant x comparison (not Holm),delta = functional_256 - comparator (AUC),outputs/encode_atlas_v1/followup/exp5/summary_auc_delta.csv,ec213c25e26888c93578976f219428e27e14e75c2ab0e7c1ed00bfbee23e5662,discovery-campaign,"n_seeds_delta_positive=0.0/20.0; reference is LEGACY functional, not the candidate"
130,encode_exp5_probe,encode_exp5_probe/horvath_clock,pooled_oof_auc_delta,functional_256,"functional_annotations_pca|campaign_full_svd256 (4,165 tracks + 23 dense cols)",deepcpg_hcc_native128,deepcpg_dna_locus|native_128D,0.02205259708,-0.06059692106,0.09607182717,"95% percentile of 10,000-replicate seed-mixture bootstrap (draw 1 of 20 matching seeds, resample matched pairs within chromosome); includes matching-draw variability",0.57039998,0.6352666450021665,BH within variant x comparison (not Holm),delta = functional_256 - comparator (AUC),outputs/encode_atlas_v1/followup/exp5/summary_auc_delta.csv,ec213c25e26888c93578976f219428e27e14e75c2ab0e7c1ed00bfbee23e5662,discovery-campaign,"n_seeds_delta_positive=15.0/20.0; reference is LEGACY functional, not the candidate"
131,encode_exp5_probe,encode_exp5_probe/horvath_clock,pooled_oof_auc_delta,functional_256,"functional_annotations_pca|campaign_full_svd256 (4,165 tracks + 23 dense cols)",deepcpg_hcc_pad256,deepcpg_dna_locus|pad256_std (campaign fm/deepcpg_dna_locus),0.02204506803,-0.06071096407,0.09608865682,"95% percentile of 10,000-replicate seed-mixture bootstrap (draw 1 of 20 matching seeds, resample matched pairs within chromosome); includes matching-draw variability",0.57019998,0.6369999783354998,BH within variant x comparison (not Holm),delta = functional_256 - comparator (AUC),outputs/encode_atlas_v1/followup/exp5/summary_auc_delta.csv,ec213c25e26888c93578976f219428e27e14e75c2ab0e7c1ed00bfbee23e5662,discovery-campaign,"n_seeds_delta_positive=15.0/20.0; reference is LEGACY functional, not the candidate"
132,encode_exp5_probe,encode_exp5_probe/phenoage_clock,pooled_oof_auc_delta,functional_256,"functional_annotations_pca|campaign_full_svd256 (4,165 tracks + 23 dense cols)",context_only_256,"other:context_only|campaign context_only_256 (18 dense context cols, SVD256)",-0.01576672098,-0.07656097781,0.046906756,"95% percentile of 10,000-replicate seed-mixture bootstrap (draw 1 of 20 matching seeds, resample matched pairs within chromosome); includes matching-draw variability",0.63839998,0.7544727036387271,BH within variant x comparison (not Holm),delta = functional_256 - comparator (AUC),outputs/encode_atlas_v1/followup/exp5/summary_auc_delta.csv,ec213c25e26888c93578976f219428e27e14e75c2ab0e7c1ed00bfbee23e5662,discovery-campaign,"n_seeds_delta_positive=6.0/20.0; reference is LEGACY functional, not the candidate"
133,encode_exp5_probe,encode_exp5_probe/phenoage_clock,pooled_oof_auc_delta,functional_256,"functional_annotations_pca|campaign_full_svd256 (4,165 tracks + 23 dense cols)",cpgpt_large_native512,cpgpt_large_locus|native_512D,-0.1701449543,-0.2303365821,-0.1052718103,"95% percentile of 10,000-replicate seed-mixture bootstrap (draw 1 of 20 matching seeds, resample matched pairs within chromosome); includes matching-draw variability",0.000199980002,0.0004332900043329,BH within variant x comparison (not Holm),delta = functional_256 - comparator (AUC),outputs/encode_atlas_v1/followup/exp5/summary_auc_delta.csv,ec213c25e26888c93578976f219428e27e14e75c2ab0e7c1ed00bfbee23e5662,discovery-campaign,"n_seeds_delta_positive=0.0/20.0; reference is LEGACY functional, not the candidate"
134,encode_exp5_probe,encode_exp5_probe/phenoage_clock,pooled_oof_auc_delta,functional_256,"functional_annotations_pca|campaign_full_svd256 (4,165 tracks + 23 dense cols)",cpgpt_large_svd256,cpgpt_large_locus|compact_svd256 (campaign fm/cpgpt_locus_large),-0.1404272205,-0.2061320042,-0.07018001713,"95% percentile of 10,000-replicate seed-mixture bootstrap (draw 1 of 20 matching seeds, resample matched pairs within chromosome); includes matching-draw variability",0.000199980002,0.0006499350064993,BH within variant x comparison (not Holm),delta = functional_256 - comparator (AUC),outputs/encode_atlas_v1/followup/exp5/summary_auc_delta.csv,ec213c25e26888c93578976f219428e27e14e75c2ab0e7c1ed00bfbee23e5662,discovery-campaign,"n_seeds_delta_positive=0.0/20.0; reference is LEGACY functional, not the candidate"
135,encode_exp5_probe,encode_exp5_probe/phenoage_clock,pooled_oof_auc_delta,functional_256,"functional_annotations_pca|campaign_full_svd256 (4,165 tracks + 23 dense cols)",deepcpg_hcc_native128,deepcpg_dna_locus|native_128D,0.0199345774,-0.05754553967,0.08959285138,"95% percentile of 10,000-replicate seed-mixture bootstrap (draw 1 of 20 matching seeds, resample matched pairs within chromosome); includes matching-draw variability",0.58639998,0.6352666450021665,BH within variant x comparison (not Holm),delta = functional_256 - comparator (AUC),outputs/encode_atlas_v1/followup/exp5/summary_auc_delta.csv,ec213c25e26888c93578976f219428e27e14e75c2ab0e7c1ed00bfbee23e5662,discovery-campaign,"n_seeds_delta_positive=16.0/20.0; reference is LEGACY functional, not the candidate"
136,encode_exp5_probe,encode_exp5_probe/phenoage_clock,pooled_oof_auc_delta,functional_256,"functional_annotations_pca|campaign_full_svd256 (4,165 tracks + 23 dense cols)",deepcpg_hcc_pad256,deepcpg_dna_locus|pad256_std (campaign fm/deepcpg_dna_locus),0.01988292798,-0.05757094447,0.08967315994,"95% percentile of 10,000-replicate seed-mixture bootstrap (draw 1 of 20 matching seeds, resample matched pairs within chromosome); includes matching-draw variability",0.58799998,0.6369999783354998,BH within variant x comparison (not Holm),delta = functional_256 - comparator (AUC),outputs/encode_atlas_v1/followup/exp5/summary_auc_delta.csv,ec213c25e26888c93578976f219428e27e14e75c2ab0e7c1ed00bfbee23e5662,discovery-campaign,"n_seeds_delta_positive=16.0/20.0; reference is LEGACY functional, not the candidate"
137,v2_exploratory_posthoc,v2_exploratory_posthoc/B3_ridge__centered__all_cpgs,centered/all_cpgs/pearson_mean_over_cpgs,regulatory_histone_dnase_v1,regulatory_histone_dnase_v1,cpgpt_large_locus,cpgpt_large_locus,0.1088422906,0.104337588,0.1127702741,"95% percentile bootstrap over 22 chromosome blocks (B=1000, seed 17); coarse by design (frozen protocol sec.0)",0.001998001998,,False,delta = regulatory_histone_dnase_v1 - comparator (higher-is-better metric),outputs/biological_validation_v2/bioval-v2-protocol-freeze-v1/exploratory_posthoc_loyfer/contrasts/ridge__regulatory_histone_dnase_v1__vs__cpgpt_large_locus.csv,89a802c31fe339379a850669584c03bc25dcb4d6226fc910f1c9182486f993f0,exploratory,EXPLORATORY POST-HOC; raw p; no Holm
138,v2_exploratory_posthoc,v2_exploratory_posthoc/B3_ridge__centered__all_cpgs,centered/all_cpgs/pearson_mean_over_cpgs,regulatory_histone_dnase_v1,regulatory_histone_dnase_v1,deepcpg_dna_locus,deepcpg_dna_locus,0.1411631651,0.1360725534,0.14600731,"95% percentile bootstrap over 22 chromosome blocks (B=1000, seed 17); coarse by design (frozen protocol sec.0)",0.001998001998,,False,delta = regulatory_histone_dnase_v1 - comparator (higher-is-better metric),outputs/biological_validation_v2/bioval-v2-protocol-freeze-v1/exploratory_posthoc_loyfer/contrasts/ridge__regulatory_histone_dnase_v1__vs__deepcpg_dna_locus.csv,9614095b1cf9891fc47059438892bbb245b342f25d99802aa6444144ec2d5731,exploratory,EXPLORATORY POST-HOC; raw p; no Holm
139,v2_exploratory_posthoc,v2_exploratory_posthoc/B3_ridge__centered__all_cpgs,centered/all_cpgs/pearson_mean_over_cpgs,regulatory_histone_dnase_v1,regulatory_histone_dnase_v1,functional_annotations_pca,functional_annotations_pca,-0.0005162903819,-0.0009233782919,-8.924958208e-05,"95% percentile bootstrap over 22 chromosome blocks (B=1000, seed 17); coarse by design (frozen protocol sec.0)",0.01398601399,,False,delta = regulatory_histone_dnase_v1 - comparator (higher-is-better metric),outputs/biological_validation_v2/bioval-v2-protocol-freeze-v1/exploratory_posthoc_loyfer/contrasts/ridge__regulatory_histone_dnase_v1__vs__functional_annotations_pca.csv,75d25e8a55cf2e3d43c1f15f421564ee2a337b923f2d63a961d064773d9b9198,exploratory,EXPLORATORY POST-HOC; raw p; no Holm
140,v2_exploratory_posthoc,v2_exploratory_posthoc/B3_ridge__centered__all_cpgs,centered/all_cpgs/pearson_pooled,regulatory_histone_dnase_v1,regulatory_histone_dnase_v1,cpgpt_large_locus,cpgpt_large_locus,0.24490249,0.2379353469,0.2522218601,"95% percentile bootstrap over 22 chromosome blocks (B=1000, seed 17); coarse by design (frozen protocol sec.0)",0.001998001998,,False,delta = regulatory_histone_dnase_v1 - comparator (higher-is-better metric),outputs/biological_validation_v2/bioval-v2-protocol-freeze-v1/exploratory_posthoc_loyfer/contrasts/ridge__regulatory_histone_dnase_v1__vs__cpgpt_large_locus.csv,89a802c31fe339379a850669584c03bc25dcb4d6226fc910f1c9182486f993f0,exploratory,EXPLORATORY POST-HOC; raw p; no Holm
141,v2_exploratory_posthoc,v2_exploratory_posthoc/B3_ridge__centered__all_cpgs,centered/all_cpgs/pearson_pooled,regulatory_histone_dnase_v1,regulatory_histone_dnase_v1,deepcpg_dna_locus,deepcpg_dna_locus,0.2735765367,0.2660352382,0.2822303708,"95% percentile bootstrap over 22 chromosome blocks (B=1000, seed 17); coarse by design (frozen protocol sec.0)",0.001998001998,,False,delta = regulatory_histone_dnase_v1 - comparator (higher-is-better metric),outputs/biological_validation_v2/bioval-v2-protocol-freeze-v1/exploratory_posthoc_loyfer/contrasts/ridge__regulatory_histone_dnase_v1__vs__deepcpg_dna_locus.csv,9614095b1cf9891fc47059438892bbb245b342f25d99802aa6444144ec2d5731,exploratory,EXPLORATORY POST-HOC; raw p; no Holm
142,v2_exploratory_posthoc,v2_exploratory_posthoc/B3_ridge__centered__all_cpgs,centered/all_cpgs/pearson_pooled,regulatory_histone_dnase_v1,regulatory_histone_dnase_v1,functional_annotations_pca,functional_annotations_pca,0.000903064069,0.0004808601946,0.001350506181,"95% percentile bootstrap over 22 chromosome blocks (B=1000, seed 17); coarse by design (frozen protocol sec.0)",0.001998001998,,False,delta = regulatory_histone_dnase_v1 - comparator (higher-is-better metric),outputs/biological_validation_v2/bioval-v2-protocol-freeze-v1/exploratory_posthoc_loyfer/contrasts/ridge__regulatory_histone_dnase_v1__vs__functional_annotations_pca.csv,75d25e8a55cf2e3d43c1f15f421564ee2a337b923f2d63a961d064773d9b9198,exploratory,EXPLORATORY POST-HOC; raw p; no Holm
143,v2_exploratory_posthoc,v2_exploratory_posthoc/B3_ridge__centered__all_cpgs,centered/all_cpgs/r2_global,regulatory_histone_dnase_v1,regulatory_histone_dnase_v1,cpgpt_large_locus,cpgpt_large_locus,0.205801164,0.1991588391,0.212489874,"95% percentile bootstrap over 22 chromosome blocks (B=1000, seed 17); coarse by design (frozen protocol sec.0)",0.001998001998,,False,delta = regulatory_histone_dnase_v1 - comparator (higher-is-better metric),outputs/biological_validation_v2/bioval-v2-protocol-freeze-v1/exploratory_posthoc_loyfer/contrasts/ridge__regulatory_histone_dnase_v1__vs__cpgpt_large_locus.csv,89a802c31fe339379a850669584c03bc25dcb4d6226fc910f1c9182486f993f0,exploratory,EXPLORATORY POST-HOC; raw p; no Holm
144,v2_exploratory_posthoc,v2_exploratory_posthoc/B3_ridge__centered__all_cpgs,centered/all_cpgs/r2_global,regulatory_histone_dnase_v1,regulatory_histone_dnase_v1,deepcpg_dna_locus,deepcpg_dna_locus,0.2216562195,0.214827752,0.2285745227,"95% percentile bootstrap over 22 chromosome blocks (B=1000, seed 17); coarse by design (frozen protocol sec.0)",0.001998001998,,False,delta = regulatory_histone_dnase_v1 - comparator (higher-is-better metric),outputs/biological_validation_v2/bioval-v2-protocol-freeze-v1/exploratory_posthoc_loyfer/contrasts/ridge__regulatory_histone_dnase_v1__vs__deepcpg_dna_locus.csv,9614095b1cf9891fc47059438892bbb245b342f25d99802aa6444144ec2d5731,exploratory,EXPLORATORY POST-HOC; raw p; no Holm
145,v2_exploratory_posthoc,v2_exploratory_posthoc/B3_ridge__centered__all_cpgs,centered/all_cpgs/r2_global,regulatory_histone_dnase_v1,regulatory_histone_dnase_v1,functional_annotations_pca,functional_annotations_pca,0.0009881236044,0.0005186425217,0.00147615221,"95% percentile bootstrap over 22 chromosome blocks (B=1000, seed 17); coarse by design (frozen protocol sec.0)",0.001998001998,,False,delta = regulatory_histone_dnase_v1 - comparator (higher-is-better metric),outputs/biological_validation_v2/bioval-v2-protocol-freeze-v1/exploratory_posthoc_loyfer/contrasts/ridge__regulatory_histone_dnase_v1__vs__functional_annotations_pca.csv,75d25e8a55cf2e3d43c1f15f421564ee2a337b923f2d63a961d064773d9b9198,exploratory,EXPLORATORY POST-HOC; raw p; no Holm
146,v2_exploratory_posthoc,v2_exploratory_posthoc/B3_ridge__centered__all_cpgs,centered/all_cpgs/r2_macro,regulatory_histone_dnase_v1,regulatory_histone_dnase_v1,cpgpt_large_locus,cpgpt_large_locus,0.2007049261,0.1940827842,0.2070957418,"95% percentile bootstrap over 22 chromosome blocks (B=1000, seed 17); coarse by design (frozen protocol sec.0)",0.001998001998,,False,delta = regulatory_histone_dnase_v1 - comparator (higher-is-better metric),outputs/biological_validation_v2/bioval-v2-protocol-freeze-v1/exploratory_posthoc_loyfer/contrasts/ridge__regulatory_histone_dnase_v1__vs__cpgpt_large_locus.csv,89a802c31fe339379a850669584c03bc25dcb4d6226fc910f1c9182486f993f0,exploratory,EXPLORATORY POST-HOC; raw p; no Holm
147,v2_exploratory_posthoc,v2_exploratory_posthoc/B3_ridge__centered__all_cpgs,centered/all_cpgs/r2_macro,regulatory_histone_dnase_v1,regulatory_histone_dnase_v1,deepcpg_dna_locus,deepcpg_dna_locus,0.2149377698,0.2081701859,0.221440322,"95% percentile bootstrap over 22 chromosome blocks (B=1000, seed 17); coarse by design (frozen protocol sec.0)",0.001998001998,,False,delta = regulatory_histone_dnase_v1 - comparator (higher-is-better metric),outputs/biological_validation_v2/bioval-v2-protocol-freeze-v1/exploratory_posthoc_loyfer/contrasts/ridge__regulatory_histone_dnase_v1__vs__deepcpg_dna_locus.csv,9614095b1cf9891fc47059438892bbb245b342f25d99802aa6444144ec2d5731,exploratory,EXPLORATORY POST-HOC; raw p; no Holm
148,v2_exploratory_posthoc,v2_exploratory_posthoc/B3_ridge__centered__all_cpgs,centered/all_cpgs/r2_macro,regulatory_histone_dnase_v1,regulatory_histone_dnase_v1,functional_annotations_pca,functional_annotations_pca,0.001136204248,0.0007132757972,0.001596231991,"95% percentile bootstrap over 22 chromosome blocks (B=1000, seed 17); coarse by design (frozen protocol sec.0)",0.001998001998,,False,delta = regulatory_histone_dnase_v1 - comparator (higher-is-better metric),outputs/biological_validation_v2/bioval-v2-protocol-freeze-v1/exploratory_posthoc_loyfer/contrasts/ridge__regulatory_histone_dnase_v1__vs__functional_annotations_pca.csv,75d25e8a55cf2e3d43c1f15f421564ee2a337b923f2d63a961d064773d9b9198,exploratory,EXPLORATORY POST-HOC; raw p; no Holm
149,v2_exploratory_posthoc,v2_exploratory_posthoc/B3_ridge__centered__variable_cpgs,centered/variable_cpgs/pearson_mean_over_cpgs,regulatory_histone_dnase_v1,regulatory_histone_dnase_v1,cpgpt_large_locus,cpgpt_large_locus,0.1989927439,0.1940179227,0.2041196645,"95% percentile bootstrap over 22 chromosome blocks (B=1000, seed 17); coarse by design (frozen protocol sec.0)",0.001998001998,,False,delta = regulatory_histone_dnase_v1 - comparator (higher-is-better metric),outputs/biological_validation_v2/bioval-v2-protocol-freeze-v1/exploratory_posthoc_loyfer/contrasts/ridge__regulatory_histone_dnase_v1__vs__cpgpt_large_locus.csv,89a802c31fe339379a850669584c03bc25dcb4d6226fc910f1c9182486f993f0,exploratory,EXPLORATORY POST-HOC; raw p; no Holm
150,v2_exploratory_posthoc,v2_exploratory_posthoc/B3_ridge__centered__variable_cpgs,centered/variable_cpgs/pearson_mean_over_cpgs,regulatory_histone_dnase_v1,regulatory_histone_dnase_v1,deepcpg_dna_locus,deepcpg_dna_locus,0.2464717015,0.2406905154,0.2528868278,"95% percentile bootstrap over 22 chromosome blocks (B=1000, seed 17); coarse by design (frozen protocol sec.0)",0.001998001998,,False,delta = regulatory_histone_dnase_v1 - comparator (higher-is-better metric),outputs/biological_validation_v2/bioval-v2-protocol-freeze-v1/exploratory_posthoc_loyfer/contrasts/ridge__regulatory_histone_dnase_v1__vs__deepcpg_dna_locus.csv,9614095b1cf9891fc47059438892bbb245b342f25d99802aa6444144ec2d5731,exploratory,EXPLORATORY POST-HOC; raw p; no Holm
151,v2_exploratory_posthoc,v2_exploratory_posthoc/B3_ridge__centered__variable_cpgs,centered/variable_cpgs/pearson_mean_over_cpgs,regulatory_histone_dnase_v1,regulatory_histone_dnase_v1,functional_annotations_pca,functional_annotations_pca,0.001285279446,0.0007809434592,0.001742156265,"95% percentile bootstrap over 22 chromosome blocks (B=1000, seed 17); coarse by design (frozen protocol sec.0)",0.001998001998,,False,delta = regulatory_histone_dnase_v1 - comparator (higher-is-better metric),outputs/biological_validation_v2/bioval-v2-protocol-freeze-v1/exploratory_posthoc_loyfer/contrasts/ridge__regulatory_histone_dnase_v1__vs__functional_annotations_pca.csv,75d25e8a55cf2e3d43c1f15f421564ee2a337b923f2d63a961d064773d9b9198,exploratory,EXPLORATORY POST-HOC; raw p; no Holm
152,v2_exploratory_posthoc,v2_exploratory_posthoc/B3_ridge__centered__variable_cpgs,centered/variable_cpgs/pearson_pooled,regulatory_histone_dnase_v1,regulatory_histone_dnase_v1,cpgpt_large_locus,cpgpt_large_locus,0.2713965014,0.2645518225,0.2785763818,"95% percentile bootstrap over 22 chromosome blocks (B=1000, seed 17); coarse by design (frozen protocol sec.0)",0.001998001998,,False,delta = regulatory_histone_dnase_v1 - comparator (higher-is-better metric),outputs/biological_validation_v2/bioval-v2-protocol-freeze-v1/exploratory_posthoc_loyfer/contrasts/ridge__regulatory_histone_dnase_v1__vs__cpgpt_large_locus.csv,89a802c31fe339379a850669584c03bc25dcb4d6226fc910f1c9182486f993f0,exploratory,EXPLORATORY POST-HOC; raw p; no Holm
153,v2_exploratory_posthoc,v2_exploratory_posthoc/B3_ridge__centered__variable_cpgs,centered/variable_cpgs/pearson_pooled,regulatory_histone_dnase_v1,regulatory_histone_dnase_v1,deepcpg_dna_locus,deepcpg_dna_locus,0.3102917263,0.3028582023,0.3185957992,"95% percentile bootstrap over 22 chromosome blocks (B=1000, seed 17); coarse by design (frozen protocol sec.0)",0.001998001998,,False,delta = regulatory_histone_dnase_v1 - comparator (higher-is-better metric),outputs/biological_validation_v2/bioval-v2-protocol-freeze-v1/exploratory_posthoc_loyfer/contrasts/ridge__regulatory_histone_dnase_v1__vs__deepcpg_dna_locus.csv,9614095b1cf9891fc47059438892bbb245b342f25d99802aa6444144ec2d5731,exploratory,EXPLORATORY POST-HOC; raw p; no Holm
154,v2_exploratory_posthoc,v2_exploratory_posthoc/B3_ridge__centered__variable_cpgs,centered/variable_cpgs/pearson_pooled,regulatory_histone_dnase_v1,regulatory_histone_dnase_v1,functional_annotations_pca,functional_annotations_pca,0.0006565918345,0.0001864872263,0.001170530444,"95% percentile bootstrap over 22 chromosome blocks (B=1000, seed 17); coarse by design (frozen protocol sec.0)",0.01398601399,,False,delta = regulatory_histone_dnase_v1 - comparator (higher-is-better metric),outputs/biological_validation_v2/bioval-v2-protocol-freeze-v1/exploratory_posthoc_loyfer/contrasts/ridge__regulatory_histone_dnase_v1__vs__functional_annotations_pca.csv,75d25e8a55cf2e3d43c1f15f421564ee2a337b923f2d63a961d064773d9b9198,exploratory,EXPLORATORY POST-HOC; raw p; no Holm
155,v2_exploratory_posthoc,v2_exploratory_posthoc/B3_ridge__centered__variable_cpgs,centered/variable_cpgs/r2_global,regulatory_histone_dnase_v1,regulatory_histone_dnase_v1,cpgpt_large_locus,cpgpt_large_locus,0.2479043996,0.2411970826,0.2549850427,"95% percentile bootstrap over 22 chromosome blocks (B=1000, seed 17); coarse by design (frozen protocol sec.0)",0.001998001998,,False,delta = regulatory_histone_dnase_v1 - comparator (higher-is-better metric),outputs/biological_validation_v2/bioval-v2-protocol-freeze-v1/exploratory_posthoc_loyfer/contrasts/ridge__regulatory_histone_dnase_v1__vs__cpgpt_large_locus.csv,89a802c31fe339379a850669584c03bc25dcb4d6226fc910f1c9182486f993f0,exploratory,EXPLORATORY POST-HOC; raw p; no Holm
156,v2_exploratory_posthoc,v2_exploratory_posthoc/B3_ridge__centered__variable_cpgs,centered/variable_cpgs/r2_global,regulatory_histone_dnase_v1,regulatory_histone_dnase_v1,deepcpg_dna_locus,deepcpg_dna_locus,0.2703091306,0.2631699934,0.2780811138,"95% percentile bootstrap over 22 chromosome blocks (B=1000, seed 17); coarse by design (frozen protocol sec.0)",0.001998001998,,False,delta = regulatory_histone_dnase_v1 - comparator (higher-is-better metric),outputs/biological_validation_v2/bioval-v2-protocol-freeze-v1/exploratory_posthoc_loyfer/contrasts/ridge__regulatory_histone_dnase_v1__vs__deepcpg_dna_locus.csv,9614095b1cf9891fc47059438892bbb245b342f25d99802aa6444144ec2d5731,exploratory,EXPLORATORY POST-HOC; raw p; no Holm
157,v2_exploratory_posthoc,v2_exploratory_posthoc/B3_ridge__centered__variable_cpgs,centered/variable_cpgs/r2_global,regulatory_histone_dnase_v1,regulatory_histone_dnase_v1,functional_annotations_pca,functional_annotations_pca,0.0009864361175,0.0005412944878,0.001486618814,"95% percentile bootstrap over 22 chromosome blocks (B=1000, seed 17); coarse by design (frozen protocol sec.0)",0.001998001998,,False,delta = regulatory_histone_dnase_v1 - comparator (higher-is-better metric),outputs/biological_validation_v2/bioval-v2-protocol-freeze-v1/exploratory_posthoc_loyfer/contrasts/ridge__regulatory_histone_dnase_v1__vs__functional_annotations_pca.csv,75d25e8a55cf2e3d43c1f15f421564ee2a337b923f2d63a961d064773d9b9198,exploratory,EXPLORATORY POST-HOC; raw p; no Holm
158,v2_exploratory_posthoc,v2_exploratory_posthoc/B3_ridge__centered__variable_cpgs,centered/variable_cpgs/r2_macro,regulatory_histone_dnase_v1,regulatory_histone_dnase_v1,cpgpt_large_locus,cpgpt_large_locus,0.242879747,0.2366884604,0.2495410933,"95% percentile bootstrap over 22 chromosome blocks (B=1000, seed 17); coarse by design (frozen protocol sec.0)",0.001998001998,,False,delta = regulatory_histone_dnase_v1 - comparator (higher-is-better metric),outputs/biological_validation_v2/bioval-v2-protocol-freeze-v1/exploratory_posthoc_loyfer/contrasts/ridge__regulatory_histone_dnase_v1__vs__cpgpt_large_locus.csv,89a802c31fe339379a850669584c03bc25dcb4d6226fc910f1c9182486f993f0,exploratory,EXPLORATORY POST-HOC; raw p; no Holm
159,v2_exploratory_posthoc,v2_exploratory_posthoc/B3_ridge__centered__variable_cpgs,centered/variable_cpgs/r2_macro,regulatory_histone_dnase_v1,regulatory_histone_dnase_v1,deepcpg_dna_locus,deepcpg_dna_locus,0.2631351418,0.2568776311,0.2698169981,"95% percentile bootstrap over 22 chromosome blocks (B=1000, seed 17); coarse by design (frozen protocol sec.0)",0.001998001998,,False,delta = regulatory_histone_dnase_v1 - comparator (higher-is-better metric),outputs/biological_validation_v2/bioval-v2-protocol-freeze-v1/exploratory_posthoc_loyfer/contrasts/ridge__regulatory_histone_dnase_v1__vs__deepcpg_dna_locus.csv,9614095b1cf9891fc47059438892bbb245b342f25d99802aa6444144ec2d5731,exploratory,EXPLORATORY POST-HOC; raw p; no Holm
160,v2_exploratory_posthoc,v2_exploratory_posthoc/B3_ridge__centered__variable_cpgs,centered/variable_cpgs/r2_macro,regulatory_histone_dnase_v1,regulatory_histone_dnase_v1,functional_annotations_pca,functional_annotations_pca,0.001076582582,0.0006676658761,0.00153877969,"95% percentile bootstrap over 22 chromosome blocks (B=1000, seed 17); coarse by design (frozen protocol sec.0)",0.001998001998,,False,delta = regulatory_histone_dnase_v1 - comparator (higher-is-better metric),outputs/biological_validation_v2/bioval-v2-protocol-freeze-v1/exploratory_posthoc_loyfer/contrasts/ridge__regulatory_histone_dnase_v1__vs__functional_annotations_pca.csv,75d25e8a55cf2e3d43c1f15f421564ee2a337b923f2d63a961d064773d9b9198,exploratory,EXPLORATORY POST-HOC; raw p; no Holm
161,v2_exploratory_posthoc,v2_exploratory_posthoc/B3_ridge__level__all_cpgs,level/all_cpgs/pearson_mean_over_cpgs,regulatory_histone_dnase_v1,regulatory_histone_dnase_v1,cpgpt_large_locus,cpgpt_large_locus,,,,"95% percentile bootstrap over 22 chromosome blocks (B=1000, seed 17); coarse by design (frozen protocol sec.0)",1,,False,delta = regulatory_histone_dnase_v1 - comparator (higher-is-better metric),outputs/biological_validation_v2/bioval-v2-protocol-freeze-v1/exploratory_posthoc_loyfer/contrasts/ridge__regulatory_histone_dnase_v1__vs__cpgpt_large_locus.csv,89a802c31fe339379a850669584c03bc25dcb4d6226fc910f1c9182486f993f0,exploratory,EXPLORATORY POST-HOC; raw p; no Holm
162,v2_exploratory_posthoc,v2_exploratory_posthoc/B3_ridge__level__all_cpgs,level/all_cpgs/pearson_mean_over_cpgs,regulatory_histone_dnase_v1,regulatory_histone_dnase_v1,deepcpg_dna_locus,deepcpg_dna_locus,,,,"95% percentile bootstrap over 22 chromosome blocks (B=1000, seed 17); coarse by design (frozen protocol sec.0)",1,,False,delta = regulatory_histone_dnase_v1 - comparator (higher-is-better metric),outputs/biological_validation_v2/bioval-v2-protocol-freeze-v1/exploratory_posthoc_loyfer/contrasts/ridge__regulatory_histone_dnase_v1__vs__deepcpg_dna_locus.csv,9614095b1cf9891fc47059438892bbb245b342f25d99802aa6444144ec2d5731,exploratory,EXPLORATORY POST-HOC; raw p; no Holm
163,v2_exploratory_posthoc,v2_exploratory_posthoc/B3_ridge__level__all_cpgs,level/all_cpgs/pearson_mean_over_cpgs,regulatory_histone_dnase_v1,regulatory_histone_dnase_v1,functional_annotations_pca,functional_annotations_pca,,,,"95% percentile bootstrap over 22 chromosome blocks (B=1000, seed 17); coarse by design (frozen protocol sec.0)",1,,False,delta = regulatory_histone_dnase_v1 - comparator (higher-is-better metric),outputs/biological_validation_v2/bioval-v2-protocol-freeze-v1/exploratory_posthoc_loyfer/contrasts/ridge__regulatory_histone_dnase_v1__vs__functional_annotations_pca.csv,75d25e8a55cf2e3d43c1f15f421564ee2a337b923f2d63a961d064773d9b9198,exploratory,EXPLORATORY POST-HOC; raw p; no Holm
164,v2_exploratory_posthoc,v2_exploratory_posthoc/B3_ridge__level__all_cpgs,level/all_cpgs/pearson_pooled,regulatory_histone_dnase_v1,regulatory_histone_dnase_v1,cpgpt_large_locus,cpgpt_large_locus,0.1379134268,0.1330352309,0.1435601475,"95% percentile bootstrap over 22 chromosome blocks (B=1000, seed 17); coarse by design (frozen protocol sec.0)",0.001998001998,,False,delta = regulatory_histone_dnase_v1 - comparator (higher-is-better metric),outputs/biological_validation_v2/bioval-v2-protocol-freeze-v1/exploratory_posthoc_loyfer/contrasts/ridge__regulatory_histone_dnase_v1__vs__cpgpt_large_locus.csv,89a802c31fe339379a850669584c03bc25dcb4d6226fc910f1c9182486f993f0,exploratory,EXPLORATORY POST-HOC; raw p; no Holm
165,v2_exploratory_posthoc,v2_exploratory_posthoc/B3_ridge__level__all_cpgs,level/all_cpgs/pearson_pooled,regulatory_histone_dnase_v1,regulatory_histone_dnase_v1,deepcpg_dna_locus,deepcpg_dna_locus,0.1662523669,0.1597525866,0.172896813,"95% percentile bootstrap over 22 chromosome blocks (B=1000, seed 17); coarse by design (frozen protocol sec.0)",0.001998001998,,False,delta = regulatory_histone_dnase_v1 - comparator (higher-is-better metric),outputs/biological_validation_v2/bioval-v2-protocol-freeze-v1/exploratory_posthoc_loyfer/contrasts/ridge__regulatory_histone_dnase_v1__vs__deepcpg_dna_locus.csv,9614095b1cf9891fc47059438892bbb245b342f25d99802aa6444144ec2d5731,exploratory,EXPLORATORY POST-HOC; raw p; no Holm
166,v2_exploratory_posthoc,v2_exploratory_posthoc/B3_ridge__level__all_cpgs,level/all_cpgs/pearson_pooled,regulatory_histone_dnase_v1,regulatory_histone_dnase_v1,functional_annotations_pca,functional_annotations_pca,-0.005539664891,-0.005811903585,-0.005274941914,"95% percentile bootstrap over 22 chromosome blocks (B=1000, seed 17); coarse by design (frozen protocol sec.0)",0.001998001998,,False,delta = regulatory_histone_dnase_v1 - comparator (higher-is-better metric),outputs/biological_validation_v2/bioval-v2-protocol-freeze-v1/exploratory_posthoc_loyfer/contrasts/ridge__regulatory_histone_dnase_v1__vs__functional_annotations_pca.csv,75d25e8a55cf2e3d43c1f15f421564ee2a337b923f2d63a961d064773d9b9198,exploratory,EXPLORATORY POST-HOC; raw p; no Holm
167,v2_exploratory_posthoc,v2_exploratory_posthoc/B3_ridge__level__all_cpgs,level/all_cpgs/r2_global,regulatory_histone_dnase_v1,regulatory_histone_dnase_v1,cpgpt_large_locus,cpgpt_large_locus,0.2371205725,0.2296234855,0.2460234642,"95% percentile bootstrap over 22 chromosome blocks (B=1000, seed 17); coarse by design (frozen protocol sec.0)",0.001998001998,,False,delta = regulatory_histone_dnase_v1 - comparator (higher-is-better metric),outputs/biological_validation_v2/bioval-v2-protocol-freeze-v1/exploratory_posthoc_loyfer/contrasts/ridge__regulatory_histone_dnase_v1__vs__cpgpt_large_locus.csv,89a802c31fe339379a850669584c03bc25dcb4d6226fc910f1c9182486f993f0,exploratory,EXPLORATORY POST-HOC; raw p; no Holm
168,v2_exploratory_posthoc,v2_exploratory_posthoc/B3_ridge__level__all_cpgs,level/all_cpgs/r2_global,regulatory_histone_dnase_v1,regulatory_histone_dnase_v1,deepcpg_dna_locus,deepcpg_dna_locus,0.281107239,0.2710535806,0.2919744888,"95% percentile bootstrap over 22 chromosome blocks (B=1000, seed 17); coarse by design (frozen protocol sec.0)",0.001998001998,,False,delta = regulatory_histone_dnase_v1 - comparator (higher-is-better metric),outputs/biological_validation_v2/bioval-v2-protocol-freeze-v1/exploratory_posthoc_loyfer/contrasts/ridge__regulatory_histone_dnase_v1__vs__deepcpg_dna_locus.csv,9614095b1cf9891fc47059438892bbb245b342f25d99802aa6444144ec2d5731,exploratory,EXPLORATORY POST-HOC; raw p; no Holm
169,v2_exploratory_posthoc,v2_exploratory_posthoc/B3_ridge__level__all_cpgs,level/all_cpgs/r2_global,regulatory_histone_dnase_v1,regulatory_histone_dnase_v1,functional_annotations_pca,functional_annotations_pca,-0.0103184418,-0.01081413676,-0.009839707483,"95% percentile bootstrap over 22 chromosome blocks (B=1000, seed 17); coarse by design (frozen protocol sec.0)",0.001998001998,,False,delta = regulatory_histone_dnase_v1 - comparator (higher-is-better metric),outputs/biological_validation_v2/bioval-v2-protocol-freeze-v1/exploratory_posthoc_loyfer/contrasts/ridge__regulatory_histone_dnase_v1__vs__functional_annotations_pca.csv,75d25e8a55cf2e3d43c1f15f421564ee2a337b923f2d63a961d064773d9b9198,exploratory,EXPLORATORY POST-HOC; raw p; no Holm
170,v2_exploratory_posthoc,v2_exploratory_posthoc/B3_ridge__level__all_cpgs,level/all_cpgs/r2_macro,regulatory_histone_dnase_v1,regulatory_histone_dnase_v1,cpgpt_large_locus,cpgpt_large_locus,0.2371205725,0.2296234855,0.2460234642,"95% percentile bootstrap over 22 chromosome blocks (B=1000, seed 17); coarse by design (frozen protocol sec.0)",0.001998001998,,False,delta = regulatory_histone_dnase_v1 - comparator (higher-is-better metric),outputs/biological_validation_v2/bioval-v2-protocol-freeze-v1/exploratory_posthoc_loyfer/contrasts/ridge__regulatory_histone_dnase_v1__vs__cpgpt_large_locus.csv,89a802c31fe339379a850669584c03bc25dcb4d6226fc910f1c9182486f993f0,exploratory,EXPLORATORY POST-HOC; raw p; no Holm
171,v2_exploratory_posthoc,v2_exploratory_posthoc/B3_ridge__level__all_cpgs,level/all_cpgs/r2_macro,regulatory_histone_dnase_v1,regulatory_histone_dnase_v1,deepcpg_dna_locus,deepcpg_dna_locus,0.281107239,0.2710535806,0.2919744888,"95% percentile bootstrap over 22 chromosome blocks (B=1000, seed 17); coarse by design (frozen protocol sec.0)",0.001998001998,,False,delta = regulatory_histone_dnase_v1 - comparator (higher-is-better metric),outputs/biological_validation_v2/bioval-v2-protocol-freeze-v1/exploratory_posthoc_loyfer/contrasts/ridge__regulatory_histone_dnase_v1__vs__deepcpg_dna_locus.csv,9614095b1cf9891fc47059438892bbb245b342f25d99802aa6444144ec2d5731,exploratory,EXPLORATORY POST-HOC; raw p; no Holm
172,v2_exploratory_posthoc,v2_exploratory_posthoc/B3_ridge__level__all_cpgs,level/all_cpgs/r2_macro,regulatory_histone_dnase_v1,regulatory_histone_dnase_v1,functional_annotations_pca,functional_annotations_pca,-0.0103184418,-0.01081413676,-0.009839707483,"95% percentile bootstrap over 22 chromosome blocks (B=1000, seed 17); coarse by design (frozen protocol sec.0)",0.001998001998,,False,delta = regulatory_histone_dnase_v1 - comparator (higher-is-better metric),outputs/biological_validation_v2/bioval-v2-protocol-freeze-v1/exploratory_posthoc_loyfer/contrasts/ridge__regulatory_histone_dnase_v1__vs__functional_annotations_pca.csv,75d25e8a55cf2e3d43c1f15f421564ee2a337b923f2d63a961d064773d9b9198,exploratory,EXPLORATORY POST-HOC; raw p; no Holm
173,v2_exploratory_posthoc,v2_exploratory_posthoc/B3_ridge__level__variable_cpgs,level/variable_cpgs/pearson_mean_over_cpgs,regulatory_histone_dnase_v1,regulatory_histone_dnase_v1,cpgpt_large_locus,cpgpt_large_locus,,,,"95% percentile bootstrap over 22 chromosome blocks (B=1000, seed 17); coarse by design (frozen protocol sec.0)",1,,False,delta = regulatory_histone_dnase_v1 - comparator (higher-is-better metric),outputs/biological_validation_v2/bioval-v2-protocol-freeze-v1/exploratory_posthoc_loyfer/contrasts/ridge__regulatory_histone_dnase_v1__vs__cpgpt_large_locus.csv,89a802c31fe339379a850669584c03bc25dcb4d6226fc910f1c9182486f993f0,exploratory,EXPLORATORY POST-HOC; raw p; no Holm
174,v2_exploratory_posthoc,v2_exploratory_posthoc/B3_ridge__level__variable_cpgs,level/variable_cpgs/pearson_mean_over_cpgs,regulatory_histone_dnase_v1,regulatory_histone_dnase_v1,deepcpg_dna_locus,deepcpg_dna_locus,,,,"95% percentile bootstrap over 22 chromosome blocks (B=1000, seed 17); coarse by design (frozen protocol sec.0)",1,,False,delta = regulatory_histone_dnase_v1 - comparator (higher-is-better metric),outputs/biological_validation_v2/bioval-v2-protocol-freeze-v1/exploratory_posthoc_loyfer/contrasts/ridge__regulatory_histone_dnase_v1__vs__deepcpg_dna_locus.csv,9614095b1cf9891fc47059438892bbb245b342f25d99802aa6444144ec2d5731,exploratory,EXPLORATORY POST-HOC; raw p; no Holm
175,v2_exploratory_posthoc,v2_exploratory_posthoc/B3_ridge__level__variable_cpgs,level/variable_cpgs/pearson_mean_over_cpgs,regulatory_histone_dnase_v1,regulatory_histone_dnase_v1,functional_annotations_pca,functional_annotations_pca,,,,"95% percentile bootstrap over 22 chromosome blocks (B=1000, seed 17); coarse by design (frozen protocol sec.0)",1,,False,delta = regulatory_histone_dnase_v1 - comparator (higher-is-better metric),outputs/biological_validation_v2/bioval-v2-protocol-freeze-v1/exploratory_posthoc_loyfer/contrasts/ridge__regulatory_histone_dnase_v1__vs__functional_annotations_pca.csv,75d25e8a55cf2e3d43c1f15f421564ee2a337b923f2d63a961d064773d9b9198,exploratory,EXPLORATORY POST-HOC; raw p; no Holm
176,v2_exploratory_posthoc,v2_exploratory_posthoc/B3_ridge__level__variable_cpgs,level/variable_cpgs/pearson_pooled,regulatory_histone_dnase_v1,regulatory_histone_dnase_v1,cpgpt_large_locus,cpgpt_large_locus,0.2499612164,0.2399014083,0.2599076147,"95% percentile bootstrap over 22 chromosome blocks (B=1000, seed 17); coarse by design (frozen protocol sec.0)",0.001998001998,,False,delta = regulatory_histone_dnase_v1 - comparator (higher-is-better metric),outputs/biological_validation_v2/bioval-v2-protocol-freeze-v1/exploratory_posthoc_loyfer/contrasts/ridge__regulatory_histone_dnase_v1__vs__cpgpt_large_locus.csv,89a802c31fe339379a850669584c03bc25dcb4d6226fc910f1c9182486f993f0,exploratory,EXPLORATORY POST-HOC; raw p; no Holm
177,v2_exploratory_posthoc,v2_exploratory_posthoc/B3_ridge__level__variable_cpgs,level/variable_cpgs/pearson_pooled,regulatory_histone_dnase_v1,regulatory_histone_dnase_v1,deepcpg_dna_locus,deepcpg_dna_locus,0.300128114,0.2873457456,0.3123309182,"95% percentile bootstrap over 22 chromosome blocks (B=1000, seed 17); coarse by design (frozen protocol sec.0)",0.001998001998,,False,delta = regulatory_histone_dnase_v1 - comparator (higher-is-better metric),outputs/biological_validation_v2/bioval-v2-protocol-freeze-v1/exploratory_posthoc_loyfer/contrasts/ridge__regulatory_histone_dnase_v1__vs__deepcpg_dna_locus.csv,9614095b1cf9891fc47059438892bbb245b342f25d99802aa6444144ec2d5731,exploratory,EXPLORATORY POST-HOC; raw p; no Holm
178,v2_exploratory_posthoc,v2_exploratory_posthoc/B3_ridge__level__variable_cpgs,level/variable_cpgs/pearson_pooled,regulatory_histone_dnase_v1,regulatory_histone_dnase_v1,functional_annotations_pca,functional_annotations_pca,-0.01191377023,-0.01263134703,-0.0112148328,"95% percentile bootstrap over 22 chromosome blocks (B=1000, seed 17); coarse by design (frozen protocol sec.0)",0.001998001998,,False,delta = regulatory_histone_dnase_v1 - comparator (higher-is-better metric),outputs/biological_validation_v2/bioval-v2-protocol-freeze-v1/exploratory_posthoc_loyfer/contrasts/ridge__regulatory_histone_dnase_v1__vs__functional_annotations_pca.csv,75d25e8a55cf2e3d43c1f15f421564ee2a337b923f2d63a961d064773d9b9198,exploratory,EXPLORATORY POST-HOC; raw p; no Holm
179,v2_exploratory_posthoc,v2_exploratory_posthoc/B3_ridge__level__variable_cpgs,level/variable_cpgs/r2_global,regulatory_histone_dnase_v1,regulatory_histone_dnase_v1,cpgpt_large_locus,cpgpt_large_locus,0.455677331,0.432707585,0.479225636,"95% percentile bootstrap over 22 chromosome blocks (B=1000, seed 17); coarse by design (frozen protocol sec.0)",0.001998001998,,False,delta = regulatory_histone_dnase_v1 - comparator (higher-is-better metric),outputs/biological_validation_v2/bioval-v2-protocol-freeze-v1/exploratory_posthoc_loyfer/contrasts/ridge__regulatory_histone_dnase_v1__vs__cpgpt_large_locus.csv,89a802c31fe339379a850669584c03bc25dcb4d6226fc910f1c9182486f993f0,exploratory,EXPLORATORY POST-HOC; raw p; no Holm
180,v2_exploratory_posthoc,v2_exploratory_posthoc/B3_ridge__level__variable_cpgs,level/variable_cpgs/r2_global,regulatory_histone_dnase_v1,regulatory_histone_dnase_v1,deepcpg_dna_locus,deepcpg_dna_locus,0.431544454,0.4139062855,0.4486188022,"95% percentile bootstrap over 22 chromosome blocks (B=1000, seed 17); coarse by design (frozen protocol sec.0)",0.001998001998,,False,delta = regulatory_histone_dnase_v1 - comparator (higher-is-better metric),outputs/biological_validation_v2/bioval-v2-protocol-freeze-v1/exploratory_posthoc_loyfer/contrasts/ridge__regulatory_histone_dnase_v1__vs__deepcpg_dna_locus.csv,9614095b1cf9891fc47059438892bbb245b342f25d99802aa6444144ec2d5731,exploratory,EXPLORATORY POST-HOC; raw p; no Holm
181,v2_exploratory_posthoc,v2_exploratory_posthoc/B3_ridge__level__variable_cpgs,level/variable_cpgs/r2_global,regulatory_histone_dnase_v1,regulatory_histone_dnase_v1,functional_annotations_pca,functional_annotations_pca,-0.02187054048,-0.02313091724,-0.02052350726,"95% percentile bootstrap over 22 chromosome blocks (B=1000, seed 17); coarse by design (frozen protocol sec.0)",0.001998001998,,False,delta = regulatory_histone_dnase_v1 - comparator (higher-is-better metric),outputs/biological_validation_v2/bioval-v2-protocol-freeze-v1/exploratory_posthoc_loyfer/contrasts/ridge__regulatory_histone_dnase_v1__vs__functional_annotations_pca.csv,75d25e8a55cf2e3d43c1f15f421564ee2a337b923f2d63a961d064773d9b9198,exploratory,EXPLORATORY POST-HOC; raw p; no Holm
182,v2_exploratory_posthoc,v2_exploratory_posthoc/B3_ridge__level__variable_cpgs,level/variable_cpgs/r2_macro,regulatory_histone_dnase_v1,regulatory_histone_dnase_v1,cpgpt_large_locus,cpgpt_large_locus,0.455677331,0.432707585,0.479225636,"95% percentile bootstrap over 22 chromosome blocks (B=1000, seed 17); coarse by design (frozen protocol sec.0)",0.001998001998,,False,delta = regulatory_histone_dnase_v1 - comparator (higher-is-better metric),outputs/biological_validation_v2/bioval-v2-protocol-freeze-v1/exploratory_posthoc_loyfer/contrasts/ridge__regulatory_histone_dnase_v1__vs__cpgpt_large_locus.csv,89a802c31fe339379a850669584c03bc25dcb4d6226fc910f1c9182486f993f0,exploratory,EXPLORATORY POST-HOC; raw p; no Holm
183,v2_exploratory_posthoc,v2_exploratory_posthoc/B3_ridge__level__variable_cpgs,level/variable_cpgs/r2_macro,regulatory_histone_dnase_v1,regulatory_histone_dnase_v1,deepcpg_dna_locus,deepcpg_dna_locus,0.431544454,0.4139062855,0.4486188022,"95% percentile bootstrap over 22 chromosome blocks (B=1000, seed 17); coarse by design (frozen protocol sec.0)",0.001998001998,,False,delta = regulatory_histone_dnase_v1 - comparator (higher-is-better metric),outputs/biological_validation_v2/bioval-v2-protocol-freeze-v1/exploratory_posthoc_loyfer/contrasts/ridge__regulatory_histone_dnase_v1__vs__deepcpg_dna_locus.csv,9614095b1cf9891fc47059438892bbb245b342f25d99802aa6444144ec2d5731,exploratory,EXPLORATORY POST-HOC; raw p; no Holm
184,v2_exploratory_posthoc,v2_exploratory_posthoc/B3_ridge__level__variable_cpgs,level/variable_cpgs/r2_macro,regulatory_histone_dnase_v1,regulatory_histone_dnase_v1,functional_annotations_pca,functional_annotations_pca,-0.02187054048,-0.02313091724,-0.02052350726,"95% percentile bootstrap over 22 chromosome blocks (B=1000, seed 17); coarse by design (frozen protocol sec.0)",0.001998001998,,False,delta = regulatory_histone_dnase_v1 - comparator (higher-is-better metric),outputs/biological_validation_v2/bioval-v2-protocol-freeze-v1/exploratory_posthoc_loyfer/contrasts/ridge__regulatory_histone_dnase_v1__vs__functional_annotations_pca.csv,75d25e8a55cf2e3d43c1f15f421564ee2a337b923f2d63a961d064773d9b9198,exploratory,EXPLORATORY POST-HOC; raw p; no Holm
185,v2_exploratory_posthoc,v2_exploratory_posthoc/B3_ridge__raw__all_cpgs,raw/all_cpgs/pearson_mean_over_cpgs,regulatory_histone_dnase_v1,regulatory_histone_dnase_v1,cpgpt_large_locus,cpgpt_large_locus,0.1090645493,0.1045274906,0.1129996539,"95% percentile bootstrap over 22 chromosome blocks (B=1000, seed 17); coarse by design (frozen protocol sec.0)",0.001998001998,,False,delta = regulatory_histone_dnase_v1 - comparator (higher-is-better metric),outputs/biological_validation_v2/bioval-v2-protocol-freeze-v1/exploratory_posthoc_loyfer/contrasts/ridge__regulatory_histone_dnase_v1__vs__cpgpt_large_locus.csv,89a802c31fe339379a850669584c03bc25dcb4d6226fc910f1c9182486f993f0,exploratory,EXPLORATORY POST-HOC; raw p; no Holm
186,v2_exploratory_posthoc,v2_exploratory_posthoc/B3_ridge__raw__all_cpgs,raw/all_cpgs/pearson_mean_over_cpgs,regulatory_histone_dnase_v1,regulatory_histone_dnase_v1,deepcpg_dna_locus,deepcpg_dna_locus,0.1411230316,0.1360341238,0.1459818872,"95% percentile bootstrap over 22 chromosome blocks (B=1000, seed 17); coarse by design (frozen protocol sec.0)",0.001998001998,,False,delta = regulatory_histone_dnase_v1 - comparator (higher-is-better metric),outputs/biological_validation_v2/bioval-v2-protocol-freeze-v1/exploratory_posthoc_loyfer/contrasts/ridge__regulatory_histone_dnase_v1__vs__deepcpg_dna_locus.csv,9614095b1cf9891fc47059438892bbb245b342f25d99802aa6444144ec2d5731,exploratory,EXPLORATORY POST-HOC; raw p; no Holm
187,v2_exploratory_posthoc,v2_exploratory_posthoc/B3_ridge__raw__all_cpgs,raw/all_cpgs/pearson_mean_over_cpgs,regulatory_histone_dnase_v1,regulatory_histone_dnase_v1,functional_annotations_pca,functional_annotations_pca,-0.0005050813367,-0.0009165932473,-7.215968568e-05,"95% percentile bootstrap over 22 chromosome blocks (B=1000, seed 17); coarse by design (frozen protocol sec.0)",0.01398601399,,False,delta = regulatory_histone_dnase_v1 - comparator (higher-is-better metric),outputs/biological_validation_v2/bioval-v2-protocol-freeze-v1/exploratory_posthoc_loyfer/contrasts/ridge__regulatory_histone_dnase_v1__vs__functional_annotations_pca.csv,75d25e8a55cf2e3d43c1f15f421564ee2a337b923f2d63a961d064773d9b9198,exploratory,EXPLORATORY POST-HOC; raw p; no Holm
188,v2_exploratory_posthoc,v2_exploratory_posthoc/B3_ridge__raw__all_cpgs,raw/all_cpgs/pearson_pooled,regulatory_histone_dnase_v1,regulatory_histone_dnase_v1,cpgpt_large_locus,cpgpt_large_locus,0.1427402355,0.1378710086,0.1485265146,"95% percentile bootstrap over 22 chromosome blocks (B=1000, seed 17); coarse by design (frozen protocol sec.0)",0.001998001998,,False,delta = regulatory_histone_dnase_v1 - comparator (higher-is-better metric),outputs/biological_validation_v2/bioval-v2-protocol-freeze-v1/exploratory_posthoc_loyfer/contrasts/ridge__regulatory_histone_dnase_v1__vs__cpgpt_large_locus.csv,89a802c31fe339379a850669584c03bc25dcb4d6226fc910f1c9182486f993f0,exploratory,EXPLORATORY POST-HOC; raw p; no Holm
189,v2_exploratory_posthoc,v2_exploratory_posthoc/B3_ridge__raw__all_cpgs,raw/all_cpgs/pearson_pooled,regulatory_histone_dnase_v1,regulatory_histone_dnase_v1,deepcpg_dna_locus,deepcpg_dna_locus,0.1701984419,0.1639704184,0.1763753708,"95% percentile bootstrap over 22 chromosome blocks (B=1000, seed 17); coarse by design (frozen protocol sec.0)",0.001998001998,,False,delta = regulatory_histone_dnase_v1 - comparator (higher-is-better metric),outputs/biological_validation_v2/bioval-v2-protocol-freeze-v1/exploratory_posthoc_loyfer/contrasts/ridge__regulatory_histone_dnase_v1__vs__deepcpg_dna_locus.csv,9614095b1cf9891fc47059438892bbb245b342f25d99802aa6444144ec2d5731,exploratory,EXPLORATORY POST-HOC; raw p; no Holm
190,v2_exploratory_posthoc,v2_exploratory_posthoc/B3_ridge__raw__all_cpgs,raw/all_cpgs/pearson_pooled,regulatory_histone_dnase_v1,regulatory_histone_dnase_v1,functional_annotations_pca,functional_annotations_pca,-0.004916027093,-0.005175865485,-0.004662161849,"95% percentile bootstrap over 22 chromosome blocks (B=1000, seed 17); coarse by design (frozen protocol sec.0)",0.001998001998,,False,delta = regulatory_histone_dnase_v1 - comparator (higher-is-better metric),outputs/biological_validation_v2/bioval-v2-protocol-freeze-v1/exploratory_posthoc_loyfer/contrasts/ridge__regulatory_histone_dnase_v1__vs__functional_annotations_pca.csv,75d25e8a55cf2e3d43c1f15f421564ee2a337b923f2d63a961d064773d9b9198,exploratory,EXPLORATORY POST-HOC; raw p; no Holm
191,v2_exploratory_posthoc,v2_exploratory_posthoc/B3_ridge__raw__all_cpgs,raw/all_cpgs/r2_global,regulatory_histone_dnase_v1,regulatory_histone_dnase_v1,cpgpt_large_locus,cpgpt_large_locus,0.2327953639,0.2256054612,0.2415115864,"95% percentile bootstrap over 22 chromosome blocks (B=1000, seed 17); coarse by design (frozen protocol sec.0)",0.001998001998,,False,delta = regulatory_histone_dnase_v1 - comparator (higher-is-better metric),outputs/biological_validation_v2/bioval-v2-protocol-freeze-v1/exploratory_posthoc_loyfer/contrasts/ridge__regulatory_histone_dnase_v1__vs__cpgpt_large_locus.csv,89a802c31fe339379a850669584c03bc25dcb4d6226fc910f1c9182486f993f0,exploratory,EXPLORATORY POST-HOC; raw p; no Holm
192,v2_exploratory_posthoc,v2_exploratory_posthoc/B3_ridge__raw__all_cpgs,raw/all_cpgs/r2_global,regulatory_histone_dnase_v1,regulatory_histone_dnase_v1,deepcpg_dna_locus,deepcpg_dna_locus,0.2728472199,0.2635408901,0.2823715712,"95% percentile bootstrap over 22 chromosome blocks (B=1000, seed 17); coarse by design (frozen protocol sec.0)",0.001998001998,,False,delta = regulatory_histone_dnase_v1 - comparator (higher-is-better metric),outputs/biological_validation_v2/bioval-v2-protocol-freeze-v1/exploratory_posthoc_loyfer/contrasts/ridge__regulatory_histone_dnase_v1__vs__deepcpg_dna_locus.csv,9614095b1cf9891fc47059438892bbb245b342f25d99802aa6444144ec2d5731,exploratory,EXPLORATORY POST-HOC; raw p; no Holm
193,v2_exploratory_posthoc,v2_exploratory_posthoc/B3_ridge__raw__all_cpgs,raw/all_cpgs/r2_global,regulatory_histone_dnase_v1,regulatory_histone_dnase_v1,functional_annotations_pca,functional_annotations_pca,-0.008747147273,-0.009199262494,-0.008301967238,"95% percentile bootstrap over 22 chromosome blocks (B=1000, seed 17); coarse by design (frozen protocol sec.0)",0.001998001998,,False,delta = regulatory_histone_dnase_v1 - comparator (higher-is-better metric),outputs/biological_validation_v2/bioval-v2-protocol-freeze-v1/exploratory_posthoc_loyfer/contrasts/ridge__regulatory_histone_dnase_v1__vs__functional_annotations_pca.csv,75d25e8a55cf2e3d43c1f15f421564ee2a337b923f2d63a961d064773d9b9198,exploratory,EXPLORATORY POST-HOC; raw p; no Holm
194,v2_exploratory_posthoc,v2_exploratory_posthoc/B3_ridge__raw__all_cpgs,raw/all_cpgs/r2_macro,regulatory_histone_dnase_v1,regulatory_histone_dnase_v1,cpgpt_large_locus,cpgpt_large_locus,0.232558176,0.2253320062,0.2412791308,"95% percentile bootstrap over 22 chromosome blocks (B=1000, seed 17); coarse by design (frozen protocol sec.0)",0.001998001998,,False,delta = regulatory_histone_dnase_v1 - comparator (higher-is-better metric),outputs/biological_validation_v2/bioval-v2-protocol-freeze-v1/exploratory_posthoc_loyfer/contrasts/ridge__regulatory_histone_dnase_v1__vs__cpgpt_large_locus.csv,89a802c31fe339379a850669584c03bc25dcb4d6226fc910f1c9182486f993f0,exploratory,EXPLORATORY POST-HOC; raw p; no Holm
195,v2_exploratory_posthoc,v2_exploratory_posthoc/B3_ridge__raw__all_cpgs,raw/all_cpgs/r2_macro,regulatory_histone_dnase_v1,regulatory_histone_dnase_v1,deepcpg_dna_locus,deepcpg_dna_locus,0.2730882002,0.2638019076,0.2826539469,"95% percentile bootstrap over 22 chromosome blocks (B=1000, seed 17); coarse by design (frozen protocol sec.0)",0.001998001998,,False,delta = regulatory_histone_dnase_v1 - comparator (higher-is-better metric),outputs/biological_validation_v2/bioval-v2-protocol-freeze-v1/exploratory_posthoc_loyfer/contrasts/ridge__regulatory_histone_dnase_v1__vs__deepcpg_dna_locus.csv,9614095b1cf9891fc47059438892bbb245b342f25d99802aa6444144ec2d5731,exploratory,EXPLORATORY POST-HOC; raw p; no Holm
196,v2_exploratory_posthoc,v2_exploratory_posthoc/B3_ridge__raw__all_cpgs,raw/all_cpgs/r2_macro,regulatory_histone_dnase_v1,regulatory_histone_dnase_v1,functional_annotations_pca,functional_annotations_pca,-0.008748376259,-0.009196474279,-0.00830401208,"95% percentile bootstrap over 22 chromosome blocks (B=1000, seed 17); coarse by design (frozen protocol sec.0)",0.001998001998,,False,delta = regulatory_histone_dnase_v1 - comparator (higher-is-better metric),outputs/biological_validation_v2/bioval-v2-protocol-freeze-v1/exploratory_posthoc_loyfer/contrasts/ridge__regulatory_histone_dnase_v1__vs__functional_annotations_pca.csv,75d25e8a55cf2e3d43c1f15f421564ee2a337b923f2d63a961d064773d9b9198,exploratory,EXPLORATORY POST-HOC; raw p; no Holm
197,v2_exploratory_posthoc,v2_exploratory_posthoc/B3_ridge__raw__variable_cpgs,raw/variable_cpgs/pearson_mean_over_cpgs,regulatory_histone_dnase_v1,regulatory_histone_dnase_v1,cpgpt_large_locus,cpgpt_large_locus,0.1986353378,0.1936048161,0.2037697396,"95% percentile bootstrap over 22 chromosome blocks (B=1000, seed 17); coarse by design (frozen protocol sec.0)",0.001998001998,,False,delta = regulatory_histone_dnase_v1 - comparator (higher-is-better metric),outputs/biological_validation_v2/bioval-v2-protocol-freeze-v1/exploratory_posthoc_loyfer/contrasts/ridge__regulatory_histone_dnase_v1__vs__cpgpt_large_locus.csv,89a802c31fe339379a850669584c03bc25dcb4d6226fc910f1c9182486f993f0,exploratory,EXPLORATORY POST-HOC; raw p; no Holm
198,v2_exploratory_posthoc,v2_exploratory_posthoc/B3_ridge__raw__variable_cpgs,raw/variable_cpgs/pearson_mean_over_cpgs,regulatory_histone_dnase_v1,regulatory_histone_dnase_v1,deepcpg_dna_locus,deepcpg_dna_locus,0.2465419732,0.2407542925,0.2529511817,"95% percentile bootstrap over 22 chromosome blocks (B=1000, seed 17); coarse by design (frozen protocol sec.0)",0.001998001998,,False,delta = regulatory_histone_dnase_v1 - comparator (higher-is-better metric),outputs/biological_validation_v2/bioval-v2-protocol-freeze-v1/exploratory_posthoc_loyfer/contrasts/ridge__regulatory_histone_dnase_v1__vs__deepcpg_dna_locus.csv,9614095b1cf9891fc47059438892bbb245b342f25d99802aa6444144ec2d5731,exploratory,EXPLORATORY POST-HOC; raw p; no Holm
199,v2_exploratory_posthoc,v2_exploratory_posthoc/B3_ridge__raw__variable_cpgs,raw/variable_cpgs/pearson_mean_over_cpgs,regulatory_histone_dnase_v1,regulatory_histone_dnase_v1,functional_annotations_pca,functional_annotations_pca,0.001318948999,0.0008043032388,0.001791237079,"95% percentile bootstrap over 22 chromosome blocks (B=1000, seed 17); coarse by design (frozen protocol sec.0)",0.001998001998,,False,delta = regulatory_histone_dnase_v1 - comparator (higher-is-better metric),outputs/biological_validation_v2/bioval-v2-protocol-freeze-v1/exploratory_posthoc_loyfer/contrasts/ridge__regulatory_histone_dnase_v1__vs__functional_annotations_pca.csv,75d25e8a55cf2e3d43c1f15f421564ee2a337b923f2d63a961d064773d9b9198,exploratory,EXPLORATORY POST-HOC; raw p; no Holm
200,v2_exploratory_posthoc,v2_exploratory_posthoc/B3_ridge__raw__variable_cpgs,raw/variable_cpgs/pearson_pooled,regulatory_histone_dnase_v1,regulatory_histone_dnase_v1,cpgpt_large_locus,cpgpt_large_locus,0.2569747516,0.2477838832,0.2663125412,"95% percentile bootstrap over 22 chromosome blocks (B=1000, seed 17); coarse by design (frozen protocol sec.0)",0.001998001998,,False,delta = regulatory_histone_dnase_v1 - comparator (higher-is-better metric),outputs/biological_validation_v2/bioval-v2-protocol-freeze-v1/exploratory_posthoc_loyfer/contrasts/ridge__regulatory_histone_dnase_v1__vs__cpgpt_large_locus.csv,89a802c31fe339379a850669584c03bc25dcb4d6226fc910f1c9182486f993f0,exploratory,EXPLORATORY POST-HOC; raw p; no Holm
201,v2_exploratory_posthoc,v2_exploratory_posthoc/B3_ridge__raw__variable_cpgs,raw/variable_cpgs/pearson_pooled,regulatory_histone_dnase_v1,regulatory_histone_dnase_v1,deepcpg_dna_locus,deepcpg_dna_locus,0.2986384102,0.2883867498,0.3081049354,"95% percentile bootstrap over 22 chromosome blocks (B=1000, seed 17); coarse by design (frozen protocol sec.0)",0.001998001998,,False,delta = regulatory_histone_dnase_v1 - comparator (higher-is-better metric),outputs/biological_validation_v2/bioval-v2-protocol-freeze-v1/exploratory_posthoc_loyfer/contrasts/ridge__regulatory_histone_dnase_v1__vs__deepcpg_dna_locus.csv,9614095b1cf9891fc47059438892bbb245b342f25d99802aa6444144ec2d5731,exploratory,EXPLORATORY POST-HOC; raw p; no Holm
202,v2_exploratory_posthoc,v2_exploratory_posthoc/B3_ridge__raw__variable_cpgs,raw/variable_cpgs/pearson_pooled,regulatory_histone_dnase_v1,regulatory_histone_dnase_v1,functional_annotations_pca,functional_annotations_pca,-0.008091588448,-0.00866531179,-0.007510066964,"95% percentile bootstrap over 22 chromosome blocks (B=1000, seed 17); coarse by design (frozen protocol sec.0)",0.001998001998,,False,delta = regulatory_histone_dnase_v1 - comparator (higher-is-better metric),outputs/biological_validation_v2/bioval-v2-protocol-freeze-v1/exploratory_posthoc_loyfer/contrasts/ridge__regulatory_histone_dnase_v1__vs__functional_annotations_pca.csv,75d25e8a55cf2e3d43c1f15f421564ee2a337b923f2d63a961d064773d9b9198,exploratory,EXPLORATORY POST-HOC; raw p; no Holm
203,v2_exploratory_posthoc,v2_exploratory_posthoc/B3_ridge__raw__variable_cpgs,raw/variable_cpgs/r2_global,regulatory_histone_dnase_v1,regulatory_histone_dnase_v1,cpgpt_large_locus,cpgpt_large_locus,0.3713726851,0.3558616294,0.3868935882,"95% percentile bootstrap over 22 chromosome blocks (B=1000, seed 17); coarse by design (frozen protocol sec.0)",0.001998001998,,False,delta = regulatory_histone_dnase_v1 - comparator (higher-is-better metric),outputs/biological_validation_v2/bioval-v2-protocol-freeze-v1/exploratory_posthoc_loyfer/contrasts/ridge__regulatory_histone_dnase_v1__vs__cpgpt_large_locus.csv,89a802c31fe339379a850669584c03bc25dcb4d6226fc910f1c9182486f993f0,exploratory,EXPLORATORY POST-HOC; raw p; no Holm
204,v2_exploratory_posthoc,v2_exploratory_posthoc/B3_ridge__raw__variable_cpgs,raw/variable_cpgs/r2_global,regulatory_histone_dnase_v1,regulatory_histone_dnase_v1,deepcpg_dna_locus,deepcpg_dna_locus,0.3662742888,0.354342729,0.3771663334,"95% percentile bootstrap over 22 chromosome blocks (B=1000, seed 17); coarse by design (frozen protocol sec.0)",0.001998001998,,False,delta = regulatory_histone_dnase_v1 - comparator (higher-is-better metric),outputs/biological_validation_v2/bioval-v2-protocol-freeze-v1/exploratory_posthoc_loyfer/contrasts/ridge__regulatory_histone_dnase_v1__vs__deepcpg_dna_locus.csv,9614095b1cf9891fc47059438892bbb245b342f25d99802aa6444144ec2d5731,exploratory,EXPLORATORY POST-HOC; raw p; no Holm
205,v2_exploratory_posthoc,v2_exploratory_posthoc/B3_ridge__raw__variable_cpgs,raw/variable_cpgs/r2_global,regulatory_histone_dnase_v1,regulatory_histone_dnase_v1,functional_annotations_pca,functional_annotations_pca,-0.01255827583,-0.01346127724,-0.01161992933,"95% percentile bootstrap over 22 chromosome blocks (B=1000, seed 17); coarse by design (frozen protocol sec.0)",0.001998001998,,False,delta = regulatory_histone_dnase_v1 - comparator (higher-is-better metric),outputs/biological_validation_v2/bioval-v2-protocol-freeze-v1/exploratory_posthoc_loyfer/contrasts/ridge__regulatory_histone_dnase_v1__vs__functional_annotations_pca.csv,75d25e8a55cf2e3d43c1f15f421564ee2a337b923f2d63a961d064773d9b9198,exploratory,EXPLORATORY POST-HOC; raw p; no Holm
206,v2_exploratory_posthoc,v2_exploratory_posthoc/B3_ridge__raw__variable_cpgs,raw/variable_cpgs/r2_macro,regulatory_histone_dnase_v1,regulatory_histone_dnase_v1,cpgpt_large_locus,cpgpt_large_locus,0.3723947185,0.3566105782,0.3882493068,"95% percentile bootstrap over 22 chromosome blocks (B=1000, seed 17); coarse by design (frozen protocol sec.0)",0.001998001998,,False,delta = regulatory_histone_dnase_v1 - comparator (higher-is-better metric),outputs/biological_validation_v2/bioval-v2-protocol-freeze-v1/exploratory_posthoc_loyfer/contrasts/ridge__regulatory_histone_dnase_v1__vs__cpgpt_large_locus.csv,89a802c31fe339379a850669584c03bc25dcb4d6226fc910f1c9182486f993f0,exploratory,EXPLORATORY POST-HOC; raw p; no Holm
207,v2_exploratory_posthoc,v2_exploratory_posthoc/B3_ridge__raw__variable_cpgs,raw/variable_cpgs/r2_macro,regulatory_histone_dnase_v1,regulatory_histone_dnase_v1,deepcpg_dna_locus,deepcpg_dna_locus,0.3673721543,0.3553946401,0.3784615989,"95% percentile bootstrap over 22 chromosome blocks (B=1000, seed 17); coarse by design (frozen protocol sec.0)",0.001998001998,,False,delta = regulatory_histone_dnase_v1 - comparator (higher-is-better metric),outputs/biological_validation_v2/bioval-v2-protocol-freeze-v1/exploratory_posthoc_loyfer/contrasts/ridge__regulatory_histone_dnase_v1__vs__deepcpg_dna_locus.csv,9614095b1cf9891fc47059438892bbb245b342f25d99802aa6444144ec2d5731,exploratory,EXPLORATORY POST-HOC; raw p; no Holm
208,v2_exploratory_posthoc,v2_exploratory_posthoc/B3_ridge__raw__variable_cpgs,raw/variable_cpgs/r2_macro,regulatory_histone_dnase_v1,regulatory_histone_dnase_v1,functional_annotations_pca,functional_annotations_pca,-0.01270817582,-0.01362374417,-0.01177334132,"95% percentile bootstrap over 22 chromosome blocks (B=1000, seed 17); coarse by design (frozen protocol sec.0)",0.001998001998,,False,delta = regulatory_histone_dnase_v1 - comparator (higher-is-better metric),outputs/biological_validation_v2/bioval-v2-protocol-freeze-v1/exploratory_posthoc_loyfer/contrasts/ridge__regulatory_histone_dnase_v1__vs__functional_annotations_pca.csv,75d25e8a55cf2e3d43c1f15f421564ee2a337b923f2d63a961d064773d9b9198,exploratory,EXPLORATORY POST-HOC; raw p; no Holm
209,v2_exploratory_posthoc,v2_exploratory_posthoc/exploratory_similarity,spearman__centered_cosine__M_Q1,regulatory_histone_dnase_v1,regulatory_histone_dnase_v1,cpgpt_large_locus,cpgpt_large_locus,0.05643047327,0.04482029454,0.0683809442,"95% percentile bootstrap over 22 chromosome blocks (B=1000, seed 17); coarse by design (frozen protocol sec.0)",0.001998001998,,False,delta = regulatory_histone_dnase_v1 - comparator (higher-is-better metric),outputs/biological_validation_v2/bioval-v2-protocol-freeze-v1/exploratory_posthoc_loyfer/contrasts/similarity__regulatory_histone_dnase_v1__vs__cpgpt_large_locus.csv,af955b4eb032e20f9947bdc36c7ec5b8572ee85ea2bc2e659eee43f91de388c1,exploratory,EXPLORATORY POST-HOC; raw p; no Holm
210,v2_exploratory_posthoc,v2_exploratory_posthoc/exploratory_similarity,spearman__centered_cosine__M_Q1,regulatory_histone_dnase_v1,regulatory_histone_dnase_v1,deepcpg_dna_locus,deepcpg_dna_locus,0.09140473854,0.07806715587,0.1071724555,"95% percentile bootstrap over 22 chromosome blocks (B=1000, seed 17); coarse by design (frozen protocol sec.0)",0.001998001998,,False,delta = regulatory_histone_dnase_v1 - comparator (higher-is-better metric),outputs/biological_validation_v2/bioval-v2-protocol-freeze-v1/exploratory_posthoc_loyfer/contrasts/similarity__regulatory_histone_dnase_v1__vs__deepcpg_dna_locus.csv,2b0ed213fe6055b3cda9eed9bc7e98c68d77585e382bfd761d7d73eb778ea377,exploratory,EXPLORATORY POST-HOC; raw p; no Holm
211,v2_exploratory_posthoc,v2_exploratory_posthoc/exploratory_similarity,spearman__centered_cosine__M_Q1,regulatory_histone_dnase_v1,regulatory_histone_dnase_v1,functional_annotations_pca,functional_annotations_pca,-0.01032937974,-0.01224380566,-0.008736818137,"95% percentile bootstrap over 22 chromosome blocks (B=1000, seed 17); coarse by design (frozen protocol sec.0)",0.001998001998,,False,delta = regulatory_histone_dnase_v1 - comparator (higher-is-better metric),outputs/biological_validation_v2/bioval-v2-protocol-freeze-v1/exploratory_posthoc_loyfer/contrasts/similarity__regulatory_histone_dnase_v1__vs__functional_annotations_pca.csv,56167635967edd3d6ede518e5eddc1fcd532652735cd585e6ce0a36e9dc38da6,exploratory,EXPLORATORY POST-HOC; raw p; no Holm
212,v2_exploratory_posthoc,v2_exploratory_posthoc/exploratory_similarity,spearman__centered_cosine__M_Q2,regulatory_histone_dnase_v1,regulatory_histone_dnase_v1,cpgpt_large_locus,cpgpt_large_locus,0.02980643087,0.02339783611,0.03663884942,"95% percentile bootstrap over 22 chromosome blocks (B=1000, seed 17); coarse by design (frozen protocol sec.0)",0.001998001998,,False,delta = regulatory_histone_dnase_v1 - comparator (higher-is-better metric),outputs/biological_validation_v2/bioval-v2-protocol-freeze-v1/exploratory_posthoc_loyfer/contrasts/similarity__regulatory_histone_dnase_v1__vs__cpgpt_large_locus.csv,af955b4eb032e20f9947bdc36c7ec5b8572ee85ea2bc2e659eee43f91de388c1,exploratory,EXPLORATORY POST-HOC; raw p; no Holm
213,v2_exploratory_posthoc,v2_exploratory_posthoc/exploratory_similarity,spearman__centered_cosine__M_Q2,regulatory_histone_dnase_v1,regulatory_histone_dnase_v1,deepcpg_dna_locus,deepcpg_dna_locus,0.0307753504,0.02409842728,0.03738980985,"95% percentile bootstrap over 22 chromosome blocks (B=1000, seed 17); coarse by design (frozen protocol sec.0)",0.001998001998,,False,delta = regulatory_histone_dnase_v1 - comparator (higher-is-better metric),outputs/biological_validation_v2/bioval-v2-protocol-freeze-v1/exploratory_posthoc_loyfer/contrasts/similarity__regulatory_histone_dnase_v1__vs__deepcpg_dna_locus.csv,2b0ed213fe6055b3cda9eed9bc7e98c68d77585e382bfd761d7d73eb778ea377,exploratory,EXPLORATORY POST-HOC; raw p; no Holm
214,v2_exploratory_posthoc,v2_exploratory_posthoc/exploratory_similarity,spearman__centered_cosine__M_Q2,regulatory_histone_dnase_v1,regulatory_histone_dnase_v1,functional_annotations_pca,functional_annotations_pca,-0.002562387158,-0.003137539944,-0.001980510079,"95% percentile bootstrap over 22 chromosome blocks (B=1000, seed 17); coarse by design (frozen protocol sec.0)",0.001998001998,,False,delta = regulatory_histone_dnase_v1 - comparator (higher-is-better metric),outputs/biological_validation_v2/bioval-v2-protocol-freeze-v1/exploratory_posthoc_loyfer/contrasts/similarity__regulatory_histone_dnase_v1__vs__functional_annotations_pca.csv,56167635967edd3d6ede518e5eddc1fcd532652735cd585e6ce0a36e9dc38da6,exploratory,EXPLORATORY POST-HOC; raw p; no Holm
215,v2_exploratory_posthoc,v2_exploratory_posthoc/exploratory_similarity,spearman__centered_cosine__M_Q3,regulatory_histone_dnase_v1,regulatory_histone_dnase_v1,cpgpt_large_locus,cpgpt_large_locus,0.0619482298,0.05399821511,0.07051812631,"95% percentile bootstrap over 22 chromosome blocks (B=1000, seed 17); coarse by design (frozen protocol sec.0)",0.001998001998,,False,delta = regulatory_histone_dnase_v1 - comparator (higher-is-better metric),outputs/biological_validation_v2/bioval-v2-protocol-freeze-v1/exploratory_posthoc_loyfer/contrasts/similarity__regulatory_histone_dnase_v1__vs__cpgpt_large_locus.csv,af955b4eb032e20f9947bdc36c7ec5b8572ee85ea2bc2e659eee43f91de388c1,exploratory,EXPLORATORY POST-HOC; raw p; no Holm
216,v2_exploratory_posthoc,v2_exploratory_posthoc/exploratory_similarity,spearman__centered_cosine__M_Q3,regulatory_histone_dnase_v1,regulatory_histone_dnase_v1,deepcpg_dna_locus,deepcpg_dna_locus,0.1031681987,0.09580830638,0.1132312891,"95% percentile bootstrap over 22 chromosome blocks (B=1000, seed 17); coarse by design (frozen protocol sec.0)",0.001998001998,,False,delta = regulatory_histone_dnase_v1 - comparator (higher-is-better metric),outputs/biological_validation_v2/bioval-v2-protocol-freeze-v1/exploratory_posthoc_loyfer/contrasts/similarity__regulatory_histone_dnase_v1__vs__deepcpg_dna_locus.csv,2b0ed213fe6055b3cda9eed9bc7e98c68d77585e382bfd761d7d73eb778ea377,exploratory,EXPLORATORY POST-HOC; raw p; no Holm
217,v2_exploratory_posthoc,v2_exploratory_posthoc/exploratory_similarity,spearman__centered_cosine__M_Q3,regulatory_histone_dnase_v1,regulatory_histone_dnase_v1,functional_annotations_pca,functional_annotations_pca,-0.001769808669,-0.002196615312,-0.001330410955,"95% percentile bootstrap over 22 chromosome blocks (B=1000, seed 17); coarse by design (frozen protocol sec.0)",0.001998001998,,False,delta = regulatory_histone_dnase_v1 - comparator (higher-is-better metric),outputs/biological_validation_v2/bioval-v2-protocol-freeze-v1/exploratory_posthoc_loyfer/contrasts/similarity__regulatory_histone_dnase_v1__vs__functional_annotations_pca.csv,56167635967edd3d6ede518e5eddc1fcd532652735cd585e6ce0a36e9dc38da6,exploratory,EXPLORATORY POST-HOC; raw p; no Holm
218,v2_exploratory_posthoc,v2_exploratory_posthoc/exploratory_similarity,spearman__centered_cosine__M_Q4,regulatory_histone_dnase_v1,regulatory_histone_dnase_v1,cpgpt_large_locus,cpgpt_large_locus,0.1554911867,0.1490138467,0.1632601356,"95% percentile bootstrap over 22 chromosome blocks (B=1000, seed 17); coarse by design (frozen protocol sec.0)",0.001998001998,,False,delta = regulatory_histone_dnase_v1 - comparator (higher-is-better metric),outputs/biological_validation_v2/bioval-v2-protocol-freeze-v1/exploratory_posthoc_loyfer/contrasts/similarity__regulatory_histone_dnase_v1__vs__cpgpt_large_locus.csv,af955b4eb032e20f9947bdc36c7ec5b8572ee85ea2bc2e659eee43f91de388c1,exploratory,EXPLORATORY POST-HOC; raw p; no Holm
219,v2_exploratory_posthoc,v2_exploratory_posthoc/exploratory_similarity,spearman__centered_cosine__M_Q4,regulatory_histone_dnase_v1,regulatory_histone_dnase_v1,deepcpg_dna_locus,deepcpg_dna_locus,0.2970716967,0.2800230102,0.3133633629,"95% percentile bootstrap over 22 chromosome blocks (B=1000, seed 17); coarse by design (frozen protocol sec.0)",0.001998001998,,False,delta = regulatory_histone_dnase_v1 - comparator (higher-is-better metric),outputs/biological_validation_v2/bioval-v2-protocol-freeze-v1/exploratory_posthoc_loyfer/contrasts/similarity__regulatory_histone_dnase_v1__vs__deepcpg_dna_locus.csv,2b0ed213fe6055b3cda9eed9bc7e98c68d77585e382bfd761d7d73eb778ea377,exploratory,EXPLORATORY POST-HOC; raw p; no Holm
220,v2_exploratory_posthoc,v2_exploratory_posthoc/exploratory_similarity,spearman__centered_cosine__M_Q4,regulatory_histone_dnase_v1,regulatory_histone_dnase_v1,functional_annotations_pca,functional_annotations_pca,0.001253220245,0.0003987728405,0.002108769157,"95% percentile bootstrap over 22 chromosome blocks (B=1000, seed 17); coarse by design (frozen protocol sec.0)",0.007992007992,,False,delta = regulatory_histone_dnase_v1 - comparator (higher-is-better metric),outputs/biological_validation_v2/bioval-v2-protocol-freeze-v1/exploratory_posthoc_loyfer/contrasts/similarity__regulatory_histone_dnase_v1__vs__functional_annotations_pca.csv,56167635967edd3d6ede518e5eddc1fcd532652735cd585e6ce0a36e9dc38da6,exploratory,EXPLORATORY POST-HOC; raw p; no Holm
221,v2_exploratory_posthoc,v2_exploratory_posthoc/exploratory_similarity,spearman__centered_cosine__V_Q1,regulatory_histone_dnase_v1,regulatory_histone_dnase_v1,cpgpt_large_locus,cpgpt_large_locus,0.01030158777,0.00620028654,0.01451971662,"95% percentile bootstrap over 22 chromosome blocks (B=1000, seed 17); coarse by design (frozen protocol sec.0)",0.001998001998,,False,delta = regulatory_histone_dnase_v1 - comparator (higher-is-better metric),outputs/biological_validation_v2/bioval-v2-protocol-freeze-v1/exploratory_posthoc_loyfer/contrasts/similarity__regulatory_histone_dnase_v1__vs__cpgpt_large_locus.csv,af955b4eb032e20f9947bdc36c7ec5b8572ee85ea2bc2e659eee43f91de388c1,exploratory,EXPLORATORY POST-HOC; raw p; no Holm
222,v2_exploratory_posthoc,v2_exploratory_posthoc/exploratory_similarity,spearman__centered_cosine__V_Q1,regulatory_histone_dnase_v1,regulatory_histone_dnase_v1,deepcpg_dna_locus,deepcpg_dna_locus,0.00591271273,-0.0003289095895,0.01312942907,"95% percentile bootstrap over 22 chromosome blocks (B=1000, seed 17); coarse by design (frozen protocol sec.0)",0.06393606394,,False,delta = regulatory_histone_dnase_v1 - comparator (higher-is-better metric),outputs/biological_validation_v2/bioval-v2-protocol-freeze-v1/exploratory_posthoc_loyfer/contrasts/similarity__regulatory_histone_dnase_v1__vs__deepcpg_dna_locus.csv,2b0ed213fe6055b3cda9eed9bc7e98c68d77585e382bfd761d7d73eb778ea377,exploratory,EXPLORATORY POST-HOC; raw p; no Holm
223,v2_exploratory_posthoc,v2_exploratory_posthoc/exploratory_similarity,spearman__centered_cosine__V_Q1,regulatory_histone_dnase_v1,regulatory_histone_dnase_v1,functional_annotations_pca,functional_annotations_pca,-0.001223434013,-0.001869654233,-0.0006482527754,"95% percentile bootstrap over 22 chromosome blocks (B=1000, seed 17); coarse by design (frozen protocol sec.0)",0.001998001998,,False,delta = regulatory_histone_dnase_v1 - comparator (higher-is-better metric),outputs/biological_validation_v2/bioval-v2-protocol-freeze-v1/exploratory_posthoc_loyfer/contrasts/similarity__regulatory_histone_dnase_v1__vs__functional_annotations_pca.csv,56167635967edd3d6ede518e5eddc1fcd532652735cd585e6ce0a36e9dc38da6,exploratory,EXPLORATORY POST-HOC; raw p; no Holm
224,v2_exploratory_posthoc,v2_exploratory_posthoc/exploratory_similarity,spearman__centered_cosine__V_Q2,regulatory_histone_dnase_v1,regulatory_histone_dnase_v1,cpgpt_large_locus,cpgpt_large_locus,0.07386910968,0.06530969614,0.08275246173,"95% percentile bootstrap over 22 chromosome blocks (B=1000, seed 17); coarse by design (frozen protocol sec.0)",0.001998001998,,False,delta = regulatory_histone_dnase_v1 - comparator (higher-is-better metric),outputs/biological_validation_v2/bioval-v2-protocol-freeze-v1/exploratory_posthoc_loyfer/contrasts/similarity__regulatory_histone_dnase_v1__vs__cpgpt_large_locus.csv,af955b4eb032e20f9947bdc36c7ec5b8572ee85ea2bc2e659eee43f91de388c1,exploratory,EXPLORATORY POST-HOC; raw p; no Holm
225,v2_exploratory_posthoc,v2_exploratory_posthoc/exploratory_similarity,spearman__centered_cosine__V_Q2,regulatory_histone_dnase_v1,regulatory_histone_dnase_v1,deepcpg_dna_locus,deepcpg_dna_locus,0.07807755107,0.06887348952,0.08700782743,"95% percentile bootstrap over 22 chromosome blocks (B=1000, seed 17); coarse by design (frozen protocol sec.0)",0.001998001998,,False,delta = regulatory_histone_dnase_v1 - comparator (higher-is-better metric),outputs/biological_validation_v2/bioval-v2-protocol-freeze-v1/exploratory_posthoc_loyfer/contrasts/similarity__regulatory_histone_dnase_v1__vs__deepcpg_dna_locus.csv,2b0ed213fe6055b3cda9eed9bc7e98c68d77585e382bfd761d7d73eb778ea377,exploratory,EXPLORATORY POST-HOC; raw p; no Holm
226,v2_exploratory_posthoc,v2_exploratory_posthoc/exploratory_similarity,spearman__centered_cosine__V_Q2,regulatory_histone_dnase_v1,regulatory_histone_dnase_v1,functional_annotations_pca,functional_annotations_pca,-0.004912857128,-0.005380436847,-0.00451229138,"95% percentile bootstrap over 22 chromosome blocks (B=1000, seed 17); coarse by design (frozen protocol sec.0)",0.001998001998,,False,delta = regulatory_histone_dnase_v1 - comparator (higher-is-better metric),outputs/biological_validation_v2/bioval-v2-protocol-freeze-v1/exploratory_posthoc_loyfer/contrasts/similarity__regulatory_histone_dnase_v1__vs__functional_annotations_pca.csv,56167635967edd3d6ede518e5eddc1fcd532652735cd585e6ce0a36e9dc38da6,exploratory,EXPLORATORY POST-HOC; raw p; no Holm
227,v2_exploratory_posthoc,v2_exploratory_posthoc/exploratory_similarity,spearman__centered_cosine__V_Q3,regulatory_histone_dnase_v1,regulatory_histone_dnase_v1,cpgpt_large_locus,cpgpt_large_locus,0.1330748775,0.1240270709,0.1423343423,"95% percentile bootstrap over 22 chromosome blocks (B=1000, seed 17); coarse by design (frozen protocol sec.0)",0.001998001998,,False,delta = regulatory_histone_dnase_v1 - comparator (higher-is-better metric),outputs/biological_validation_v2/bioval-v2-protocol-freeze-v1/exploratory_posthoc_loyfer/contrasts/similarity__regulatory_histone_dnase_v1__vs__cpgpt_large_locus.csv,af955b4eb032e20f9947bdc36c7ec5b8572ee85ea2bc2e659eee43f91de388c1,exploratory,EXPLORATORY POST-HOC; raw p; no Holm
228,v2_exploratory_posthoc,v2_exploratory_posthoc/exploratory_similarity,spearman__centered_cosine__V_Q3,regulatory_histone_dnase_v1,regulatory_histone_dnase_v1,deepcpg_dna_locus,deepcpg_dna_locus,0.2013819688,0.1832010513,0.219225981,"95% percentile bootstrap over 22 chromosome blocks (B=1000, seed 17); coarse by design (frozen protocol sec.0)",0.001998001998,,False,delta = regulatory_histone_dnase_v1 - comparator (higher-is-better metric),outputs/biological_validation_v2/bioval-v2-protocol-freeze-v1/exploratory_posthoc_loyfer/contrasts/similarity__regulatory_histone_dnase_v1__vs__deepcpg_dna_locus.csv,2b0ed213fe6055b3cda9eed9bc7e98c68d77585e382bfd761d7d73eb778ea377,exploratory,EXPLORATORY POST-HOC; raw p; no Holm
229,v2_exploratory_posthoc,v2_exploratory_posthoc/exploratory_similarity,spearman__centered_cosine__V_Q3,regulatory_histone_dnase_v1,regulatory_histone_dnase_v1,functional_annotations_pca,functional_annotations_pca,-0.000946809266,-0.001450688941,-0.0003843127319,"95% percentile bootstrap over 22 chromosome blocks (B=1000, seed 17); coarse by design (frozen protocol sec.0)",0.001998001998,,False,delta = regulatory_histone_dnase_v1 - comparator (higher-is-better metric),outputs/biological_validation_v2/bioval-v2-protocol-freeze-v1/exploratory_posthoc_loyfer/contrasts/similarity__regulatory_histone_dnase_v1__vs__functional_annotations_pca.csv,56167635967edd3d6ede518e5eddc1fcd532652735cd585e6ce0a36e9dc38da6,exploratory,EXPLORATORY POST-HOC; raw p; no Holm
230,v2_exploratory_posthoc,v2_exploratory_posthoc/exploratory_similarity,spearman__centered_cosine__V_Q4,regulatory_histone_dnase_v1,regulatory_histone_dnase_v1,cpgpt_large_locus,cpgpt_large_locus,0.0665642587,0.05615772648,0.07772555837,"95% percentile bootstrap over 22 chromosome blocks (B=1000, seed 17); coarse by design (frozen protocol sec.0)",0.001998001998,,False,delta = regulatory_histone_dnase_v1 - comparator (higher-is-better metric),outputs/biological_validation_v2/bioval-v2-protocol-freeze-v1/exploratory_posthoc_loyfer/contrasts/similarity__regulatory_histone_dnase_v1__vs__cpgpt_large_locus.csv,af955b4eb032e20f9947bdc36c7ec5b8572ee85ea2bc2e659eee43f91de388c1,exploratory,EXPLORATORY POST-HOC; raw p; no Holm
231,v2_exploratory_posthoc,v2_exploratory_posthoc/exploratory_similarity,spearman__centered_cosine__V_Q4,regulatory_histone_dnase_v1,regulatory_histone_dnase_v1,deepcpg_dna_locus,deepcpg_dna_locus,0.2194405198,0.2027182593,0.2384238618,"95% percentile bootstrap over 22 chromosome blocks (B=1000, seed 17); coarse by design (frozen protocol sec.0)",0.001998001998,,False,delta = regulatory_histone_dnase_v1 - comparator (higher-is-better metric),outputs/biological_validation_v2/bioval-v2-protocol-freeze-v1/exploratory_posthoc_loyfer/contrasts/similarity__regulatory_histone_dnase_v1__vs__deepcpg_dna_locus.csv,2b0ed213fe6055b3cda9eed9bc7e98c68d77585e382bfd761d7d73eb778ea377,exploratory,EXPLORATORY POST-HOC; raw p; no Holm
232,v2_exploratory_posthoc,v2_exploratory_posthoc/exploratory_similarity,spearman__centered_cosine__V_Q4,regulatory_histone_dnase_v1,regulatory_histone_dnase_v1,functional_annotations_pca,functional_annotations_pca,0.002608995668,0.002030649684,0.003162364416,"95% percentile bootstrap over 22 chromosome blocks (B=1000, seed 17); coarse by design (frozen protocol sec.0)",0.001998001998,,False,delta = regulatory_histone_dnase_v1 - comparator (higher-is-better metric),outputs/biological_validation_v2/bioval-v2-protocol-freeze-v1/exploratory_posthoc_loyfer/contrasts/similarity__regulatory_histone_dnase_v1__vs__functional_annotations_pca.csv,56167635967edd3d6ede518e5eddc1fcd532652735cd585e6ce0a36e9dc38da6,exploratory,EXPLORATORY POST-HOC; raw p; no Holm
233,v2_exploratory_posthoc,v2_exploratory_posthoc/exploratory_similarity,spearman__centered_cosine__V_top10pct,regulatory_histone_dnase_v1,regulatory_histone_dnase_v1,cpgpt_large_locus,cpgpt_large_locus,0.05132169353,0.03054588747,0.07181041507,"95% percentile bootstrap over 22 chromosome blocks (B=1000, seed 17); coarse by design (frozen protocol sec.0)",0.001998001998,,False,delta = regulatory_histone_dnase_v1 - comparator (higher-is-better metric),outputs/biological_validation_v2/bioval-v2-protocol-freeze-v1/exploratory_posthoc_loyfer/contrasts/similarity__regulatory_histone_dnase_v1__vs__cpgpt_large_locus.csv,af955b4eb032e20f9947bdc36c7ec5b8572ee85ea2bc2e659eee43f91de388c1,exploratory,EXPLORATORY POST-HOC; raw p; no Holm
234,v2_exploratory_posthoc,v2_exploratory_posthoc/exploratory_similarity,spearman__centered_cosine__V_top10pct,regulatory_histone_dnase_v1,regulatory_histone_dnase_v1,deepcpg_dna_locus,deepcpg_dna_locus,0.2616646527,0.2410539849,0.2869638803,"95% percentile bootstrap over 22 chromosome blocks (B=1000, seed 17); coarse by design (frozen protocol sec.0)",0.001998001998,,False,delta = regulatory_histone_dnase_v1 - comparator (higher-is-better metric),outputs/biological_validation_v2/bioval-v2-protocol-freeze-v1/exploratory_posthoc_loyfer/contrasts/similarity__regulatory_histone_dnase_v1__vs__deepcpg_dna_locus.csv,2b0ed213fe6055b3cda9eed9bc7e98c68d77585e382bfd761d7d73eb778ea377,exploratory,EXPLORATORY POST-HOC; raw p; no Holm
235,v2_exploratory_posthoc,v2_exploratory_posthoc/exploratory_similarity,spearman__centered_cosine__V_top10pct,regulatory_histone_dnase_v1,regulatory_histone_dnase_v1,functional_annotations_pca,functional_annotations_pca,0.00405287044,0.003288515359,0.004904200054,"95% percentile bootstrap over 22 chromosome blocks (B=1000, seed 17); coarse by design (frozen protocol sec.0)",0.001998001998,,False,delta = regulatory_histone_dnase_v1 - comparator (higher-is-better metric),outputs/biological_validation_v2/bioval-v2-protocol-freeze-v1/exploratory_posthoc_loyfer/contrasts/similarity__regulatory_histone_dnase_v1__vs__functional_annotations_pca.csv,56167635967edd3d6ede518e5eddc1fcd532652735cd585e6ce0a36e9dc38da6,exploratory,EXPLORATORY POST-HOC; raw p; no Holm
236,v2_exploratory_posthoc,v2_exploratory_posthoc/exploratory_similarity,spearman__centered_cosine__all,regulatory_histone_dnase_v1,regulatory_histone_dnase_v1,cpgpt_large_locus,cpgpt_large_locus,0.1034443289,0.0964839073,0.1104323782,"95% percentile bootstrap over 22 chromosome blocks (B=1000, seed 17); coarse by design (frozen protocol sec.0)",0.001998001998,,False,delta = regulatory_histone_dnase_v1 - comparator (higher-is-better metric),outputs/biological_validation_v2/bioval-v2-protocol-freeze-v1/exploratory_posthoc_loyfer/contrasts/similarity__regulatory_histone_dnase_v1__vs__cpgpt_large_locus.csv,af955b4eb032e20f9947bdc36c7ec5b8572ee85ea2bc2e659eee43f91de388c1,exploratory,EXPLORATORY POST-HOC; raw p; no Holm
237,v2_exploratory_posthoc,v2_exploratory_posthoc/exploratory_similarity,spearman__centered_cosine__all,regulatory_histone_dnase_v1,regulatory_histone_dnase_v1,deepcpg_dna_locus,deepcpg_dna_locus,0.1193317369,0.1090159257,0.130797177,"95% percentile bootstrap over 22 chromosome blocks (B=1000, seed 17); coarse by design (frozen protocol sec.0)",0.001998001998,,False,delta = regulatory_histone_dnase_v1 - comparator (higher-is-better metric),outputs/biological_validation_v2/bioval-v2-protocol-freeze-v1/exploratory_posthoc_loyfer/contrasts/similarity__regulatory_histone_dnase_v1__vs__deepcpg_dna_locus.csv,2b0ed213fe6055b3cda9eed9bc7e98c68d77585e382bfd761d7d73eb778ea377,exploratory,EXPLORATORY POST-HOC; raw p; no Holm
238,v2_exploratory_posthoc,v2_exploratory_posthoc/exploratory_similarity,spearman__centered_cosine__all,regulatory_histone_dnase_v1,regulatory_histone_dnase_v1,functional_annotations_pca,functional_annotations_pca,-0.006210716897,-0.006787322258,-0.005731795204,"95% percentile bootstrap over 22 chromosome blocks (B=1000, seed 17); coarse by design (frozen protocol sec.0)",0.001998001998,,False,delta = regulatory_histone_dnase_v1 - comparator (higher-is-better metric),outputs/biological_validation_v2/bioval-v2-protocol-freeze-v1/exploratory_posthoc_loyfer/contrasts/similarity__regulatory_histone_dnase_v1__vs__functional_annotations_pca.csv,56167635967edd3d6ede518e5eddc1fcd532652735cd585e6ce0a36e9dc38da6,exploratory,EXPLORATORY POST-HOC; raw p; no Holm
239,v2_exploratory_posthoc,v2_exploratory_posthoc/exploratory_similarity,spearman__centered_cosine__chrom_inter,regulatory_histone_dnase_v1,regulatory_histone_dnase_v1,cpgpt_large_locus,cpgpt_large_locus,0.08314660334,0.07801500912,0.08842230918,"95% percentile bootstrap over 22 chromosome blocks (B=1000, seed 17); coarse by design (frozen protocol sec.0)",0.001998001998,,False,delta = regulatory_histone_dnase_v1 - comparator (higher-is-better metric),outputs/biological_validation_v2/bioval-v2-protocol-freeze-v1/exploratory_posthoc_loyfer/contrasts/similarity__regulatory_histone_dnase_v1__vs__cpgpt_large_locus.csv,af955b4eb032e20f9947bdc36c7ec5b8572ee85ea2bc2e659eee43f91de388c1,exploratory,EXPLORATORY POST-HOC; raw p; no Holm
240,v2_exploratory_posthoc,v2_exploratory_posthoc/exploratory_similarity,spearman__centered_cosine__chrom_inter,regulatory_histone_dnase_v1,regulatory_histone_dnase_v1,deepcpg_dna_locus,deepcpg_dna_locus,0.0644337955,0.05934804796,0.07065770647,"95% percentile bootstrap over 22 chromosome blocks (B=1000, seed 17); coarse by design (frozen protocol sec.0)",0.001998001998,,False,delta = regulatory_histone_dnase_v1 - comparator (higher-is-better metric),outputs/biological_validation_v2/bioval-v2-protocol-freeze-v1/exploratory_posthoc_loyfer/contrasts/similarity__regulatory_histone_dnase_v1__vs__deepcpg_dna_locus.csv,2b0ed213fe6055b3cda9eed9bc7e98c68d77585e382bfd761d7d73eb778ea377,exploratory,EXPLORATORY POST-HOC; raw p; no Holm
241,v2_exploratory_posthoc,v2_exploratory_posthoc/exploratory_similarity,spearman__centered_cosine__chrom_inter,regulatory_histone_dnase_v1,regulatory_histone_dnase_v1,functional_annotations_pca,functional_annotations_pca,-0.005867057183,-0.006424022947,-0.005308797483,"95% percentile bootstrap over 22 chromosome blocks (B=1000, seed 17); coarse by design (frozen protocol sec.0)",0.001998001998,,False,delta = regulatory_histone_dnase_v1 - comparator (higher-is-better metric),outputs/biological_validation_v2/bioval-v2-protocol-freeze-v1/exploratory_posthoc_loyfer/contrasts/similarity__regulatory_histone_dnase_v1__vs__functional_annotations_pca.csv,56167635967edd3d6ede518e5eddc1fcd532652735cd585e6ce0a36e9dc38da6,exploratory,EXPLORATORY POST-HOC; raw p; no Holm
242,v2_exploratory_posthoc,v2_exploratory_posthoc/exploratory_similarity,spearman__centered_cosine__chrom_intra,regulatory_histone_dnase_v1,regulatory_histone_dnase_v1,cpgpt_large_locus,cpgpt_large_locus,0.1282304885,0.1199229672,0.1349902778,"95% percentile bootstrap over 22 chromosome blocks (B=1000, seed 17); coarse by design (frozen protocol sec.0)",0.001998001998,,False,delta = regulatory_histone_dnase_v1 - comparator (higher-is-better metric),outputs/biological_validation_v2/bioval-v2-protocol-freeze-v1/exploratory_posthoc_loyfer/contrasts/similarity__regulatory_histone_dnase_v1__vs__cpgpt_large_locus.csv,af955b4eb032e20f9947bdc36c7ec5b8572ee85ea2bc2e659eee43f91de388c1,exploratory,EXPLORATORY POST-HOC; raw p; no Holm
243,v2_exploratory_posthoc,v2_exploratory_posthoc/exploratory_similarity,spearman__centered_cosine__chrom_intra,regulatory_histone_dnase_v1,regulatory_histone_dnase_v1,deepcpg_dna_locus,deepcpg_dna_locus,0.165357498,0.1545224979,0.1774489847,"95% percentile bootstrap over 22 chromosome blocks (B=1000, seed 17); coarse by design (frozen protocol sec.0)",0.001998001998,,False,delta = regulatory_histone_dnase_v1 - comparator (higher-is-better metric),outputs/biological_validation_v2/bioval-v2-protocol-freeze-v1/exploratory_posthoc_loyfer/contrasts/similarity__regulatory_histone_dnase_v1__vs__deepcpg_dna_locus.csv,2b0ed213fe6055b3cda9eed9bc7e98c68d77585e382bfd761d7d73eb778ea377,exploratory,EXPLORATORY POST-HOC; raw p; no Holm
244,v2_exploratory_posthoc,v2_exploratory_posthoc/exploratory_similarity,spearman__centered_cosine__chrom_intra,regulatory_histone_dnase_v1,regulatory_histone_dnase_v1,functional_annotations_pca,functional_annotations_pca,-0.007668676877,-0.008495339851,-0.006787452137,"95% percentile bootstrap over 22 chromosome blocks (B=1000, seed 17); coarse by design (frozen protocol sec.0)",0.001998001998,,False,delta = regulatory_histone_dnase_v1 - comparator (higher-is-better metric),outputs/biological_validation_v2/bioval-v2-protocol-freeze-v1/exploratory_posthoc_loyfer/contrasts/similarity__regulatory_histone_dnase_v1__vs__functional_annotations_pca.csv,56167635967edd3d6ede518e5eddc1fcd532652735cd585e6ce0a36e9dc38da6,exploratory,EXPLORATORY POST-HOC; raw p; no Holm
245,v2_exploratory_posthoc,v2_exploratory_posthoc/exploratory_similarity,spearman__centered_cosine__dist_1-10kb,regulatory_histone_dnase_v1,regulatory_histone_dnase_v1,cpgpt_large_locus,cpgpt_large_locus,0.1475152359,0.1361923527,0.1577998782,"95% percentile bootstrap over 22 chromosome blocks (B=1000, seed 17); coarse by design (frozen protocol sec.0)",0.001998001998,,False,delta = regulatory_histone_dnase_v1 - comparator (higher-is-better metric),outputs/biological_validation_v2/bioval-v2-protocol-freeze-v1/exploratory_posthoc_loyfer/contrasts/similarity__regulatory_histone_dnase_v1__vs__cpgpt_large_locus.csv,af955b4eb032e20f9947bdc36c7ec5b8572ee85ea2bc2e659eee43f91de388c1,exploratory,EXPLORATORY POST-HOC; raw p; no Holm
246,v2_exploratory_posthoc,v2_exploratory_posthoc/exploratory_similarity,spearman__centered_cosine__dist_1-10kb,regulatory_histone_dnase_v1,regulatory_histone_dnase_v1,deepcpg_dna_locus,deepcpg_dna_locus,0.1249427636,0.1118422206,0.136479019,"95% percentile bootstrap over 22 chromosome blocks (B=1000, seed 17); coarse by design (frozen protocol sec.0)",0.001998001998,,False,delta = regulatory_histone_dnase_v1 - comparator (higher-is-better metric),outputs/biological_validation_v2/bioval-v2-protocol-freeze-v1/exploratory_posthoc_loyfer/contrasts/similarity__regulatory_histone_dnase_v1__vs__deepcpg_dna_locus.csv,2b0ed213fe6055b3cda9eed9bc7e98c68d77585e382bfd761d7d73eb778ea377,exploratory,EXPLORATORY POST-HOC; raw p; no Holm
247,v2_exploratory_posthoc,v2_exploratory_posthoc/exploratory_similarity,spearman__centered_cosine__dist_1-10kb,regulatory_histone_dnase_v1,regulatory_histone_dnase_v1,functional_annotations_pca,functional_annotations_pca,-0.007332760624,-0.008398906887,-0.005920590427,"95% percentile bootstrap over 22 chromosome blocks (B=1000, seed 17); coarse by design (frozen protocol sec.0)",0.001998001998,,False,delta = regulatory_histone_dnase_v1 - comparator (higher-is-better metric),outputs/biological_validation_v2/bioval-v2-protocol-freeze-v1/exploratory_posthoc_loyfer/contrasts/similarity__regulatory_histone_dnase_v1__vs__functional_annotations_pca.csv,56167635967edd3d6ede518e5eddc1fcd532652735cd585e6ce0a36e9dc38da6,exploratory,EXPLORATORY POST-HOC; raw p; no Holm
248,v2_exploratory_posthoc,v2_exploratory_posthoc/exploratory_similarity,spearman__centered_cosine__dist_10-100kb,regulatory_histone_dnase_v1,regulatory_histone_dnase_v1,cpgpt_large_locus,cpgpt_large_locus,0.1175045014,0.1021359232,0.1301656241,"95% percentile bootstrap over 22 chromosome blocks (B=1000, seed 17); coarse by design (frozen protocol sec.0)",0.001998001998,,False,delta = regulatory_histone_dnase_v1 - comparator (higher-is-better metric),outputs/biological_validation_v2/bioval-v2-protocol-freeze-v1/exploratory_posthoc_loyfer/contrasts/similarity__regulatory_histone_dnase_v1__vs__cpgpt_large_locus.csv,af955b4eb032e20f9947bdc36c7ec5b8572ee85ea2bc2e659eee43f91de388c1,exploratory,EXPLORATORY POST-HOC; raw p; no Holm
249,v2_exploratory_posthoc,v2_exploratory_posthoc/exploratory_similarity,spearman__centered_cosine__dist_10-100kb,regulatory_histone_dnase_v1,regulatory_histone_dnase_v1,deepcpg_dna_locus,deepcpg_dna_locus,0.1129964117,0.09746069198,0.12979163,"95% percentile bootstrap over 22 chromosome blocks (B=1000, seed 17); coarse by design (frozen protocol sec.0)",0.001998001998,,False,delta = regulatory_histone_dnase_v1 - comparator (higher-is-better metric),outputs/biological_validation_v2/bioval-v2-protocol-freeze-v1/exploratory_posthoc_loyfer/contrasts/similarity__regulatory_histone_dnase_v1__vs__deepcpg_dna_locus.csv,2b0ed213fe6055b3cda9eed9bc7e98c68d77585e382bfd761d7d73eb778ea377,exploratory,EXPLORATORY POST-HOC; raw p; no Holm
250,v2_exploratory_posthoc,v2_exploratory_posthoc/exploratory_similarity,spearman__centered_cosine__dist_10-100kb,regulatory_histone_dnase_v1,regulatory_histone_dnase_v1,functional_annotations_pca,functional_annotations_pca,-0.006558502811,-0.007463345393,-0.005740820616,"95% percentile bootstrap over 22 chromosome blocks (B=1000, seed 17); coarse by design (frozen protocol sec.0)",0.001998001998,,False,delta = regulatory_histone_dnase_v1 - comparator (higher-is-better metric),outputs/biological_validation_v2/bioval-v2-protocol-freeze-v1/exploratory_posthoc_loyfer/contrasts/similarity__regulatory_histone_dnase_v1__vs__functional_annotations_pca.csv,56167635967edd3d6ede518e5eddc1fcd532652735cd585e6ce0a36e9dc38da6,exploratory,EXPLORATORY POST-HOC; raw p; no Holm
251,v2_exploratory_posthoc,v2_exploratory_posthoc/exploratory_similarity,spearman__centered_cosine__dist_100kb-1Mb,regulatory_histone_dnase_v1,regulatory_histone_dnase_v1,cpgpt_large_locus,cpgpt_large_locus,0.08631534091,0.07467264628,0.09866589989,"95% percentile bootstrap over 22 chromosome blocks (B=1000, seed 17); coarse by design (frozen protocol sec.0)",0.001998001998,,False,delta = regulatory_histone_dnase_v1 - comparator (higher-is-better metric),outputs/biological_validation_v2/bioval-v2-protocol-freeze-v1/exploratory_posthoc_loyfer/contrasts/similarity__regulatory_histone_dnase_v1__vs__cpgpt_large_locus.csv,af955b4eb032e20f9947bdc36c7ec5b8572ee85ea2bc2e659eee43f91de388c1,exploratory,EXPLORATORY POST-HOC; raw p; no Holm
252,v2_exploratory_posthoc,v2_exploratory_posthoc/exploratory_similarity,spearman__centered_cosine__dist_100kb-1Mb,regulatory_histone_dnase_v1,regulatory_histone_dnase_v1,deepcpg_dna_locus,deepcpg_dna_locus,0.0901580036,0.07639346893,0.1034334316,"95% percentile bootstrap over 22 chromosome blocks (B=1000, seed 17); coarse by design (frozen protocol sec.0)",0.001998001998,,False,delta = regulatory_histone_dnase_v1 - comparator (higher-is-better metric),outputs/biological_validation_v2/bioval-v2-protocol-freeze-v1/exploratory_posthoc_loyfer/contrasts/similarity__regulatory_histone_dnase_v1__vs__deepcpg_dna_locus.csv,2b0ed213fe6055b3cda9eed9bc7e98c68d77585e382bfd761d7d73eb778ea377,exploratory,EXPLORATORY POST-HOC; raw p; no Holm
253,v2_exploratory_posthoc,v2_exploratory_posthoc/exploratory_similarity,spearman__centered_cosine__dist_100kb-1Mb,regulatory_histone_dnase_v1,regulatory_histone_dnase_v1,functional_annotations_pca,functional_annotations_pca,-0.005642708146,-0.00641695793,-0.004854856851,"95% percentile bootstrap over 22 chromosome blocks (B=1000, seed 17); coarse by design (frozen protocol sec.0)",0.001998001998,,False,delta = regulatory_histone_dnase_v1 - comparator (higher-is-better metric),outputs/biological_validation_v2/bioval-v2-protocol-freeze-v1/exploratory_posthoc_loyfer/contrasts/similarity__regulatory_histone_dnase_v1__vs__functional_annotations_pca.csv,56167635967edd3d6ede518e5eddc1fcd532652735cd585e6ce0a36e9dc38da6,exploratory,EXPLORATORY POST-HOC; raw p; no Holm
254,v2_exploratory_posthoc,v2_exploratory_posthoc/exploratory_similarity,spearman__centered_cosine__dist_<1kb,regulatory_histone_dnase_v1,regulatory_histone_dnase_v1,cpgpt_large_locus,cpgpt_large_locus,0.3016253852,0.2839992935,0.3184507456,"95% percentile bootstrap over 22 chromosome blocks (B=1000, seed 17); coarse by design (frozen protocol sec.0)",0.001998001998,,False,delta = regulatory_histone_dnase_v1 - comparator (higher-is-better metric),outputs/biological_validation_v2/bioval-v2-protocol-freeze-v1/exploratory_posthoc_loyfer/contrasts/similarity__regulatory_histone_dnase_v1__vs__cpgpt_large_locus.csv,af955b4eb032e20f9947bdc36c7ec5b8572ee85ea2bc2e659eee43f91de388c1,exploratory,EXPLORATORY POST-HOC; raw p; no Holm
255,v2_exploratory_posthoc,v2_exploratory_posthoc/exploratory_similarity,spearman__centered_cosine__dist_<1kb,regulatory_histone_dnase_v1,regulatory_histone_dnase_v1,deepcpg_dna_locus,deepcpg_dna_locus,0.2964133961,0.276593125,0.3161976702,"95% percentile bootstrap over 22 chromosome blocks (B=1000, seed 17); coarse by design (frozen protocol sec.0)",0.001998001998,,False,delta = regulatory_histone_dnase_v1 - comparator (higher-is-better metric),outputs/biological_validation_v2/bioval-v2-protocol-freeze-v1/exploratory_posthoc_loyfer/contrasts/similarity__regulatory_histone_dnase_v1__vs__deepcpg_dna_locus.csv,2b0ed213fe6055b3cda9eed9bc7e98c68d77585e382bfd761d7d73eb778ea377,exploratory,EXPLORATORY POST-HOC; raw p; no Holm
256,v2_exploratory_posthoc,v2_exploratory_posthoc/exploratory_similarity,spearman__centered_cosine__dist_<1kb,regulatory_histone_dnase_v1,regulatory_histone_dnase_v1,functional_annotations_pca,functional_annotations_pca,-0.03018555665,-0.03357930467,-0.02673754161,"95% percentile bootstrap over 22 chromosome blocks (B=1000, seed 17); coarse by design (frozen protocol sec.0)",0.001998001998,,False,delta = regulatory_histone_dnase_v1 - comparator (higher-is-better metric),outputs/biological_validation_v2/bioval-v2-protocol-freeze-v1/exploratory_posthoc_loyfer/contrasts/similarity__regulatory_histone_dnase_v1__vs__functional_annotations_pca.csv,56167635967edd3d6ede518e5eddc1fcd532652735cd585e6ce0a36e9dc38da6,exploratory,EXPLORATORY POST-HOC; raw p; no Holm
257,v2_exploratory_posthoc,v2_exploratory_posthoc/exploratory_similarity,spearman__centered_cosine__dist_>1Mb,regulatory_histone_dnase_v1,regulatory_histone_dnase_v1,cpgpt_large_locus,cpgpt_large_locus,0.07561960053,0.06148037332,0.08925219376,"95% percentile bootstrap over 22 chromosome blocks (B=1000, seed 17); coarse by design (frozen protocol sec.0)",0.001998001998,,False,delta = regulatory_histone_dnase_v1 - comparator (higher-is-better metric),outputs/biological_validation_v2/bioval-v2-protocol-freeze-v1/exploratory_posthoc_loyfer/contrasts/similarity__regulatory_histone_dnase_v1__vs__cpgpt_large_locus.csv,af955b4eb032e20f9947bdc36c7ec5b8572ee85ea2bc2e659eee43f91de388c1,exploratory,EXPLORATORY POST-HOC; raw p; no Holm
258,v2_exploratory_posthoc,v2_exploratory_posthoc/exploratory_similarity,spearman__centered_cosine__dist_>1Mb,regulatory_histone_dnase_v1,regulatory_histone_dnase_v1,deepcpg_dna_locus,deepcpg_dna_locus,0.06432370015,0.0524877709,0.0771808062,"95% percentile bootstrap over 22 chromosome blocks (B=1000, seed 17); coarse by design (frozen protocol sec.0)",0.001998001998,,False,delta = regulatory_histone_dnase_v1 - comparator (higher-is-better metric),outputs/biological_validation_v2/bioval-v2-protocol-freeze-v1/exploratory_posthoc_loyfer/contrasts/similarity__regulatory_histone_dnase_v1__vs__deepcpg_dna_locus.csv,2b0ed213fe6055b3cda9eed9bc7e98c68d77585e382bfd761d7d73eb778ea377,exploratory,EXPLORATORY POST-HOC; raw p; no Holm
259,v2_exploratory_posthoc,v2_exploratory_posthoc/exploratory_similarity,spearman__centered_cosine__dist_>1Mb,regulatory_histone_dnase_v1,regulatory_histone_dnase_v1,functional_annotations_pca,functional_annotations_pca,-0.005486825851,-0.006447555859,-0.004550854926,"95% percentile bootstrap over 22 chromosome blocks (B=1000, seed 17); coarse by design (frozen protocol sec.0)",0.001998001998,,False,delta = regulatory_histone_dnase_v1 - comparator (higher-is-better metric),outputs/biological_validation_v2/bioval-v2-protocol-freeze-v1/exploratory_posthoc_loyfer/contrasts/similarity__regulatory_histone_dnase_v1__vs__functional_annotations_pca.csv,56167635967edd3d6ede518e5eddc1fcd532652735cd585e6ce0a36e9dc38da6,exploratory,EXPLORATORY POST-HOC; raw p; no Holm
260,v2_exploratory_posthoc,v2_exploratory_posthoc/exploratory_similarity,spearman__centered_cosine__dist_interchromosomal,regulatory_histone_dnase_v1,regulatory_histone_dnase_v1,cpgpt_large_locus,cpgpt_large_locus,0.08314660334,0.07801500912,0.08842230918,"95% percentile bootstrap over 22 chromosome blocks (B=1000, seed 17); coarse by design (frozen protocol sec.0)",0.001998001998,,False,delta = regulatory_histone_dnase_v1 - comparator (higher-is-better metric),outputs/biological_validation_v2/bioval-v2-protocol-freeze-v1/exploratory_posthoc_loyfer/contrasts/similarity__regulatory_histone_dnase_v1__vs__cpgpt_large_locus.csv,af955b4eb032e20f9947bdc36c7ec5b8572ee85ea2bc2e659eee43f91de388c1,exploratory,EXPLORATORY POST-HOC; raw p; no Holm
261,v2_exploratory_posthoc,v2_exploratory_posthoc/exploratory_similarity,spearman__centered_cosine__dist_interchromosomal,regulatory_histone_dnase_v1,regulatory_histone_dnase_v1,deepcpg_dna_locus,deepcpg_dna_locus,0.0644337955,0.05934804796,0.07065770647,"95% percentile bootstrap over 22 chromosome blocks (B=1000, seed 17); coarse by design (frozen protocol sec.0)",0.001998001998,,False,delta = regulatory_histone_dnase_v1 - comparator (higher-is-better metric),outputs/biological_validation_v2/bioval-v2-protocol-freeze-v1/exploratory_posthoc_loyfer/contrasts/similarity__regulatory_histone_dnase_v1__vs__deepcpg_dna_locus.csv,2b0ed213fe6055b3cda9eed9bc7e98c68d77585e382bfd761d7d73eb778ea377,exploratory,EXPLORATORY POST-HOC; raw p; no Holm
262,v2_exploratory_posthoc,v2_exploratory_posthoc/exploratory_similarity,spearman__centered_cosine__dist_interchromosomal,regulatory_histone_dnase_v1,regulatory_histone_dnase_v1,functional_annotations_pca,functional_annotations_pca,-0.005867057183,-0.006424022947,-0.005308797483,"95% percentile bootstrap over 22 chromosome blocks (B=1000, seed 17); coarse by design (frozen protocol sec.0)",0.001998001998,,False,delta = regulatory_histone_dnase_v1 - comparator (higher-is-better metric),outputs/biological_validation_v2/bioval-v2-protocol-freeze-v1/exploratory_posthoc_loyfer/contrasts/similarity__regulatory_histone_dnase_v1__vs__functional_annotations_pca.csv,56167635967edd3d6ede518e5eddc1fcd532652735cd585e6ce0a36e9dc38da6,exploratory,EXPLORATORY POST-HOC; raw p; no Holm
263,v2_exploratory_posthoc,v2_exploratory_posthoc/exploratory_similarity,spearman__cosine__M_Q1,regulatory_histone_dnase_v1,regulatory_histone_dnase_v1,cpgpt_large_locus,cpgpt_large_locus,0.03756295896,0.02713972779,0.04823716695,"95% percentile bootstrap over 22 chromosome blocks (B=1000, seed 17); coarse by design (frozen protocol sec.0)",0.001998001998,,False,delta = regulatory_histone_dnase_v1 - comparator (higher-is-better metric),outputs/biological_validation_v2/bioval-v2-protocol-freeze-v1/exploratory_posthoc_loyfer/contrasts/similarity__regulatory_histone_dnase_v1__vs__cpgpt_large_locus.csv,af955b4eb032e20f9947bdc36c7ec5b8572ee85ea2bc2e659eee43f91de388c1,exploratory,EXPLORATORY POST-HOC; raw p; no Holm
264,v2_exploratory_posthoc,v2_exploratory_posthoc/exploratory_similarity,spearman__cosine__M_Q1,regulatory_histone_dnase_v1,regulatory_histone_dnase_v1,deepcpg_dna_locus,deepcpg_dna_locus,0.0623593357,0.05120386361,0.07540272215,"95% percentile bootstrap over 22 chromosome blocks (B=1000, seed 17); coarse by design (frozen protocol sec.0)",0.001998001998,,False,delta = regulatory_histone_dnase_v1 - comparator (higher-is-better metric),outputs/biological_validation_v2/bioval-v2-protocol-freeze-v1/exploratory_posthoc_loyfer/contrasts/similarity__regulatory_histone_dnase_v1__vs__deepcpg_dna_locus.csv,2b0ed213fe6055b3cda9eed9bc7e98c68d77585e382bfd761d7d73eb778ea377,exploratory,EXPLORATORY POST-HOC; raw p; no Holm
265,v2_exploratory_posthoc,v2_exploratory_posthoc/exploratory_similarity,spearman__cosine__M_Q1,regulatory_histone_dnase_v1,regulatory_histone_dnase_v1,functional_annotations_pca,functional_annotations_pca,-0.01396981002,-0.01636757362,-0.01203173913,"95% percentile bootstrap over 22 chromosome blocks (B=1000, seed 17); coarse by design (frozen protocol sec.0)",0.001998001998,,False,delta = regulatory_histone_dnase_v1 - comparator (higher-is-better metric),outputs/biological_validation_v2/bioval-v2-protocol-freeze-v1/exploratory_posthoc_loyfer/contrasts/similarity__regulatory_histone_dnase_v1__vs__functional_annotations_pca.csv,56167635967edd3d6ede518e5eddc1fcd532652735cd585e6ce0a36e9dc38da6,exploratory,EXPLORATORY POST-HOC; raw p; no Holm
266,v2_exploratory_posthoc,v2_exploratory_posthoc/exploratory_similarity,spearman__cosine__M_Q2,regulatory_histone_dnase_v1,regulatory_histone_dnase_v1,cpgpt_large_locus,cpgpt_large_locus,-0.001632098409,-0.007591978087,0.006147590937,"95% percentile bootstrap over 22 chromosome blocks (B=1000, seed 17); coarse by design (frozen protocol sec.0)",0.6273726274,,False,delta = regulatory_histone_dnase_v1 - comparator (higher-is-better metric),outputs/biological_validation_v2/bioval-v2-protocol-freeze-v1/exploratory_posthoc_loyfer/contrasts/similarity__regulatory_histone_dnase_v1__vs__cpgpt_large_locus.csv,af955b4eb032e20f9947bdc36c7ec5b8572ee85ea2bc2e659eee43f91de388c1,exploratory,EXPLORATORY POST-HOC; raw p; no Holm
267,v2_exploratory_posthoc,v2_exploratory_posthoc/exploratory_similarity,spearman__cosine__M_Q2,regulatory_histone_dnase_v1,regulatory_histone_dnase_v1,deepcpg_dna_locus,deepcpg_dna_locus,0.01529978919,0.005898479048,0.02479573754,"95% percentile bootstrap over 22 chromosome blocks (B=1000, seed 17); coarse by design (frozen protocol sec.0)",0.003996003996,,False,delta = regulatory_histone_dnase_v1 - comparator (higher-is-better metric),outputs/biological_validation_v2/bioval-v2-protocol-freeze-v1/exploratory_posthoc_loyfer/contrasts/similarity__regulatory_histone_dnase_v1__vs__deepcpg_dna_locus.csv,2b0ed213fe6055b3cda9eed9bc7e98c68d77585e382bfd761d7d73eb778ea377,exploratory,EXPLORATORY POST-HOC; raw p; no Holm
268,v2_exploratory_posthoc,v2_exploratory_posthoc/exploratory_similarity,spearman__cosine__M_Q2,regulatory_histone_dnase_v1,regulatory_histone_dnase_v1,functional_annotations_pca,functional_annotations_pca,-0.001923302996,-0.002693137157,-0.001199892623,"95% percentile bootstrap over 22 chromosome blocks (B=1000, seed 17); coarse by design (frozen protocol sec.0)",0.001998001998,,False,delta = regulatory_histone_dnase_v1 - comparator (higher-is-better metric),outputs/biological_validation_v2/bioval-v2-protocol-freeze-v1/exploratory_posthoc_loyfer/contrasts/similarity__regulatory_histone_dnase_v1__vs__functional_annotations_pca.csv,56167635967edd3d6ede518e5eddc1fcd532652735cd585e6ce0a36e9dc38da6,exploratory,EXPLORATORY POST-HOC; raw p; no Holm
269,v2_exploratory_posthoc,v2_exploratory_posthoc/exploratory_similarity,spearman__cosine__M_Q3,regulatory_histone_dnase_v1,regulatory_histone_dnase_v1,cpgpt_large_locus,cpgpt_large_locus,-0.008699269906,-0.01874676375,0.002142047985,"95% percentile bootstrap over 22 chromosome blocks (B=1000, seed 17); coarse by design (frozen protocol sec.0)",0.1298701299,,False,delta = regulatory_histone_dnase_v1 - comparator (higher-is-better metric),outputs/biological_validation_v2/bioval-v2-protocol-freeze-v1/exploratory_posthoc_loyfer/contrasts/similarity__regulatory_histone_dnase_v1__vs__cpgpt_large_locus.csv,af955b4eb032e20f9947bdc36c7ec5b8572ee85ea2bc2e659eee43f91de388c1,exploratory,EXPLORATORY POST-HOC; raw p; no Holm
270,v2_exploratory_posthoc,v2_exploratory_posthoc/exploratory_similarity,spearman__cosine__M_Q3,regulatory_histone_dnase_v1,regulatory_histone_dnase_v1,deepcpg_dna_locus,deepcpg_dna_locus,0.04515495382,0.03336125575,0.05799036936,"95% percentile bootstrap over 22 chromosome blocks (B=1000, seed 17); coarse by design (frozen protocol sec.0)",0.001998001998,,False,delta = regulatory_histone_dnase_v1 - comparator (higher-is-better metric),outputs/biological_validation_v2/bioval-v2-protocol-freeze-v1/exploratory_posthoc_loyfer/contrasts/similarity__regulatory_histone_dnase_v1__vs__deepcpg_dna_locus.csv,2b0ed213fe6055b3cda9eed9bc7e98c68d77585e382bfd761d7d73eb778ea377,exploratory,EXPLORATORY POST-HOC; raw p; no Holm
271,v2_exploratory_posthoc,v2_exploratory_posthoc/exploratory_similarity,spearman__cosine__M_Q3,regulatory_histone_dnase_v1,regulatory_histone_dnase_v1,functional_annotations_pca,functional_annotations_pca,-0.009642094613,-0.01212279723,-0.007658567436,"95% percentile bootstrap over 22 chromosome blocks (B=1000, seed 17); coarse by design (frozen protocol sec.0)",0.001998001998,,False,delta = regulatory_histone_dnase_v1 - comparator (higher-is-better metric),outputs/biological_validation_v2/bioval-v2-protocol-freeze-v1/exploratory_posthoc_loyfer/contrasts/similarity__regulatory_histone_dnase_v1__vs__functional_annotations_pca.csv,56167635967edd3d6ede518e5eddc1fcd532652735cd585e6ce0a36e9dc38da6,exploratory,EXPLORATORY POST-HOC; raw p; no Holm
272,v2_exploratory_posthoc,v2_exploratory_posthoc/exploratory_similarity,spearman__cosine__M_Q4,regulatory_histone_dnase_v1,regulatory_histone_dnase_v1,cpgpt_large_locus,cpgpt_large_locus,-0.02968028203,-0.04201806303,-0.01473801735,"95% percentile bootstrap over 22 chromosome blocks (B=1000, seed 17); coarse by design (frozen protocol sec.0)",0.001998001998,,False,delta = regulatory_histone_dnase_v1 - comparator (higher-is-better metric),outputs/biological_validation_v2/bioval-v2-protocol-freeze-v1/exploratory_posthoc_loyfer/contrasts/similarity__regulatory_histone_dnase_v1__vs__cpgpt_large_locus.csv,af955b4eb032e20f9947bdc36c7ec5b8572ee85ea2bc2e659eee43f91de388c1,exploratory,EXPLORATORY POST-HOC; raw p; no Holm
273,v2_exploratory_posthoc,v2_exploratory_posthoc/exploratory_similarity,spearman__cosine__M_Q4,regulatory_histone_dnase_v1,regulatory_histone_dnase_v1,deepcpg_dna_locus,deepcpg_dna_locus,0.1184952552,0.09886974571,0.1394343164,"95% percentile bootstrap over 22 chromosome blocks (B=1000, seed 17); coarse by design (frozen protocol sec.0)",0.001998001998,,False,delta = regulatory_histone_dnase_v1 - comparator (higher-is-better metric),outputs/biological_validation_v2/bioval-v2-protocol-freeze-v1/exploratory_posthoc_loyfer/contrasts/similarity__regulatory_histone_dnase_v1__vs__deepcpg_dna_locus.csv,2b0ed213fe6055b3cda9eed9bc7e98c68d77585e382bfd761d7d73eb778ea377,exploratory,EXPLORATORY POST-HOC; raw p; no Holm
274,v2_exploratory_posthoc,v2_exploratory_posthoc/exploratory_similarity,spearman__cosine__M_Q4,regulatory_histone_dnase_v1,regulatory_histone_dnase_v1,functional_annotations_pca,functional_annotations_pca,-0.03163639842,-0.03601644059,-0.02752009235,"95% percentile bootstrap over 22 chromosome blocks (B=1000, seed 17); coarse by design (frozen protocol sec.0)",0.001998001998,,False,delta = regulatory_histone_dnase_v1 - comparator (higher-is-better metric),outputs/biological_validation_v2/bioval-v2-protocol-freeze-v1/exploratory_posthoc_loyfer/contrasts/similarity__regulatory_histone_dnase_v1__vs__functional_annotations_pca.csv,56167635967edd3d6ede518e5eddc1fcd532652735cd585e6ce0a36e9dc38da6,exploratory,EXPLORATORY POST-HOC; raw p; no Holm
275,v2_exploratory_posthoc,v2_exploratory_posthoc/exploratory_similarity,spearman__cosine__V_Q1,regulatory_histone_dnase_v1,regulatory_histone_dnase_v1,cpgpt_large_locus,cpgpt_large_locus,0.0008923969455,-0.003721054637,0.005175292719,"95% percentile bootstrap over 22 chromosome blocks (B=1000, seed 17); coarse by design (frozen protocol sec.0)",0.6933066933,,False,delta = regulatory_histone_dnase_v1 - comparator (higher-is-better metric),outputs/biological_validation_v2/bioval-v2-protocol-freeze-v1/exploratory_posthoc_loyfer/contrasts/similarity__regulatory_histone_dnase_v1__vs__cpgpt_large_locus.csv,af955b4eb032e20f9947bdc36c7ec5b8572ee85ea2bc2e659eee43f91de388c1,exploratory,EXPLORATORY POST-HOC; raw p; no Holm
276,v2_exploratory_posthoc,v2_exploratory_posthoc/exploratory_similarity,spearman__cosine__V_Q1,regulatory_histone_dnase_v1,regulatory_histone_dnase_v1,deepcpg_dna_locus,deepcpg_dna_locus,-0.004303035207,-0.01307229563,0.005076798178,"95% percentile bootstrap over 22 chromosome blocks (B=1000, seed 17); coarse by design (frozen protocol sec.0)",0.3856143856,,False,delta = regulatory_histone_dnase_v1 - comparator (higher-is-better metric),outputs/biological_validation_v2/bioval-v2-protocol-freeze-v1/exploratory_posthoc_loyfer/contrasts/similarity__regulatory_histone_dnase_v1__vs__deepcpg_dna_locus.csv,2b0ed213fe6055b3cda9eed9bc7e98c68d77585e382bfd761d7d73eb778ea377,exploratory,EXPLORATORY POST-HOC; raw p; no Holm
277,v2_exploratory_posthoc,v2_exploratory_posthoc/exploratory_similarity,spearman__cosine__V_Q1,regulatory_histone_dnase_v1,regulatory_histone_dnase_v1,functional_annotations_pca,functional_annotations_pca,-0.001391861842,-0.002089028492,-0.0007471186615,"95% percentile bootstrap over 22 chromosome blocks (B=1000, seed 17); coarse by design (frozen protocol sec.0)",0.001998001998,,False,delta = regulatory_histone_dnase_v1 - comparator (higher-is-better metric),outputs/biological_validation_v2/bioval-v2-protocol-freeze-v1/exploratory_posthoc_loyfer/contrasts/similarity__regulatory_histone_dnase_v1__vs__functional_annotations_pca.csv,56167635967edd3d6ede518e5eddc1fcd532652735cd585e6ce0a36e9dc38da6,exploratory,EXPLORATORY POST-HOC; raw p; no Holm
278,v2_exploratory_posthoc,v2_exploratory_posthoc/exploratory_similarity,spearman__cosine__V_Q2,regulatory_histone_dnase_v1,regulatory_histone_dnase_v1,cpgpt_large_locus,cpgpt_large_locus,-0.08961121316,-0.09956647119,-0.07849284528,"95% percentile bootstrap over 22 chromosome blocks (B=1000, seed 17); coarse by design (frozen protocol sec.0)",0.001998001998,,False,delta = regulatory_histone_dnase_v1 - comparator (higher-is-better metric),outputs/biological_validation_v2/bioval-v2-protocol-freeze-v1/exploratory_posthoc_loyfer/contrasts/similarity__regulatory_histone_dnase_v1__vs__cpgpt_large_locus.csv,af955b4eb032e20f9947bdc36c7ec5b8572ee85ea2bc2e659eee43f91de388c1,exploratory,EXPLORATORY POST-HOC; raw p; no Holm
279,v2_exploratory_posthoc,v2_exploratory_posthoc/exploratory_similarity,spearman__cosine__V_Q2,regulatory_histone_dnase_v1,regulatory_histone_dnase_v1,deepcpg_dna_locus,deepcpg_dna_locus,-0.07877229917,-0.08998678866,-0.06789715607,"95% percentile bootstrap over 22 chromosome blocks (B=1000, seed 17); coarse by design (frozen protocol sec.0)",0.001998001998,,False,delta = regulatory_histone_dnase_v1 - comparator (higher-is-better metric),outputs/biological_validation_v2/bioval-v2-protocol-freeze-v1/exploratory_posthoc_loyfer/contrasts/similarity__regulatory_histone_dnase_v1__vs__deepcpg_dna_locus.csv,2b0ed213fe6055b3cda9eed9bc7e98c68d77585e382bfd761d7d73eb778ea377,exploratory,EXPLORATORY POST-HOC; raw p; no Holm
280,v2_exploratory_posthoc,v2_exploratory_posthoc/exploratory_similarity,spearman__cosine__V_Q2,regulatory_histone_dnase_v1,regulatory_histone_dnase_v1,functional_annotations_pca,functional_annotations_pca,-0.01256106103,-0.01476624676,-0.01070428995,"95% percentile bootstrap over 22 chromosome blocks (B=1000, seed 17); coarse by design (frozen protocol sec.0)",0.001998001998,,False,delta = regulatory_histone_dnase_v1 - comparator (higher-is-better metric),outputs/biological_validation_v2/bioval-v2-protocol-freeze-v1/exploratory_posthoc_loyfer/contrasts/similarity__regulatory_histone_dnase_v1__vs__functional_annotations_pca.csv,56167635967edd3d6ede518e5eddc1fcd532652735cd585e6ce0a36e9dc38da6,exploratory,EXPLORATORY POST-HOC; raw p; no Holm
281,v2_exploratory_posthoc,v2_exploratory_posthoc/exploratory_similarity,spearman__cosine__V_Q3,regulatory_histone_dnase_v1,regulatory_histone_dnase_v1,cpgpt_large_locus,cpgpt_large_locus,-0.1190695124,-0.1343807366,-0.09953330173,"95% percentile bootstrap over 22 chromosome blocks (B=1000, seed 17); coarse by design (frozen protocol sec.0)",0.001998001998,,False,delta = regulatory_histone_dnase_v1 - comparator (higher-is-better metric),outputs/biological_validation_v2/bioval-v2-protocol-freeze-v1/exploratory_posthoc_loyfer/contrasts/similarity__regulatory_histone_dnase_v1__vs__cpgpt_large_locus.csv,af955b4eb032e20f9947bdc36c7ec5b8572ee85ea2bc2e659eee43f91de388c1,exploratory,EXPLORATORY POST-HOC; raw p; no Holm
282,v2_exploratory_posthoc,v2_exploratory_posthoc/exploratory_similarity,spearman__cosine__V_Q3,regulatory_histone_dnase_v1,regulatory_histone_dnase_v1,deepcpg_dna_locus,deepcpg_dna_locus,-0.02396014754,-0.04852195189,0.003633591774,"95% percentile bootstrap over 22 chromosome blocks (B=1000, seed 17); coarse by design (frozen protocol sec.0)",0.0979020979,,False,delta = regulatory_histone_dnase_v1 - comparator (higher-is-better metric),outputs/biological_validation_v2/bioval-v2-protocol-freeze-v1/exploratory_posthoc_loyfer/contrasts/similarity__regulatory_histone_dnase_v1__vs__deepcpg_dna_locus.csv,2b0ed213fe6055b3cda9eed9bc7e98c68d77585e382bfd761d7d73eb778ea377,exploratory,EXPLORATORY POST-HOC; raw p; no Holm
283,v2_exploratory_posthoc,v2_exploratory_posthoc/exploratory_similarity,spearman__cosine__V_Q3,regulatory_histone_dnase_v1,regulatory_histone_dnase_v1,functional_annotations_pca,functional_annotations_pca,-0.03200513135,-0.03647691622,-0.02757697065,"95% percentile bootstrap over 22 chromosome blocks (B=1000, seed 17); coarse by design (frozen protocol sec.0)",0.001998001998,,False,delta = regulatory_histone_dnase_v1 - comparator (higher-is-better metric),outputs/biological_validation_v2/bioval-v2-protocol-freeze-v1/exploratory_posthoc_loyfer/contrasts/similarity__regulatory_histone_dnase_v1__vs__functional_annotations_pca.csv,56167635967edd3d6ede518e5eddc1fcd532652735cd585e6ce0a36e9dc38da6,exploratory,EXPLORATORY POST-HOC; raw p; no Holm
284,v2_exploratory_posthoc,v2_exploratory_posthoc/exploratory_similarity,spearman__cosine__V_Q4,regulatory_histone_dnase_v1,regulatory_histone_dnase_v1,cpgpt_large_locus,cpgpt_large_locus,0.0274618098,0.01408799182,0.04314394254,"95% percentile bootstrap over 22 chromosome blocks (B=1000, seed 17); coarse by design (frozen protocol sec.0)",0.001998001998,,False,delta = regulatory_histone_dnase_v1 - comparator (higher-is-better metric),outputs/biological_validation_v2/bioval-v2-protocol-freeze-v1/exploratory_posthoc_loyfer/contrasts/similarity__regulatory_histone_dnase_v1__vs__cpgpt_large_locus.csv,af955b4eb032e20f9947bdc36c7ec5b8572ee85ea2bc2e659eee43f91de388c1,exploratory,EXPLORATORY POST-HOC; raw p; no Holm
285,v2_exploratory_posthoc,v2_exploratory_posthoc/exploratory_similarity,spearman__cosine__V_Q4,regulatory_histone_dnase_v1,regulatory_histone_dnase_v1,deepcpg_dna_locus,deepcpg_dna_locus,0.2056988556,0.1830072881,0.2323549276,"95% percentile bootstrap over 22 chromosome blocks (B=1000, seed 17); coarse by design (frozen protocol sec.0)",0.001998001998,,False,delta = regulatory_histone_dnase_v1 - comparator (higher-is-better metric),outputs/biological_validation_v2/bioval-v2-protocol-freeze-v1/exploratory_posthoc_loyfer/contrasts/similarity__regulatory_histone_dnase_v1__vs__deepcpg_dna_locus.csv,2b0ed213fe6055b3cda9eed9bc7e98c68d77585e382bfd761d7d73eb778ea377,exploratory,EXPLORATORY POST-HOC; raw p; no Holm
286,v2_exploratory_posthoc,v2_exploratory_posthoc/exploratory_similarity,spearman__cosine__V_Q4,regulatory_histone_dnase_v1,regulatory_histone_dnase_v1,functional_annotations_pca,functional_annotations_pca,-0.01434050844,-0.01661277311,-0.01214272655,"95% percentile bootstrap over 22 chromosome blocks (B=1000, seed 17); coarse by design (frozen protocol sec.0)",0.001998001998,,False,delta = regulatory_histone_dnase_v1 - comparator (higher-is-better metric),outputs/biological_validation_v2/bioval-v2-protocol-freeze-v1/exploratory_posthoc_loyfer/contrasts/similarity__regulatory_histone_dnase_v1__vs__functional_annotations_pca.csv,56167635967edd3d6ede518e5eddc1fcd532652735cd585e6ce0a36e9dc38da6,exploratory,EXPLORATORY POST-HOC; raw p; no Holm
287,v2_exploratory_posthoc,v2_exploratory_posthoc/exploratory_similarity,spearman__cosine__V_top10pct,regulatory_histone_dnase_v1,regulatory_histone_dnase_v1,cpgpt_large_locus,cpgpt_large_locus,0.08193178697,0.06059508165,0.1031694417,"95% percentile bootstrap over 22 chromosome blocks (B=1000, seed 17); coarse by design (frozen protocol sec.0)",0.001998001998,,False,delta = regulatory_histone_dnase_v1 - comparator (higher-is-better metric),outputs/biological_validation_v2/bioval-v2-protocol-freeze-v1/exploratory_posthoc_loyfer/contrasts/similarity__regulatory_histone_dnase_v1__vs__cpgpt_large_locus.csv,af955b4eb032e20f9947bdc36c7ec5b8572ee85ea2bc2e659eee43f91de388c1,exploratory,EXPLORATORY POST-HOC; raw p; no Holm
288,v2_exploratory_posthoc,v2_exploratory_posthoc/exploratory_similarity,spearman__cosine__V_top10pct,regulatory_histone_dnase_v1,regulatory_histone_dnase_v1,deepcpg_dna_locus,deepcpg_dna_locus,0.3279557046,0.3037923238,0.3566851163,"95% percentile bootstrap over 22 chromosome blocks (B=1000, seed 17); coarse by design (frozen protocol sec.0)",0.001998001998,,False,delta = regulatory_histone_dnase_v1 - comparator (higher-is-better metric),outputs/biological_validation_v2/bioval-v2-protocol-freeze-v1/exploratory_posthoc_loyfer/contrasts/similarity__regulatory_histone_dnase_v1__vs__deepcpg_dna_locus.csv,2b0ed213fe6055b3cda9eed9bc7e98c68d77585e382bfd761d7d73eb778ea377,exploratory,EXPLORATORY POST-HOC; raw p; no Holm
289,v2_exploratory_posthoc,v2_exploratory_posthoc/exploratory_similarity,spearman__cosine__V_top10pct,regulatory_histone_dnase_v1,regulatory_histone_dnase_v1,functional_annotations_pca,functional_annotations_pca,-0.005349869214,-0.007023323982,-0.003893541616,"95% percentile bootstrap over 22 chromosome blocks (B=1000, seed 17); coarse by design (frozen protocol sec.0)",0.001998001998,,False,delta = regulatory_histone_dnase_v1 - comparator (higher-is-better metric),outputs/biological_validation_v2/bioval-v2-protocol-freeze-v1/exploratory_posthoc_loyfer/contrasts/similarity__regulatory_histone_dnase_v1__vs__functional_annotations_pca.csv,56167635967edd3d6ede518e5eddc1fcd532652735cd585e6ce0a36e9dc38da6,exploratory,EXPLORATORY POST-HOC; raw p; no Holm
290,v2_exploratory_posthoc,v2_exploratory_posthoc/exploratory_similarity,spearman__cosine__all,regulatory_histone_dnase_v1,regulatory_histone_dnase_v1,cpgpt_large_locus,cpgpt_large_locus,-0.09634727144,-0.105073253,-0.0859897215,"95% percentile bootstrap over 22 chromosome blocks (B=1000, seed 17); coarse by design (frozen protocol sec.0)",0.001998001998,,False,delta = regulatory_histone_dnase_v1 - comparator (higher-is-better metric),outputs/biological_validation_v2/bioval-v2-protocol-freeze-v1/exploratory_posthoc_loyfer/contrasts/similarity__regulatory_histone_dnase_v1__vs__cpgpt_large_locus.csv,af955b4eb032e20f9947bdc36c7ec5b8572ee85ea2bc2e659eee43f91de388c1,exploratory,EXPLORATORY POST-HOC; raw p; no Holm
291,v2_exploratory_posthoc,v2_exploratory_posthoc/exploratory_similarity,spearman__cosine__all,regulatory_histone_dnase_v1,regulatory_histone_dnase_v1,deepcpg_dna_locus,deepcpg_dna_locus,-0.06720917101,-0.08019286689,-0.05282124196,"95% percentile bootstrap over 22 chromosome blocks (B=1000, seed 17); coarse by design (frozen protocol sec.0)",0.001998001998,,False,delta = regulatory_histone_dnase_v1 - comparator (higher-is-better metric),outputs/biological_validation_v2/bioval-v2-protocol-freeze-v1/exploratory_posthoc_loyfer/contrasts/similarity__regulatory_histone_dnase_v1__vs__deepcpg_dna_locus.csv,2b0ed213fe6055b3cda9eed9bc7e98c68d77585e382bfd761d7d73eb778ea377,exploratory,EXPLORATORY POST-HOC; raw p; no Holm
292,v2_exploratory_posthoc,v2_exploratory_posthoc/exploratory_similarity,spearman__cosine__all,regulatory_histone_dnase_v1,regulatory_histone_dnase_v1,functional_annotations_pca,functional_annotations_pca,-0.02059050762,-0.02320044948,-0.01801358893,"95% percentile bootstrap over 22 chromosome blocks (B=1000, seed 17); coarse by design (frozen protocol sec.0)",0.001998001998,,False,delta = regulatory_histone_dnase_v1 - comparator (higher-is-better metric),outputs/biological_validation_v2/bioval-v2-protocol-freeze-v1/exploratory_posthoc_loyfer/contrasts/similarity__regulatory_histone_dnase_v1__vs__functional_annotations_pca.csv,56167635967edd3d6ede518e5eddc1fcd532652735cd585e6ce0a36e9dc38da6,exploratory,EXPLORATORY POST-HOC; raw p; no Holm
293,v2_exploratory_posthoc,v2_exploratory_posthoc/exploratory_similarity,spearman__cosine__chrom_inter,regulatory_histone_dnase_v1,regulatory_histone_dnase_v1,cpgpt_large_locus,cpgpt_large_locus,-0.169580217,-0.1787787182,-0.1612305534,"95% percentile bootstrap over 22 chromosome blocks (B=1000, seed 17); coarse by design (frozen protocol sec.0)",0.001998001998,,False,delta = regulatory_histone_dnase_v1 - comparator (higher-is-better metric),outputs/biological_validation_v2/bioval-v2-protocol-freeze-v1/exploratory_posthoc_loyfer/contrasts/similarity__regulatory_histone_dnase_v1__vs__cpgpt_large_locus.csv,af955b4eb032e20f9947bdc36c7ec5b8572ee85ea2bc2e659eee43f91de388c1,exploratory,EXPLORATORY POST-HOC; raw p; no Holm
294,v2_exploratory_posthoc,v2_exploratory_posthoc/exploratory_similarity,spearman__cosine__chrom_inter,regulatory_histone_dnase_v1,regulatory_histone_dnase_v1,deepcpg_dna_locus,deepcpg_dna_locus,-0.1807346914,-0.1910163624,-0.1708607157,"95% percentile bootstrap over 22 chromosome blocks (B=1000, seed 17); coarse by design (frozen protocol sec.0)",0.001998001998,,False,delta = regulatory_histone_dnase_v1 - comparator (higher-is-better metric),outputs/biological_validation_v2/bioval-v2-protocol-freeze-v1/exploratory_posthoc_loyfer/contrasts/similarity__regulatory_histone_dnase_v1__vs__deepcpg_dna_locus.csv,2b0ed213fe6055b3cda9eed9bc7e98c68d77585e382bfd761d7d73eb778ea377,exploratory,EXPLORATORY POST-HOC; raw p; no Holm
295,v2_exploratory_posthoc,v2_exploratory_posthoc/exploratory_similarity,spearman__cosine__chrom_inter,regulatory_histone_dnase_v1,regulatory_histone_dnase_v1,functional_annotations_pca,functional_annotations_pca,-0.02522378442,-0.02845995473,-0.02249778025,"95% percentile bootstrap over 22 chromosome blocks (B=1000, seed 17); coarse by design (frozen protocol sec.0)",0.001998001998,,False,delta = regulatory_histone_dnase_v1 - comparator (higher-is-better metric),outputs/biological_validation_v2/bioval-v2-protocol-freeze-v1/exploratory_posthoc_loyfer/contrasts/similarity__regulatory_histone_dnase_v1__vs__functional_annotations_pca.csv,56167635967edd3d6ede518e5eddc1fcd532652735cd585e6ce0a36e9dc38da6,exploratory,EXPLORATORY POST-HOC; raw p; no Holm
296,v2_exploratory_posthoc,v2_exploratory_posthoc/exploratory_similarity,spearman__cosine__chrom_intra,regulatory_histone_dnase_v1,regulatory_histone_dnase_v1,cpgpt_large_locus,cpgpt_large_locus,-0.04137760242,-0.04997092612,-0.03094188051,"95% percentile bootstrap over 22 chromosome blocks (B=1000, seed 17); coarse by design (frozen protocol sec.0)",0.001998001998,,False,delta = regulatory_histone_dnase_v1 - comparator (higher-is-better metric),outputs/biological_validation_v2/bioval-v2-protocol-freeze-v1/exploratory_posthoc_loyfer/contrasts/similarity__regulatory_histone_dnase_v1__vs__cpgpt_large_locus.csv,af955b4eb032e20f9947bdc36c7ec5b8572ee85ea2bc2e659eee43f91de388c1,exploratory,EXPLORATORY POST-HOC; raw p; no Holm
297,v2_exploratory_posthoc,v2_exploratory_posthoc/exploratory_similarity,spearman__cosine__chrom_intra,regulatory_histone_dnase_v1,regulatory_histone_dnase_v1,deepcpg_dna_locus,deepcpg_dna_locus,0.008759342249,-0.005331231959,0.02454004118,"95% percentile bootstrap over 22 chromosome blocks (B=1000, seed 17); coarse by design (frozen protocol sec.0)",0.2317682318,,False,delta = regulatory_histone_dnase_v1 - comparator (higher-is-better metric),outputs/biological_validation_v2/bioval-v2-protocol-freeze-v1/exploratory_posthoc_loyfer/contrasts/similarity__regulatory_histone_dnase_v1__vs__deepcpg_dna_locus.csv,2b0ed213fe6055b3cda9eed9bc7e98c68d77585e382bfd761d7d73eb778ea377,exploratory,EXPLORATORY POST-HOC; raw p; no Holm
298,v2_exploratory_posthoc,v2_exploratory_posthoc/exploratory_similarity,spearman__cosine__chrom_intra,regulatory_histone_dnase_v1,regulatory_histone_dnase_v1,functional_annotations_pca,functional_annotations_pca,-0.01876653203,-0.02155232704,-0.01594385551,"95% percentile bootstrap over 22 chromosome blocks (B=1000, seed 17); coarse by design (frozen protocol sec.0)",0.001998001998,,False,delta = regulatory_histone_dnase_v1 - comparator (higher-is-better metric),outputs/biological_validation_v2/bioval-v2-protocol-freeze-v1/exploratory_posthoc_loyfer/contrasts/similarity__regulatory_histone_dnase_v1__vs__functional_annotations_pca.csv,56167635967edd3d6ede518e5eddc1fcd532652735cd585e6ce0a36e9dc38da6,exploratory,EXPLORATORY POST-HOC; raw p; no Holm
299,v2_exploratory_posthoc,v2_exploratory_posthoc/exploratory_similarity,spearman__cosine__dist_1-10kb,regulatory_histone_dnase_v1,regulatory_histone_dnase_v1,cpgpt_large_locus,cpgpt_large_locus,-0.04081189535,-0.0538579847,-0.02645442346,"95% percentile bootstrap over 22 chromosome blocks (B=1000, seed 17); coarse by design (frozen protocol sec.0)",0.001998001998,,False,delta = regulatory_histone_dnase_v1 - comparator (higher-is-better metric),outputs/biological_validation_v2/bioval-v2-protocol-freeze-v1/exploratory_posthoc_loyfer/contrasts/similarity__regulatory_histone_dnase_v1__vs__cpgpt_large_locus.csv,af955b4eb032e20f9947bdc36c7ec5b8572ee85ea2bc2e659eee43f91de388c1,exploratory,EXPLORATORY POST-HOC; raw p; no Holm
300,v2_exploratory_posthoc,v2_exploratory_posthoc/exploratory_similarity,spearman__cosine__dist_1-10kb,regulatory_histone_dnase_v1,regulatory_histone_dnase_v1,deepcpg_dna_locus,deepcpg_dna_locus,-0.04243653133,-0.05632966181,-0.02800533986,"95% percentile bootstrap over 22 chromosome blocks (B=1000, seed 17); coarse by design (frozen protocol sec.0)",0.001998001998,,False,delta = regulatory_histone_dnase_v1 - comparator (higher-is-better metric),outputs/biological_validation_v2/bioval-v2-protocol-freeze-v1/exploratory_posthoc_loyfer/contrasts/similarity__regulatory_histone_dnase_v1__vs__deepcpg_dna_locus.csv,2b0ed213fe6055b3cda9eed9bc7e98c68d77585e382bfd761d7d73eb778ea377,exploratory,EXPLORATORY POST-HOC; raw p; no Holm
301,v2_exploratory_posthoc,v2_exploratory_posthoc/exploratory_similarity,spearman__cosine__dist_1-10kb,regulatory_histone_dnase_v1,regulatory_histone_dnase_v1,functional_annotations_pca,functional_annotations_pca,-0.01576369051,-0.0194501739,-0.01183915833,"95% percentile bootstrap over 22 chromosome blocks (B=1000, seed 17); coarse by design (frozen protocol sec.0)",0.001998001998,,False,delta = regulatory_histone_dnase_v1 - comparator (higher-is-better metric),outputs/biological_validation_v2/bioval-v2-protocol-freeze-v1/exploratory_posthoc_loyfer/contrasts/similarity__regulatory_histone_dnase_v1__vs__functional_annotations_pca.csv,56167635967edd3d6ede518e5eddc1fcd532652735cd585e6ce0a36e9dc38da6,exploratory,EXPLORATORY POST-HOC; raw p; no Holm
302,v2_exploratory_posthoc,v2_exploratory_posthoc/exploratory_similarity,spearman__cosine__dist_10-100kb,regulatory_histone_dnase_v1,regulatory_histone_dnase_v1,cpgpt_large_locus,cpgpt_large_locus,-0.1239965113,-0.1370899395,-0.1100077439,"95% percentile bootstrap over 22 chromosome blocks (B=1000, seed 17); coarse by design (frozen protocol sec.0)",0.001998001998,,False,delta = regulatory_histone_dnase_v1 - comparator (higher-is-better metric),outputs/biological_validation_v2/bioval-v2-protocol-freeze-v1/exploratory_posthoc_loyfer/contrasts/similarity__regulatory_histone_dnase_v1__vs__cpgpt_large_locus.csv,af955b4eb032e20f9947bdc36c7ec5b8572ee85ea2bc2e659eee43f91de388c1,exploratory,EXPLORATORY POST-HOC; raw p; no Holm
303,v2_exploratory_posthoc,v2_exploratory_posthoc/exploratory_similarity,spearman__cosine__dist_10-100kb,regulatory_histone_dnase_v1,regulatory_histone_dnase_v1,deepcpg_dna_locus,deepcpg_dna_locus,-0.1202816231,-0.132597414,-0.1055844717,"95% percentile bootstrap over 22 chromosome blocks (B=1000, seed 17); coarse by design (frozen protocol sec.0)",0.001998001998,,False,delta = regulatory_histone_dnase_v1 - comparator (higher-is-better metric),outputs/biological_validation_v2/bioval-v2-protocol-freeze-v1/exploratory_posthoc_loyfer/contrasts/similarity__regulatory_histone_dnase_v1__vs__deepcpg_dna_locus.csv,2b0ed213fe6055b3cda9eed9bc7e98c68d77585e382bfd761d7d73eb778ea377,exploratory,EXPLORATORY POST-HOC; raw p; no Holm
304,v2_exploratory_posthoc,v2_exploratory_posthoc/exploratory_similarity,spearman__cosine__dist_10-100kb,regulatory_histone_dnase_v1,regulatory_histone_dnase_v1,functional_annotations_pca,functional_annotations_pca,-0.02319474817,-0.02737010799,-0.01907460644,"95% percentile bootstrap over 22 chromosome blocks (B=1000, seed 17); coarse by design (frozen protocol sec.0)",0.001998001998,,False,delta = regulatory_histone_dnase_v1 - comparator (higher-is-better metric),outputs/biological_validation_v2/bioval-v2-protocol-freeze-v1/exploratory_posthoc_loyfer/contrasts/similarity__regulatory_histone_dnase_v1__vs__functional_annotations_pca.csv,56167635967edd3d6ede518e5eddc1fcd532652735cd585e6ce0a36e9dc38da6,exploratory,EXPLORATORY POST-HOC; raw p; no Holm
305,v2_exploratory_posthoc,v2_exploratory_posthoc/exploratory_similarity,spearman__cosine__dist_100kb-1Mb,regulatory_histone_dnase_v1,regulatory_histone_dnase_v1,cpgpt_large_locus,cpgpt_large_locus,-0.1492359192,-0.1646577163,-0.1309987174,"95% percentile bootstrap over 22 chromosome blocks (B=1000, seed 17); coarse by design (frozen protocol sec.0)",0.001998001998,,False,delta = regulatory_histone_dnase_v1 - comparator (higher-is-better metric),outputs/biological_validation_v2/bioval-v2-protocol-freeze-v1/exploratory_posthoc_loyfer/contrasts/similarity__regulatory_histone_dnase_v1__vs__cpgpt_large_locus.csv,af955b4eb032e20f9947bdc36c7ec5b8572ee85ea2bc2e659eee43f91de388c1,exploratory,EXPLORATORY POST-HOC; raw p; no Holm
306,v2_exploratory_posthoc,v2_exploratory_posthoc/exploratory_similarity,spearman__cosine__dist_100kb-1Mb,regulatory_histone_dnase_v1,regulatory_histone_dnase_v1,deepcpg_dna_locus,deepcpg_dna_locus,-0.1378720926,-0.1528132192,-0.1207297625,"95% percentile bootstrap over 22 chromosome blocks (B=1000, seed 17); coarse by design (frozen protocol sec.0)",0.001998001998,,False,delta = regulatory_histone_dnase_v1 - comparator (higher-is-better metric),outputs/biological_validation_v2/bioval-v2-protocol-freeze-v1/exploratory_posthoc_loyfer/contrasts/similarity__regulatory_histone_dnase_v1__vs__deepcpg_dna_locus.csv,2b0ed213fe6055b3cda9eed9bc7e98c68d77585e382bfd761d7d73eb778ea377,exploratory,EXPLORATORY POST-HOC; raw p; no Holm
307,v2_exploratory_posthoc,v2_exploratory_posthoc/exploratory_similarity,spearman__cosine__dist_100kb-1Mb,regulatory_histone_dnase_v1,regulatory_histone_dnase_v1,functional_annotations_pca,functional_annotations_pca,-0.02369719193,-0.02817173026,-0.01886841942,"95% percentile bootstrap over 22 chromosome blocks (B=1000, seed 17); coarse by design (frozen protocol sec.0)",0.001998001998,,False,delta = regulatory_histone_dnase_v1 - comparator (higher-is-better metric),outputs/biological_validation_v2/bioval-v2-protocol-freeze-v1/exploratory_posthoc_loyfer/contrasts/similarity__regulatory_histone_dnase_v1__vs__functional_annotations_pca.csv,56167635967edd3d6ede518e5eddc1fcd532652735cd585e6ce0a36e9dc38da6,exploratory,EXPLORATORY POST-HOC; raw p; no Holm
308,v2_exploratory_posthoc,v2_exploratory_posthoc/exploratory_similarity,spearman__cosine__dist_<1kb,regulatory_histone_dnase_v1,regulatory_histone_dnase_v1,cpgpt_large_locus,cpgpt_large_locus,0.1037318821,0.08435196687,0.1222093252,"95% percentile bootstrap over 22 chromosome blocks (B=1000, seed 17); coarse by design (frozen protocol sec.0)",0.001998001998,,False,delta = regulatory_histone_dnase_v1 - comparator (higher-is-better metric),outputs/biological_validation_v2/bioval-v2-protocol-freeze-v1/exploratory_posthoc_loyfer/contrasts/similarity__regulatory_histone_dnase_v1__vs__cpgpt_large_locus.csv,af955b4eb032e20f9947bdc36c7ec5b8572ee85ea2bc2e659eee43f91de388c1,exploratory,EXPLORATORY POST-HOC; raw p; no Holm
309,v2_exploratory_posthoc,v2_exploratory_posthoc/exploratory_similarity,spearman__cosine__dist_<1kb,regulatory_histone_dnase_v1,regulatory_histone_dnase_v1,deepcpg_dna_locus,deepcpg_dna_locus,0.04062057756,0.01931420991,0.06309817686,"95% percentile bootstrap over 22 chromosome blocks (B=1000, seed 17); coarse by design (frozen protocol sec.0)",0.001998001998,,False,delta = regulatory_histone_dnase_v1 - comparator (higher-is-better metric),outputs/biological_validation_v2/bioval-v2-protocol-freeze-v1/exploratory_posthoc_loyfer/contrasts/similarity__regulatory_histone_dnase_v1__vs__deepcpg_dna_locus.csv,2b0ed213fe6055b3cda9eed9bc7e98c68d77585e382bfd761d7d73eb778ea377,exploratory,EXPLORATORY POST-HOC; raw p; no Holm
310,v2_exploratory_posthoc,v2_exploratory_posthoc/exploratory_similarity,spearman__cosine__dist_<1kb,regulatory_histone_dnase_v1,regulatory_histone_dnase_v1,functional_annotations_pca,functional_annotations_pca,-0.05389968424,-0.05893649314,-0.04872786221,"95% percentile bootstrap over 22 chromosome blocks (B=1000, seed 17); coarse by design (frozen protocol sec.0)",0.001998001998,,False,delta = regulatory_histone_dnase_v1 - comparator (higher-is-better metric),outputs/biological_validation_v2/bioval-v2-protocol-freeze-v1/exploratory_posthoc_loyfer/contrasts/similarity__regulatory_histone_dnase_v1__vs__functional_annotations_pca.csv,56167635967edd3d6ede518e5eddc1fcd532652735cd585e6ce0a36e9dc38da6,exploratory,EXPLORATORY POST-HOC; raw p; no Holm
311,v2_exploratory_posthoc,v2_exploratory_posthoc/exploratory_similarity,spearman__cosine__dist_>1Mb,regulatory_histone_dnase_v1,regulatory_histone_dnase_v1,cpgpt_large_locus,cpgpt_large_locus,-0.1690263781,-0.1857706543,-0.1496941693,"95% percentile bootstrap over 22 chromosome blocks (B=1000, seed 17); coarse by design (frozen protocol sec.0)",0.001998001998,,False,delta = regulatory_histone_dnase_v1 - comparator (higher-is-better metric),outputs/biological_validation_v2/bioval-v2-protocol-freeze-v1/exploratory_posthoc_loyfer/contrasts/similarity__regulatory_histone_dnase_v1__vs__cpgpt_large_locus.csv,af955b4eb032e20f9947bdc36c7ec5b8572ee85ea2bc2e659eee43f91de388c1,exploratory,EXPLORATORY POST-HOC; raw p; no Holm
312,v2_exploratory_posthoc,v2_exploratory_posthoc/exploratory_similarity,spearman__cosine__dist_>1Mb,regulatory_histone_dnase_v1,regulatory_histone_dnase_v1,deepcpg_dna_locus,deepcpg_dna_locus,-0.1758105213,-0.1963775225,-0.1510258168,"95% percentile bootstrap over 22 chromosome blocks (B=1000, seed 17); coarse by design (frozen protocol sec.0)",0.001998001998,,False,delta = regulatory_histone_dnase_v1 - comparator (higher-is-better metric),outputs/biological_validation_v2/bioval-v2-protocol-freeze-v1/exploratory_posthoc_loyfer/contrasts/similarity__regulatory_histone_dnase_v1__vs__deepcpg_dna_locus.csv,2b0ed213fe6055b3cda9eed9bc7e98c68d77585e382bfd761d7d73eb778ea377,exploratory,EXPLORATORY POST-HOC; raw p; no Holm
313,v2_exploratory_posthoc,v2_exploratory_posthoc/exploratory_similarity,spearman__cosine__dist_>1Mb,regulatory_histone_dnase_v1,regulatory_histone_dnase_v1,functional_annotations_pca,functional_annotations_pca,-0.02410666021,-0.02883369208,-0.01946732341,"95% percentile bootstrap over 22 chromosome blocks (B=1000, seed 17); coarse by design (frozen protocol sec.0)",0.001998001998,,False,delta = regulatory_histone_dnase_v1 - comparator (higher-is-better metric),outputs/biological_validation_v2/bioval-v2-protocol-freeze-v1/exploratory_posthoc_loyfer/contrasts/similarity__regulatory_histone_dnase_v1__vs__functional_annotations_pca.csv,56167635967edd3d6ede518e5eddc1fcd532652735cd585e6ce0a36e9dc38da6,exploratory,EXPLORATORY POST-HOC; raw p; no Holm
314,v2_exploratory_posthoc,v2_exploratory_posthoc/exploratory_similarity,spearman__cosine__dist_interchromosomal,regulatory_histone_dnase_v1,regulatory_histone_dnase_v1,cpgpt_large_locus,cpgpt_large_locus,-0.169580217,-0.1787787182,-0.1612305534,"95% percentile bootstrap over 22 chromosome blocks (B=1000, seed 17); coarse by design (frozen protocol sec.0)",0.001998001998,,False,delta = regulatory_histone_dnase_v1 - comparator (higher-is-better metric),outputs/biological_validation_v2/bioval-v2-protocol-freeze-v1/exploratory_posthoc_loyfer/contrasts/similarity__regulatory_histone_dnase_v1__vs__cpgpt_large_locus.csv,af955b4eb032e20f9947bdc36c7ec5b8572ee85ea2bc2e659eee43f91de388c1,exploratory,EXPLORATORY POST-HOC; raw p; no Holm
315,v2_exploratory_posthoc,v2_exploratory_posthoc/exploratory_similarity,spearman__cosine__dist_interchromosomal,regulatory_histone_dnase_v1,regulatory_histone_dnase_v1,deepcpg_dna_locus,deepcpg_dna_locus,-0.1807346914,-0.1910163624,-0.1708607157,"95% percentile bootstrap over 22 chromosome blocks (B=1000, seed 17); coarse by design (frozen protocol sec.0)",0.001998001998,,False,delta = regulatory_histone_dnase_v1 - comparator (higher-is-better metric),outputs/biological_validation_v2/bioval-v2-protocol-freeze-v1/exploratory_posthoc_loyfer/contrasts/similarity__regulatory_histone_dnase_v1__vs__deepcpg_dna_locus.csv,2b0ed213fe6055b3cda9eed9bc7e98c68d77585e382bfd761d7d73eb778ea377,exploratory,EXPLORATORY POST-HOC; raw p; no Holm
316,v2_exploratory_posthoc,v2_exploratory_posthoc/exploratory_similarity,spearman__cosine__dist_interchromosomal,regulatory_histone_dnase_v1,regulatory_histone_dnase_v1,functional_annotations_pca,functional_annotations_pca,-0.02522378442,-0.02845995473,-0.02249778025,"95% percentile bootstrap over 22 chromosome blocks (B=1000, seed 17); coarse by design (frozen protocol sec.0)",0.001998001998,,False,delta = regulatory_histone_dnase_v1 - comparator (higher-is-better metric),outputs/biological_validation_v2/bioval-v2-protocol-freeze-v1/exploratory_posthoc_loyfer/contrasts/similarity__regulatory_histone_dnase_v1__vs__functional_annotations_pca.csv,56167635967edd3d6ede518e5eddc1fcd532652735cd585e6ce0a36e9dc38da6,exploratory,EXPLORATORY POST-HOC; raw p; no Holm
317,v2_exploratory_posthoc,v2_exploratory_posthoc/exploratory_similarity,spearman__neg_euclidean__M_Q1,regulatory_histone_dnase_v1,regulatory_histone_dnase_v1,cpgpt_large_locus,cpgpt_large_locus,0.1373566155,0.1189417591,0.1561742657,"95% percentile bootstrap over 22 chromosome blocks (B=1000, seed 17); coarse by design (frozen protocol sec.0)",0.001998001998,,False,delta = regulatory_histone_dnase_v1 - comparator (higher-is-better metric),outputs/biological_validation_v2/bioval-v2-protocol-freeze-v1/exploratory_posthoc_loyfer/contrasts/similarity__regulatory_histone_dnase_v1__vs__cpgpt_large_locus.csv,af955b4eb032e20f9947bdc36c7ec5b8572ee85ea2bc2e659eee43f91de388c1,exploratory,EXPLORATORY POST-HOC; raw p; no Holm
318,v2_exploratory_posthoc,v2_exploratory_posthoc/exploratory_similarity,spearman__neg_euclidean__M_Q1,regulatory_histone_dnase_v1,regulatory_histone_dnase_v1,deepcpg_dna_locus,deepcpg_dna_locus,0.09339579402,0.08009340137,0.10718286,"95% percentile bootstrap over 22 chromosome blocks (B=1000, seed 17); coarse by design (frozen protocol sec.0)",0.001998001998,,False,delta = regulatory_histone_dnase_v1 - comparator (higher-is-better metric),outputs/biological_validation_v2/bioval-v2-protocol-freeze-v1/exploratory_posthoc_loyfer/contrasts/similarity__regulatory_histone_dnase_v1__vs__deepcpg_dna_locus.csv,2b0ed213fe6055b3cda9eed9bc7e98c68d77585e382bfd761d7d73eb778ea377,exploratory,EXPLORATORY POST-HOC; raw p; no Holm
319,v2_exploratory_posthoc,v2_exploratory_posthoc/exploratory_similarity,spearman__neg_euclidean__M_Q1,regulatory_histone_dnase_v1,regulatory_histone_dnase_v1,functional_annotations_pca,functional_annotations_pca,-0.01768374043,-0.02013401551,-0.01546040229,"95% percentile bootstrap over 22 chromosome blocks (B=1000, seed 17); coarse by design (frozen protocol sec.0)",0.001998001998,,False,delta = regulatory_histone_dnase_v1 - comparator (higher-is-better metric),outputs/biological_validation_v2/bioval-v2-protocol-freeze-v1/exploratory_posthoc_loyfer/contrasts/similarity__regulatory_histone_dnase_v1__vs__functional_annotations_pca.csv,56167635967edd3d6ede518e5eddc1fcd532652735cd585e6ce0a36e9dc38da6,exploratory,EXPLORATORY POST-HOC; raw p; no Holm
320,v2_exploratory_posthoc,v2_exploratory_posthoc/exploratory_similarity,spearman__neg_euclidean__M_Q2,regulatory_histone_dnase_v1,regulatory_histone_dnase_v1,cpgpt_large_locus,cpgpt_large_locus,0.1077958072,0.09936883788,0.1173034842,"95% percentile bootstrap over 22 chromosome blocks (B=1000, seed 17); coarse by design (frozen protocol sec.0)",0.001998001998,,False,delta = regulatory_histone_dnase_v1 - comparator (higher-is-better metric),outputs/biological_validation_v2/bioval-v2-protocol-freeze-v1/exploratory_posthoc_loyfer/contrasts/similarity__regulatory_histone_dnase_v1__vs__cpgpt_large_locus.csv,af955b4eb032e20f9947bdc36c7ec5b8572ee85ea2bc2e659eee43f91de388c1,exploratory,EXPLORATORY POST-HOC; raw p; no Holm
321,v2_exploratory_posthoc,v2_exploratory_posthoc/exploratory_similarity,spearman__neg_euclidean__M_Q2,regulatory_histone_dnase_v1,regulatory_histone_dnase_v1,deepcpg_dna_locus,deepcpg_dna_locus,0.05546687079,0.04725868943,0.06405704693,"95% percentile bootstrap over 22 chromosome blocks (B=1000, seed 17); coarse by design (frozen protocol sec.0)",0.001998001998,,False,delta = regulatory_histone_dnase_v1 - comparator (higher-is-better metric),outputs/biological_validation_v2/bioval-v2-protocol-freeze-v1/exploratory_posthoc_loyfer/contrasts/similarity__regulatory_histone_dnase_v1__vs__deepcpg_dna_locus.csv,2b0ed213fe6055b3cda9eed9bc7e98c68d77585e382bfd761d7d73eb778ea377,exploratory,EXPLORATORY POST-HOC; raw p; no Holm
322,v2_exploratory_posthoc,v2_exploratory_posthoc/exploratory_similarity,spearman__neg_euclidean__M_Q2,regulatory_histone_dnase_v1,regulatory_histone_dnase_v1,functional_annotations_pca,functional_annotations_pca,-0.005648656702,-0.006961237516,-0.004280300294,"95% percentile bootstrap over 22 chromosome blocks (B=1000, seed 17); coarse by design (frozen protocol sec.0)",0.001998001998,,False,delta = regulatory_histone_dnase_v1 - comparator (higher-is-better metric),outputs/biological_validation_v2/bioval-v2-protocol-freeze-v1/exploratory_posthoc_loyfer/contrasts/similarity__regulatory_histone_dnase_v1__vs__functional_annotations_pca.csv,56167635967edd3d6ede518e5eddc1fcd532652735cd585e6ce0a36e9dc38da6,exploratory,EXPLORATORY POST-HOC; raw p; no Holm
323,v2_exploratory_posthoc,v2_exploratory_posthoc/exploratory_similarity,spearman__neg_euclidean__M_Q3,regulatory_histone_dnase_v1,regulatory_histone_dnase_v1,cpgpt_large_locus,cpgpt_large_locus,0.1467255952,0.1357006646,0.1580180176,"95% percentile bootstrap over 22 chromosome blocks (B=1000, seed 17); coarse by design (frozen protocol sec.0)",0.001998001998,,False,delta = regulatory_histone_dnase_v1 - comparator (higher-is-better metric),outputs/biological_validation_v2/bioval-v2-protocol-freeze-v1/exploratory_posthoc_loyfer/contrasts/similarity__regulatory_histone_dnase_v1__vs__cpgpt_large_locus.csv,af955b4eb032e20f9947bdc36c7ec5b8572ee85ea2bc2e659eee43f91de388c1,exploratory,EXPLORATORY POST-HOC; raw p; no Holm
324,v2_exploratory_posthoc,v2_exploratory_posthoc/exploratory_similarity,spearman__neg_euclidean__M_Q3,regulatory_histone_dnase_v1,regulatory_histone_dnase_v1,deepcpg_dna_locus,deepcpg_dna_locus,0.1162192943,0.1095814863,0.1254754016,"95% percentile bootstrap over 22 chromosome blocks (B=1000, seed 17); coarse by design (frozen protocol sec.0)",0.001998001998,,False,delta = regulatory_histone_dnase_v1 - comparator (higher-is-better metric),outputs/biological_validation_v2/bioval-v2-protocol-freeze-v1/exploratory_posthoc_loyfer/contrasts/similarity__regulatory_histone_dnase_v1__vs__deepcpg_dna_locus.csv,2b0ed213fe6055b3cda9eed9bc7e98c68d77585e382bfd761d7d73eb778ea377,exploratory,EXPLORATORY POST-HOC; raw p; no Holm
325,v2_exploratory_posthoc,v2_exploratory_posthoc/exploratory_similarity,spearman__neg_euclidean__M_Q3,regulatory_histone_dnase_v1,regulatory_histone_dnase_v1,functional_annotations_pca,functional_annotations_pca,-0.002420348298,-0.003483631928,-0.001482271701,"95% percentile bootstrap over 22 chromosome blocks (B=1000, seed 17); coarse by design (frozen protocol sec.0)",0.001998001998,,False,delta = regulatory_histone_dnase_v1 - comparator (higher-is-better metric),outputs/biological_validation_v2/bioval-v2-protocol-freeze-v1/exploratory_posthoc_loyfer/contrasts/similarity__regulatory_histone_dnase_v1__vs__functional_annotations_pca.csv,56167635967edd3d6ede518e5eddc1fcd532652735cd585e6ce0a36e9dc38da6,exploratory,EXPLORATORY POST-HOC; raw p; no Holm
326,v2_exploratory_posthoc,v2_exploratory_posthoc/exploratory_similarity,spearman__neg_euclidean__M_Q4,regulatory_histone_dnase_v1,regulatory_histone_dnase_v1,cpgpt_large_locus,cpgpt_large_locus,0.1985348222,0.1868509162,0.2111011221,"95% percentile bootstrap over 22 chromosome blocks (B=1000, seed 17); coarse by design (frozen protocol sec.0)",0.001998001998,,False,delta = regulatory_histone_dnase_v1 - comparator (higher-is-better metric),outputs/biological_validation_v2/bioval-v2-protocol-freeze-v1/exploratory_posthoc_loyfer/contrasts/similarity__regulatory_histone_dnase_v1__vs__cpgpt_large_locus.csv,af955b4eb032e20f9947bdc36c7ec5b8572ee85ea2bc2e659eee43f91de388c1,exploratory,EXPLORATORY POST-HOC; raw p; no Holm
327,v2_exploratory_posthoc,v2_exploratory_posthoc/exploratory_similarity,spearman__neg_euclidean__M_Q4,regulatory_histone_dnase_v1,regulatory_histone_dnase_v1,deepcpg_dna_locus,deepcpg_dna_locus,0.2935033473,0.2785519154,0.3087957185,"95% percentile bootstrap over 22 chromosome blocks (B=1000, seed 17); coarse by design (frozen protocol sec.0)",0.001998001998,,False,delta = regulatory_histone_dnase_v1 - comparator (higher-is-better metric),outputs/biological_validation_v2/bioval-v2-protocol-freeze-v1/exploratory_posthoc_loyfer/contrasts/similarity__regulatory_histone_dnase_v1__vs__deepcpg_dna_locus.csv,2b0ed213fe6055b3cda9eed9bc7e98c68d77585e382bfd761d7d73eb778ea377,exploratory,EXPLORATORY POST-HOC; raw p; no Holm
328,v2_exploratory_posthoc,v2_exploratory_posthoc/exploratory_similarity,spearman__neg_euclidean__M_Q4,regulatory_histone_dnase_v1,regulatory_histone_dnase_v1,functional_annotations_pca,functional_annotations_pca,0.002426435193,0.00140839046,0.00345262787,"95% percentile bootstrap over 22 chromosome blocks (B=1000, seed 17); coarse by design (frozen protocol sec.0)",0.001998001998,,False,delta = regulatory_histone_dnase_v1 - comparator (higher-is-better metric),outputs/biological_validation_v2/bioval-v2-protocol-freeze-v1/exploratory_posthoc_loyfer/contrasts/similarity__regulatory_histone_dnase_v1__vs__functional_annotations_pca.csv,56167635967edd3d6ede518e5eddc1fcd532652735cd585e6ce0a36e9dc38da6,exploratory,EXPLORATORY POST-HOC; raw p; no Holm
329,v2_exploratory_posthoc,v2_exploratory_posthoc/exploratory_similarity,spearman__neg_euclidean__V_Q1,regulatory_histone_dnase_v1,regulatory_histone_dnase_v1,cpgpt_large_locus,cpgpt_large_locus,0.01328856869,0.008488455915,0.01862597588,"95% percentile bootstrap over 22 chromosome blocks (B=1000, seed 17); coarse by design (frozen protocol sec.0)",0.001998001998,,False,delta = regulatory_histone_dnase_v1 - comparator (higher-is-better metric),outputs/biological_validation_v2/bioval-v2-protocol-freeze-v1/exploratory_posthoc_loyfer/contrasts/similarity__regulatory_histone_dnase_v1__vs__cpgpt_large_locus.csv,af955b4eb032e20f9947bdc36c7ec5b8572ee85ea2bc2e659eee43f91de388c1,exploratory,EXPLORATORY POST-HOC; raw p; no Holm
330,v2_exploratory_posthoc,v2_exploratory_posthoc/exploratory_similarity,spearman__neg_euclidean__V_Q1,regulatory_histone_dnase_v1,regulatory_histone_dnase_v1,deepcpg_dna_locus,deepcpg_dna_locus,0.01014368548,0.001915082239,0.01845670221,"95% percentile bootstrap over 22 chromosome blocks (B=1000, seed 17); coarse by design (frozen protocol sec.0)",0.01598401598,,False,delta = regulatory_histone_dnase_v1 - comparator (higher-is-better metric),outputs/biological_validation_v2/bioval-v2-protocol-freeze-v1/exploratory_posthoc_loyfer/contrasts/similarity__regulatory_histone_dnase_v1__vs__deepcpg_dna_locus.csv,2b0ed213fe6055b3cda9eed9bc7e98c68d77585e382bfd761d7d73eb778ea377,exploratory,EXPLORATORY POST-HOC; raw p; no Holm
331,v2_exploratory_posthoc,v2_exploratory_posthoc/exploratory_similarity,spearman__neg_euclidean__V_Q1,regulatory_histone_dnase_v1,regulatory_histone_dnase_v1,functional_annotations_pca,functional_annotations_pca,-0.006024445572,-0.008116889297,-0.004158894028,"95% percentile bootstrap over 22 chromosome blocks (B=1000, seed 17); coarse by design (frozen protocol sec.0)",0.001998001998,,False,delta = regulatory_histone_dnase_v1 - comparator (higher-is-better metric),outputs/biological_validation_v2/bioval-v2-protocol-freeze-v1/exploratory_posthoc_loyfer/contrasts/similarity__regulatory_histone_dnase_v1__vs__functional_annotations_pca.csv,56167635967edd3d6ede518e5eddc1fcd532652735cd585e6ce0a36e9dc38da6,exploratory,EXPLORATORY POST-HOC; raw p; no Holm
332,v2_exploratory_posthoc,v2_exploratory_posthoc/exploratory_similarity,spearman__neg_euclidean__V_Q2,regulatory_histone_dnase_v1,regulatory_histone_dnase_v1,cpgpt_large_locus,cpgpt_large_locus,0.13864947,0.1263414795,0.1505383073,"95% percentile bootstrap over 22 chromosome blocks (B=1000, seed 17); coarse by design (frozen protocol sec.0)",0.001998001998,,False,delta = regulatory_histone_dnase_v1 - comparator (higher-is-better metric),outputs/biological_validation_v2/bioval-v2-protocol-freeze-v1/exploratory_posthoc_loyfer/contrasts/similarity__regulatory_histone_dnase_v1__vs__cpgpt_large_locus.csv,af955b4eb032e20f9947bdc36c7ec5b8572ee85ea2bc2e659eee43f91de388c1,exploratory,EXPLORATORY POST-HOC; raw p; no Holm
333,v2_exploratory_posthoc,v2_exploratory_posthoc/exploratory_similarity,spearman__neg_euclidean__V_Q2,regulatory_histone_dnase_v1,regulatory_histone_dnase_v1,deepcpg_dna_locus,deepcpg_dna_locus,0.09445608405,0.08528047624,0.1045038566,"95% percentile bootstrap over 22 chromosome blocks (B=1000, seed 17); coarse by design (frozen protocol sec.0)",0.001998001998,,False,delta = regulatory_histone_dnase_v1 - comparator (higher-is-better metric),outputs/biological_validation_v2/bioval-v2-protocol-freeze-v1/exploratory_posthoc_loyfer/contrasts/similarity__regulatory_histone_dnase_v1__vs__deepcpg_dna_locus.csv,2b0ed213fe6055b3cda9eed9bc7e98c68d77585e382bfd761d7d73eb778ea377,exploratory,EXPLORATORY POST-HOC; raw p; no Holm
334,v2_exploratory_posthoc,v2_exploratory_posthoc/exploratory_similarity,spearman__neg_euclidean__V_Q2,regulatory_histone_dnase_v1,regulatory_histone_dnase_v1,functional_annotations_pca,functional_annotations_pca,-0.008272186669,-0.009597063976,-0.006939886696,"95% percentile bootstrap over 22 chromosome blocks (B=1000, seed 17); coarse by design (frozen protocol sec.0)",0.001998001998,,False,delta = regulatory_histone_dnase_v1 - comparator (higher-is-better metric),outputs/biological_validation_v2/bioval-v2-protocol-freeze-v1/exploratory_posthoc_loyfer/contrasts/similarity__regulatory_histone_dnase_v1__vs__functional_annotations_pca.csv,56167635967edd3d6ede518e5eddc1fcd532652735cd585e6ce0a36e9dc38da6,exploratory,EXPLORATORY POST-HOC; raw p; no Holm
335,v2_exploratory_posthoc,v2_exploratory_posthoc/exploratory_similarity,spearman__neg_euclidean__V_Q3,regulatory_histone_dnase_v1,regulatory_histone_dnase_v1,cpgpt_large_locus,cpgpt_large_locus,0.1862569466,0.174846064,0.1988878373,"95% percentile bootstrap over 22 chromosome blocks (B=1000, seed 17); coarse by design (frozen protocol sec.0)",0.001998001998,,False,delta = regulatory_histone_dnase_v1 - comparator (higher-is-better metric),outputs/biological_validation_v2/bioval-v2-protocol-freeze-v1/exploratory_posthoc_loyfer/contrasts/similarity__regulatory_histone_dnase_v1__vs__cpgpt_large_locus.csv,af955b4eb032e20f9947bdc36c7ec5b8572ee85ea2bc2e659eee43f91de388c1,exploratory,EXPLORATORY POST-HOC; raw p; no Holm
336,v2_exploratory_posthoc,v2_exploratory_posthoc/exploratory_similarity,spearman__neg_euclidean__V_Q3,regulatory_histone_dnase_v1,regulatory_histone_dnase_v1,deepcpg_dna_locus,deepcpg_dna_locus,0.2218139025,0.2049609561,0.2384827857,"95% percentile bootstrap over 22 chromosome blocks (B=1000, seed 17); coarse by design (frozen protocol sec.0)",0.001998001998,,False,delta = regulatory_histone_dnase_v1 - comparator (higher-is-better metric),outputs/biological_validation_v2/bioval-v2-protocol-freeze-v1/exploratory_posthoc_loyfer/contrasts/similarity__regulatory_histone_dnase_v1__vs__deepcpg_dna_locus.csv,2b0ed213fe6055b3cda9eed9bc7e98c68d77585e382bfd761d7d73eb778ea377,exploratory,EXPLORATORY POST-HOC; raw p; no Holm
337,v2_exploratory_posthoc,v2_exploratory_posthoc/exploratory_similarity,spearman__neg_euclidean__V_Q3,regulatory_histone_dnase_v1,regulatory_histone_dnase_v1,functional_annotations_pca,functional_annotations_pca,0.001020484316,-2.121507122e-05,0.002003163347,"95% percentile bootstrap over 22 chromosome blocks (B=1000, seed 17); coarse by design (frozen protocol sec.0)",0.05794205794,,False,delta = regulatory_histone_dnase_v1 - comparator (higher-is-better metric),outputs/biological_validation_v2/bioval-v2-protocol-freeze-v1/exploratory_posthoc_loyfer/contrasts/similarity__regulatory_histone_dnase_v1__vs__functional_annotations_pca.csv,56167635967edd3d6ede518e5eddc1fcd532652735cd585e6ce0a36e9dc38da6,exploratory,EXPLORATORY POST-HOC; raw p; no Holm
338,v2_exploratory_posthoc,v2_exploratory_posthoc/exploratory_similarity,spearman__neg_euclidean__V_Q4,regulatory_histone_dnase_v1,regulatory_histone_dnase_v1,cpgpt_large_locus,cpgpt_large_locus,0.1396727518,0.1257044468,0.1530171002,"95% percentile bootstrap over 22 chromosome blocks (B=1000, seed 17); coarse by design (frozen protocol sec.0)",0.001998001998,,False,delta = regulatory_histone_dnase_v1 - comparator (higher-is-better metric),outputs/biological_validation_v2/bioval-v2-protocol-freeze-v1/exploratory_posthoc_loyfer/contrasts/similarity__regulatory_histone_dnase_v1__vs__cpgpt_large_locus.csv,af955b4eb032e20f9947bdc36c7ec5b8572ee85ea2bc2e659eee43f91de388c1,exploratory,EXPLORATORY POST-HOC; raw p; no Holm
339,v2_exploratory_posthoc,v2_exploratory_posthoc/exploratory_similarity,spearman__neg_euclidean__V_Q4,regulatory_histone_dnase_v1,regulatory_histone_dnase_v1,deepcpg_dna_locus,deepcpg_dna_locus,0.2087601968,0.1948619656,0.2247367475,"95% percentile bootstrap over 22 chromosome blocks (B=1000, seed 17); coarse by design (frozen protocol sec.0)",0.001998001998,,False,delta = regulatory_histone_dnase_v1 - comparator (higher-is-better metric),outputs/biological_validation_v2/bioval-v2-protocol-freeze-v1/exploratory_posthoc_loyfer/contrasts/similarity__regulatory_histone_dnase_v1__vs__deepcpg_dna_locus.csv,2b0ed213fe6055b3cda9eed9bc7e98c68d77585e382bfd761d7d73eb778ea377,exploratory,EXPLORATORY POST-HOC; raw p; no Holm
340,v2_exploratory_posthoc,v2_exploratory_posthoc/exploratory_similarity,spearman__neg_euclidean__V_Q4,regulatory_histone_dnase_v1,regulatory_histone_dnase_v1,functional_annotations_pca,functional_annotations_pca,0.004223735757,0.00315892571,0.005211390344,"95% percentile bootstrap over 22 chromosome blocks (B=1000, seed 17); coarse by design (frozen protocol sec.0)",0.001998001998,,False,delta = regulatory_histone_dnase_v1 - comparator (higher-is-better metric),outputs/biological_validation_v2/bioval-v2-protocol-freeze-v1/exploratory_posthoc_loyfer/contrasts/similarity__regulatory_histone_dnase_v1__vs__functional_annotations_pca.csv,56167635967edd3d6ede518e5eddc1fcd532652735cd585e6ce0a36e9dc38da6,exploratory,EXPLORATORY POST-HOC; raw p; no Holm
341,v2_exploratory_posthoc,v2_exploratory_posthoc/exploratory_similarity,spearman__neg_euclidean__V_top10pct,regulatory_histone_dnase_v1,regulatory_histone_dnase_v1,cpgpt_large_locus,cpgpt_large_locus,0.1445619288,0.1197644512,0.1668685116,"95% percentile bootstrap over 22 chromosome blocks (B=1000, seed 17); coarse by design (frozen protocol sec.0)",0.001998001998,,False,delta = regulatory_histone_dnase_v1 - comparator (higher-is-better metric),outputs/biological_validation_v2/bioval-v2-protocol-freeze-v1/exploratory_posthoc_loyfer/contrasts/similarity__regulatory_histone_dnase_v1__vs__cpgpt_large_locus.csv,af955b4eb032e20f9947bdc36c7ec5b8572ee85ea2bc2e659eee43f91de388c1,exploratory,EXPLORATORY POST-HOC; raw p; no Holm
342,v2_exploratory_posthoc,v2_exploratory_posthoc/exploratory_similarity,spearman__neg_euclidean__V_top10pct,regulatory_histone_dnase_v1,regulatory_histone_dnase_v1,deepcpg_dna_locus,deepcpg_dna_locus,0.2329504742,0.2130607057,0.2571299739,"95% percentile bootstrap over 22 chromosome blocks (B=1000, seed 17); coarse by design (frozen protocol sec.0)",0.001998001998,,False,delta = regulatory_histone_dnase_v1 - comparator (higher-is-better metric),outputs/biological_validation_v2/bioval-v2-protocol-freeze-v1/exploratory_posthoc_loyfer/contrasts/similarity__regulatory_histone_dnase_v1__vs__deepcpg_dna_locus.csv,2b0ed213fe6055b3cda9eed9bc7e98c68d77585e382bfd761d7d73eb778ea377,exploratory,EXPLORATORY POST-HOC; raw p; no Holm
343,v2_exploratory_posthoc,v2_exploratory_posthoc/exploratory_similarity,spearman__neg_euclidean__V_top10pct,regulatory_histone_dnase_v1,regulatory_histone_dnase_v1,functional_annotations_pca,functional_annotations_pca,0.006151341988,0.004879058138,0.007237058297,"95% percentile bootstrap over 22 chromosome blocks (B=1000, seed 17); coarse by design (frozen protocol sec.0)",0.001998001998,,False,delta = regulatory_histone_dnase_v1 - comparator (higher-is-better metric),outputs/biological_validation_v2/bioval-v2-protocol-freeze-v1/exploratory_posthoc_loyfer/contrasts/similarity__regulatory_histone_dnase_v1__vs__functional_annotations_pca.csv,56167635967edd3d6ede518e5eddc1fcd532652735cd585e6ce0a36e9dc38da6,exploratory,EXPLORATORY POST-HOC; raw p; no Holm
344,v2_exploratory_posthoc,v2_exploratory_posthoc/exploratory_similarity,spearman__neg_euclidean__all,regulatory_histone_dnase_v1,regulatory_histone_dnase_v1,cpgpt_large_locus,cpgpt_large_locus,0.1862416006,0.1768922728,0.1966393082,"95% percentile bootstrap over 22 chromosome blocks (B=1000, seed 17); coarse by design (frozen protocol sec.0)",0.001998001998,,False,delta = regulatory_histone_dnase_v1 - comparator (higher-is-better metric),outputs/biological_validation_v2/bioval-v2-protocol-freeze-v1/exploratory_posthoc_loyfer/contrasts/similarity__regulatory_histone_dnase_v1__vs__cpgpt_large_locus.csv,af955b4eb032e20f9947bdc36c7ec5b8572ee85ea2bc2e659eee43f91de388c1,exploratory,EXPLORATORY POST-HOC; raw p; no Holm
345,v2_exploratory_posthoc,v2_exploratory_posthoc/exploratory_similarity,spearman__neg_euclidean__all,regulatory_histone_dnase_v1,regulatory_histone_dnase_v1,deepcpg_dna_locus,deepcpg_dna_locus,0.1402544288,0.1322360005,0.1492854905,"95% percentile bootstrap over 22 chromosome blocks (B=1000, seed 17); coarse by design (frozen protocol sec.0)",0.001998001998,,False,delta = regulatory_histone_dnase_v1 - comparator (higher-is-better metric),outputs/biological_validation_v2/bioval-v2-protocol-freeze-v1/exploratory_posthoc_loyfer/contrasts/similarity__regulatory_histone_dnase_v1__vs__deepcpg_dna_locus.csv,2b0ed213fe6055b3cda9eed9bc7e98c68d77585e382bfd761d7d73eb778ea377,exploratory,EXPLORATORY POST-HOC; raw p; no Holm
346,v2_exploratory_posthoc,v2_exploratory_posthoc/exploratory_similarity,spearman__neg_euclidean__all,regulatory_histone_dnase_v1,regulatory_histone_dnase_v1,functional_annotations_pca,functional_annotations_pca,-0.006875445532,-0.007709055167,-0.006195139427,"95% percentile bootstrap over 22 chromosome blocks (B=1000, seed 17); coarse by design (frozen protocol sec.0)",0.001998001998,,False,delta = regulatory_histone_dnase_v1 - comparator (higher-is-better metric),outputs/biological_validation_v2/bioval-v2-protocol-freeze-v1/exploratory_posthoc_loyfer/contrasts/similarity__regulatory_histone_dnase_v1__vs__functional_annotations_pca.csv,56167635967edd3d6ede518e5eddc1fcd532652735cd585e6ce0a36e9dc38da6,exploratory,EXPLORATORY POST-HOC; raw p; no Holm
347,v2_exploratory_posthoc,v2_exploratory_posthoc/exploratory_similarity,spearman__neg_euclidean__chrom_inter,regulatory_histone_dnase_v1,regulatory_histone_dnase_v1,cpgpt_large_locus,cpgpt_large_locus,0.131355191,0.1246305276,0.1381933753,"95% percentile bootstrap over 22 chromosome blocks (B=1000, seed 17); coarse by design (frozen protocol sec.0)",0.001998001998,,False,delta = regulatory_histone_dnase_v1 - comparator (higher-is-better metric),outputs/biological_validation_v2/bioval-v2-protocol-freeze-v1/exploratory_posthoc_loyfer/contrasts/similarity__regulatory_histone_dnase_v1__vs__cpgpt_large_locus.csv,af955b4eb032e20f9947bdc36c7ec5b8572ee85ea2bc2e659eee43f91de388c1,exploratory,EXPLORATORY POST-HOC; raw p; no Holm
348,v2_exploratory_posthoc,v2_exploratory_posthoc/exploratory_similarity,spearman__neg_euclidean__chrom_inter,regulatory_histone_dnase_v1,regulatory_histone_dnase_v1,deepcpg_dna_locus,deepcpg_dna_locus,0.08706813814,0.0826867803,0.09282997269,"95% percentile bootstrap over 22 chromosome blocks (B=1000, seed 17); coarse by design (frozen protocol sec.0)",0.001998001998,,False,delta = regulatory_histone_dnase_v1 - comparator (higher-is-better metric),outputs/biological_validation_v2/bioval-v2-protocol-freeze-v1/exploratory_posthoc_loyfer/contrasts/similarity__regulatory_histone_dnase_v1__vs__deepcpg_dna_locus.csv,2b0ed213fe6055b3cda9eed9bc7e98c68d77585e382bfd761d7d73eb778ea377,exploratory,EXPLORATORY POST-HOC; raw p; no Holm
349,v2_exploratory_posthoc,v2_exploratory_posthoc/exploratory_similarity,spearman__neg_euclidean__chrom_inter,regulatory_histone_dnase_v1,regulatory_histone_dnase_v1,functional_annotations_pca,functional_annotations_pca,-0.007297576203,-0.008241243921,-0.006309333104,"95% percentile bootstrap over 22 chromosome blocks (B=1000, seed 17); coarse by design (frozen protocol sec.0)",0.001998001998,,False,delta = regulatory_histone_dnase_v1 - comparator (higher-is-better metric),outputs/biological_validation_v2/bioval-v2-protocol-freeze-v1/exploratory_posthoc_loyfer/contrasts/similarity__regulatory_histone_dnase_v1__vs__functional_annotations_pca.csv,56167635967edd3d6ede518e5eddc1fcd532652735cd585e6ce0a36e9dc38da6,exploratory,EXPLORATORY POST-HOC; raw p; no Holm
350,v2_exploratory_posthoc,v2_exploratory_posthoc/exploratory_similarity,spearman__neg_euclidean__chrom_intra,regulatory_histone_dnase_v1,regulatory_histone_dnase_v1,cpgpt_large_locus,cpgpt_large_locus,0.2367161712,0.2283106908,0.244259238,"95% percentile bootstrap over 22 chromosome blocks (B=1000, seed 17); coarse by design (frozen protocol sec.0)",0.001998001998,,False,delta = regulatory_histone_dnase_v1 - comparator (higher-is-better metric),outputs/biological_validation_v2/bioval-v2-protocol-freeze-v1/exploratory_posthoc_loyfer/contrasts/similarity__regulatory_histone_dnase_v1__vs__cpgpt_large_locus.csv,af955b4eb032e20f9947bdc36c7ec5b8572ee85ea2bc2e659eee43f91de388c1,exploratory,EXPLORATORY POST-HOC; raw p; no Holm
351,v2_exploratory_posthoc,v2_exploratory_posthoc/exploratory_similarity,spearman__neg_euclidean__chrom_intra,regulatory_histone_dnase_v1,regulatory_histone_dnase_v1,deepcpg_dna_locus,deepcpg_dna_locus,0.1816957144,0.1730805805,0.1913133877,"95% percentile bootstrap over 22 chromosome blocks (B=1000, seed 17); coarse by design (frozen protocol sec.0)",0.001998001998,,False,delta = regulatory_histone_dnase_v1 - comparator (higher-is-better metric),outputs/biological_validation_v2/bioval-v2-protocol-freeze-v1/exploratory_posthoc_loyfer/contrasts/similarity__regulatory_histone_dnase_v1__vs__deepcpg_dna_locus.csv,2b0ed213fe6055b3cda9eed9bc7e98c68d77585e382bfd761d7d73eb778ea377,exploratory,EXPLORATORY POST-HOC; raw p; no Holm
352,v2_exploratory_posthoc,v2_exploratory_posthoc/exploratory_similarity,spearman__neg_euclidean__chrom_intra,regulatory_histone_dnase_v1,regulatory_histone_dnase_v1,functional_annotations_pca,functional_annotations_pca,-0.007721813841,-0.008707143134,-0.006771957871,"95% percentile bootstrap over 22 chromosome blocks (B=1000, seed 17); coarse by design (frozen protocol sec.0)",0.001998001998,,False,delta = regulatory_histone_dnase_v1 - comparator (higher-is-better metric),outputs/biological_validation_v2/bioval-v2-protocol-freeze-v1/exploratory_posthoc_loyfer/contrasts/similarity__regulatory_histone_dnase_v1__vs__functional_annotations_pca.csv,56167635967edd3d6ede518e5eddc1fcd532652735cd585e6ce0a36e9dc38da6,exploratory,EXPLORATORY POST-HOC; raw p; no Holm
353,v2_exploratory_posthoc,v2_exploratory_posthoc/exploratory_similarity,spearman__neg_euclidean__dist_1-10kb,regulatory_histone_dnase_v1,regulatory_histone_dnase_v1,cpgpt_large_locus,cpgpt_large_locus,0.2610692971,0.2423875706,0.2783087043,"95% percentile bootstrap over 22 chromosome blocks (B=1000, seed 17); coarse by design (frozen protocol sec.0)",0.001998001998,,False,delta = regulatory_histone_dnase_v1 - comparator (higher-is-better metric),outputs/biological_validation_v2/bioval-v2-protocol-freeze-v1/exploratory_posthoc_loyfer/contrasts/similarity__regulatory_histone_dnase_v1__vs__cpgpt_large_locus.csv,af955b4eb032e20f9947bdc36c7ec5b8572ee85ea2bc2e659eee43f91de388c1,exploratory,EXPLORATORY POST-HOC; raw p; no Holm
354,v2_exploratory_posthoc,v2_exploratory_posthoc/exploratory_similarity,spearman__neg_euclidean__dist_1-10kb,regulatory_histone_dnase_v1,regulatory_histone_dnase_v1,deepcpg_dna_locus,deepcpg_dna_locus,0.1580703096,0.1458192122,0.1687065013,"95% percentile bootstrap over 22 chromosome blocks (B=1000, seed 17); coarse by design (frozen protocol sec.0)",0.001998001998,,False,delta = regulatory_histone_dnase_v1 - comparator (higher-is-better metric),outputs/biological_validation_v2/bioval-v2-protocol-freeze-v1/exploratory_posthoc_loyfer/contrasts/similarity__regulatory_histone_dnase_v1__vs__deepcpg_dna_locus.csv,2b0ed213fe6055b3cda9eed9bc7e98c68d77585e382bfd761d7d73eb778ea377,exploratory,EXPLORATORY POST-HOC; raw p; no Holm
355,v2_exploratory_posthoc,v2_exploratory_posthoc/exploratory_similarity,spearman__neg_euclidean__dist_1-10kb,regulatory_histone_dnase_v1,regulatory_histone_dnase_v1,functional_annotations_pca,functional_annotations_pca,-0.006754252306,-0.008225947193,-0.005153815525,"95% percentile bootstrap over 22 chromosome blocks (B=1000, seed 17); coarse by design (frozen protocol sec.0)",0.001998001998,,False,delta = regulatory_histone_dnase_v1 - comparator (higher-is-better metric),outputs/biological_validation_v2/bioval-v2-protocol-freeze-v1/exploratory_posthoc_loyfer/contrasts/similarity__regulatory_histone_dnase_v1__vs__functional_annotations_pca.csv,56167635967edd3d6ede518e5eddc1fcd532652735cd585e6ce0a36e9dc38da6,exploratory,EXPLORATORY POST-HOC; raw p; no Holm
356,v2_exploratory_posthoc,v2_exploratory_posthoc/exploratory_similarity,spearman__neg_euclidean__dist_10-100kb,regulatory_histone_dnase_v1,regulatory_histone_dnase_v1,cpgpt_large_locus,cpgpt_large_locus,0.2020324829,0.1894399444,0.2139305553,"95% percentile bootstrap over 22 chromosome blocks (B=1000, seed 17); coarse by design (frozen protocol sec.0)",0.001998001998,,False,delta = regulatory_histone_dnase_v1 - comparator (higher-is-better metric),outputs/biological_validation_v2/bioval-v2-protocol-freeze-v1/exploratory_posthoc_loyfer/contrasts/similarity__regulatory_histone_dnase_v1__vs__cpgpt_large_locus.csv,af955b4eb032e20f9947bdc36c7ec5b8572ee85ea2bc2e659eee43f91de388c1,exploratory,EXPLORATORY POST-HOC; raw p; no Holm
357,v2_exploratory_posthoc,v2_exploratory_posthoc/exploratory_similarity,spearman__neg_euclidean__dist_10-100kb,regulatory_histone_dnase_v1,regulatory_histone_dnase_v1,deepcpg_dna_locus,deepcpg_dna_locus,0.13299875,0.1205049461,0.1464368955,"95% percentile bootstrap over 22 chromosome blocks (B=1000, seed 17); coarse by design (frozen protocol sec.0)",0.001998001998,,False,delta = regulatory_histone_dnase_v1 - comparator (higher-is-better metric),outputs/biological_validation_v2/bioval-v2-protocol-freeze-v1/exploratory_posthoc_loyfer/contrasts/similarity__regulatory_histone_dnase_v1__vs__deepcpg_dna_locus.csv,2b0ed213fe6055b3cda9eed9bc7e98c68d77585e382bfd761d7d73eb778ea377,exploratory,EXPLORATORY POST-HOC; raw p; no Holm
358,v2_exploratory_posthoc,v2_exploratory_posthoc/exploratory_similarity,spearman__neg_euclidean__dist_10-100kb,regulatory_histone_dnase_v1,regulatory_histone_dnase_v1,functional_annotations_pca,functional_annotations_pca,-0.00676457868,-0.008642796488,-0.005091917173,"95% percentile bootstrap over 22 chromosome blocks (B=1000, seed 17); coarse by design (frozen protocol sec.0)",0.001998001998,,False,delta = regulatory_histone_dnase_v1 - comparator (higher-is-better metric),outputs/biological_validation_v2/bioval-v2-protocol-freeze-v1/exploratory_posthoc_loyfer/contrasts/similarity__regulatory_histone_dnase_v1__vs__functional_annotations_pca.csv,56167635967edd3d6ede518e5eddc1fcd532652735cd585e6ce0a36e9dc38da6,exploratory,EXPLORATORY POST-HOC; raw p; no Holm
359,v2_exploratory_posthoc,v2_exploratory_posthoc/exploratory_similarity,spearman__neg_euclidean__dist_100kb-1Mb,regulatory_histone_dnase_v1,regulatory_histone_dnase_v1,cpgpt_large_locus,cpgpt_large_locus,0.1498085396,0.1332777836,0.1642208042,"95% percentile bootstrap over 22 chromosome blocks (B=1000, seed 17); coarse by design (frozen protocol sec.0)",0.001998001998,,False,delta = regulatory_histone_dnase_v1 - comparator (higher-is-better metric),outputs/biological_validation_v2/bioval-v2-protocol-freeze-v1/exploratory_posthoc_loyfer/contrasts/similarity__regulatory_histone_dnase_v1__vs__cpgpt_large_locus.csv,af955b4eb032e20f9947bdc36c7ec5b8572ee85ea2bc2e659eee43f91de388c1,exploratory,EXPLORATORY POST-HOC; raw p; no Holm
360,v2_exploratory_posthoc,v2_exploratory_posthoc/exploratory_similarity,spearman__neg_euclidean__dist_100kb-1Mb,regulatory_histone_dnase_v1,regulatory_histone_dnase_v1,deepcpg_dna_locus,deepcpg_dna_locus,0.1062607488,0.09407115277,0.1170473988,"95% percentile bootstrap over 22 chromosome blocks (B=1000, seed 17); coarse by design (frozen protocol sec.0)",0.001998001998,,False,delta = regulatory_histone_dnase_v1 - comparator (higher-is-better metric),outputs/biological_validation_v2/bioval-v2-protocol-freeze-v1/exploratory_posthoc_loyfer/contrasts/similarity__regulatory_histone_dnase_v1__vs__deepcpg_dna_locus.csv,2b0ed213fe6055b3cda9eed9bc7e98c68d77585e382bfd761d7d73eb778ea377,exploratory,EXPLORATORY POST-HOC; raw p; no Holm
361,v2_exploratory_posthoc,v2_exploratory_posthoc/exploratory_similarity,spearman__neg_euclidean__dist_100kb-1Mb,regulatory_histone_dnase_v1,regulatory_histone_dnase_v1,functional_annotations_pca,functional_annotations_pca,-0.007027516432,-0.009340963638,-0.005017661647,"95% percentile bootstrap over 22 chromosome blocks (B=1000, seed 17); coarse by design (frozen protocol sec.0)",0.001998001998,,False,delta = regulatory_histone_dnase_v1 - comparator (higher-is-better metric),outputs/biological_validation_v2/bioval-v2-protocol-freeze-v1/exploratory_posthoc_loyfer/contrasts/similarity__regulatory_histone_dnase_v1__vs__functional_annotations_pca.csv,56167635967edd3d6ede518e5eddc1fcd532652735cd585e6ce0a36e9dc38da6,exploratory,EXPLORATORY POST-HOC; raw p; no Holm
362,v2_exploratory_posthoc,v2_exploratory_posthoc/exploratory_similarity,spearman__neg_euclidean__dist_<1kb,regulatory_histone_dnase_v1,regulatory_histone_dnase_v1,cpgpt_large_locus,cpgpt_large_locus,0.4438782654,0.4224970814,0.4630911447,"95% percentile bootstrap over 22 chromosome blocks (B=1000, seed 17); coarse by design (frozen protocol sec.0)",0.001998001998,,False,delta = regulatory_histone_dnase_v1 - comparator (higher-is-better metric),outputs/biological_validation_v2/bioval-v2-protocol-freeze-v1/exploratory_posthoc_loyfer/contrasts/similarity__regulatory_histone_dnase_v1__vs__cpgpt_large_locus.csv,af955b4eb032e20f9947bdc36c7ec5b8572ee85ea2bc2e659eee43f91de388c1,exploratory,EXPLORATORY POST-HOC; raw p; no Holm
363,v2_exploratory_posthoc,v2_exploratory_posthoc/exploratory_similarity,spearman__neg_euclidean__dist_<1kb,regulatory_histone_dnase_v1,regulatory_histone_dnase_v1,deepcpg_dna_locus,deepcpg_dna_locus,0.2103078031,0.1966632108,0.2245219448,"95% percentile bootstrap over 22 chromosome blocks (B=1000, seed 17); coarse by design (frozen protocol sec.0)",0.001998001998,,False,delta = regulatory_histone_dnase_v1 - comparator (higher-is-better metric),outputs/biological_validation_v2/bioval-v2-protocol-freeze-v1/exploratory_posthoc_loyfer/contrasts/similarity__regulatory_histone_dnase_v1__vs__deepcpg_dna_locus.csv,2b0ed213fe6055b3cda9eed9bc7e98c68d77585e382bfd761d7d73eb778ea377,exploratory,EXPLORATORY POST-HOC; raw p; no Holm
364,v2_exploratory_posthoc,v2_exploratory_posthoc/exploratory_similarity,spearman__neg_euclidean__dist_<1kb,regulatory_histone_dnase_v1,regulatory_histone_dnase_v1,functional_annotations_pca,functional_annotations_pca,-0.02990479593,-0.03272834529,-0.02692139681,"95% percentile bootstrap over 22 chromosome blocks (B=1000, seed 17); coarse by design (frozen protocol sec.0)",0.001998001998,,False,delta = regulatory_histone_dnase_v1 - comparator (higher-is-better metric),outputs/biological_validation_v2/bioval-v2-protocol-freeze-v1/exploratory_posthoc_loyfer/contrasts/similarity__regulatory_histone_dnase_v1__vs__functional_annotations_pca.csv,56167635967edd3d6ede518e5eddc1fcd532652735cd585e6ce0a36e9dc38da6,exploratory,EXPLORATORY POST-HOC; raw p; no Holm
365,v2_exploratory_posthoc,v2_exploratory_posthoc/exploratory_similarity,spearman__neg_euclidean__dist_>1Mb,regulatory_histone_dnase_v1,regulatory_histone_dnase_v1,cpgpt_large_locus,cpgpt_large_locus,0.1199729627,0.1034460936,0.1358034726,"95% percentile bootstrap over 22 chromosome blocks (B=1000, seed 17); coarse by design (frozen protocol sec.0)",0.001998001998,,False,delta = regulatory_histone_dnase_v1 - comparator (higher-is-better metric),outputs/biological_validation_v2/bioval-v2-protocol-freeze-v1/exploratory_posthoc_loyfer/contrasts/similarity__regulatory_histone_dnase_v1__vs__cpgpt_large_locus.csv,af955b4eb032e20f9947bdc36c7ec5b8572ee85ea2bc2e659eee43f91de388c1,exploratory,EXPLORATORY POST-HOC; raw p; no Holm
366,v2_exploratory_posthoc,v2_exploratory_posthoc/exploratory_similarity,spearman__neg_euclidean__dist_>1Mb,regulatory_histone_dnase_v1,regulatory_histone_dnase_v1,deepcpg_dna_locus,deepcpg_dna_locus,0.08109237416,0.06910602589,0.09328389568,"95% percentile bootstrap over 22 chromosome blocks (B=1000, seed 17); coarse by design (frozen protocol sec.0)",0.001998001998,,False,delta = regulatory_histone_dnase_v1 - comparator (higher-is-better metric),outputs/biological_validation_v2/bioval-v2-protocol-freeze-v1/exploratory_posthoc_loyfer/contrasts/similarity__regulatory_histone_dnase_v1__vs__deepcpg_dna_locus.csv,2b0ed213fe6055b3cda9eed9bc7e98c68d77585e382bfd761d7d73eb778ea377,exploratory,EXPLORATORY POST-HOC; raw p; no Holm
367,v2_exploratory_posthoc,v2_exploratory_posthoc/exploratory_similarity,spearman__neg_euclidean__dist_>1Mb,regulatory_histone_dnase_v1,regulatory_histone_dnase_v1,functional_annotations_pca,functional_annotations_pca,-0.006524842185,-0.00875448728,-0.004583659737,"95% percentile bootstrap over 22 chromosome blocks (B=1000, seed 17); coarse by design (frozen protocol sec.0)",0.001998001998,,False,delta = regulatory_histone_dnase_v1 - comparator (higher-is-better metric),outputs/biological_validation_v2/bioval-v2-protocol-freeze-v1/exploratory_posthoc_loyfer/contrasts/similarity__regulatory_histone_dnase_v1__vs__functional_annotations_pca.csv,56167635967edd3d6ede518e5eddc1fcd532652735cd585e6ce0a36e9dc38da6,exploratory,EXPLORATORY POST-HOC; raw p; no Holm
368,v2_exploratory_posthoc,v2_exploratory_posthoc/exploratory_similarity,spearman__neg_euclidean__dist_interchromosomal,regulatory_histone_dnase_v1,regulatory_histone_dnase_v1,cpgpt_large_locus,cpgpt_large_locus,0.131355191,0.1246305276,0.1381933753,"95% percentile bootstrap over 22 chromosome blocks (B=1000, seed 17); coarse by design (frozen protocol sec.0)",0.001998001998,,False,delta = regulatory_histone_dnase_v1 - comparator (higher-is-better metric),outputs/biological_validation_v2/bioval-v2-protocol-freeze-v1/exploratory_posthoc_loyfer/contrasts/similarity__regulatory_histone_dnase_v1__vs__cpgpt_large_locus.csv,af955b4eb032e20f9947bdc36c7ec5b8572ee85ea2bc2e659eee43f91de388c1,exploratory,EXPLORATORY POST-HOC; raw p; no Holm
369,v2_exploratory_posthoc,v2_exploratory_posthoc/exploratory_similarity,spearman__neg_euclidean__dist_interchromosomal,regulatory_histone_dnase_v1,regulatory_histone_dnase_v1,deepcpg_dna_locus,deepcpg_dna_locus,0.08706813814,0.0826867803,0.09282997269,"95% percentile bootstrap over 22 chromosome blocks (B=1000, seed 17); coarse by design (frozen protocol sec.0)",0.001998001998,,False,delta = regulatory_histone_dnase_v1 - comparator (higher-is-better metric),outputs/biological_validation_v2/bioval-v2-protocol-freeze-v1/exploratory_posthoc_loyfer/contrasts/similarity__regulatory_histone_dnase_v1__vs__deepcpg_dna_locus.csv,2b0ed213fe6055b3cda9eed9bc7e98c68d77585e382bfd761d7d73eb778ea377,exploratory,EXPLORATORY POST-HOC; raw p; no Holm
370,v2_exploratory_posthoc,v2_exploratory_posthoc/exploratory_similarity,spearman__neg_euclidean__dist_interchromosomal,regulatory_histone_dnase_v1,regulatory_histone_dnase_v1,functional_annotations_pca,functional_annotations_pca,-0.007297576203,-0.008241243921,-0.006309333104,"95% percentile bootstrap over 22 chromosome blocks (B=1000, seed 17); coarse by design (frozen protocol sec.0)",0.001998001998,,False,delta = regulatory_histone_dnase_v1 - comparator (higher-is-better metric),outputs/biological_validation_v2/bioval-v2-protocol-freeze-v1/exploratory_posthoc_loyfer/contrasts/similarity__regulatory_histone_dnase_v1__vs__functional_annotations_pca.csv,56167635967edd3d6ede518e5eddc1fcd532652735cd585e6ce0a36e9dc38da6,exploratory,EXPLORATORY POST-HOC; raw p; no Holm
371,v2_exploratory_posthoc,v2_exploratory_posthoc/exploratory_similarity,spearman__pc1_removed_cosine__M_Q1,regulatory_histone_dnase_v1,regulatory_histone_dnase_v1,cpgpt_large_locus,cpgpt_large_locus,0.08300309343,0.0716916242,0.09512883267,"95% percentile bootstrap over 22 chromosome blocks (B=1000, seed 17); coarse by design (frozen protocol sec.0)",0.001998001998,,False,delta = regulatory_histone_dnase_v1 - comparator (higher-is-better metric),outputs/biological_validation_v2/bioval-v2-protocol-freeze-v1/exploratory_posthoc_loyfer/contrasts/similarity__regulatory_histone_dnase_v1__vs__cpgpt_large_locus.csv,af955b4eb032e20f9947bdc36c7ec5b8572ee85ea2bc2e659eee43f91de388c1,exploratory,EXPLORATORY POST-HOC; raw p; no Holm
372,v2_exploratory_posthoc,v2_exploratory_posthoc/exploratory_similarity,spearman__pc1_removed_cosine__M_Q1,regulatory_histone_dnase_v1,regulatory_histone_dnase_v1,deepcpg_dna_locus,deepcpg_dna_locus,0.136366308,0.1210785099,0.1537227203,"95% percentile bootstrap over 22 chromosome blocks (B=1000, seed 17); coarse by design (frozen protocol sec.0)",0.001998001998,,False,delta = regulatory_histone_dnase_v1 - comparator (higher-is-better metric),outputs/biological_validation_v2/bioval-v2-protocol-freeze-v1/exploratory_posthoc_loyfer/contrasts/similarity__regulatory_histone_dnase_v1__vs__deepcpg_dna_locus.csv,2b0ed213fe6055b3cda9eed9bc7e98c68d77585e382bfd761d7d73eb778ea377,exploratory,EXPLORATORY POST-HOC; raw p; no Holm
373,v2_exploratory_posthoc,v2_exploratory_posthoc/exploratory_similarity,spearman__pc1_removed_cosine__M_Q1,regulatory_histone_dnase_v1,regulatory_histone_dnase_v1,functional_annotations_pca,functional_annotations_pca,-0.004236123052,-0.005963851966,-0.002534434864,"95% percentile bootstrap over 22 chromosome blocks (B=1000, seed 17); coarse by design (frozen protocol sec.0)",0.001998001998,,False,delta = regulatory_histone_dnase_v1 - comparator (higher-is-better metric),outputs/biological_validation_v2/bioval-v2-protocol-freeze-v1/exploratory_posthoc_loyfer/contrasts/similarity__regulatory_histone_dnase_v1__vs__functional_annotations_pca.csv,56167635967edd3d6ede518e5eddc1fcd532652735cd585e6ce0a36e9dc38da6,exploratory,EXPLORATORY POST-HOC; raw p; no Holm
374,v2_exploratory_posthoc,v2_exploratory_posthoc/exploratory_similarity,spearman__pc1_removed_cosine__M_Q2,regulatory_histone_dnase_v1,regulatory_histone_dnase_v1,cpgpt_large_locus,cpgpt_large_locus,-0.007390661295,-0.01757956674,0.004687161196,"95% percentile bootstrap over 22 chromosome blocks (B=1000, seed 17); coarse by design (frozen protocol sec.0)",0.2097902098,,False,delta = regulatory_histone_dnase_v1 - comparator (higher-is-better metric),outputs/biological_validation_v2/bioval-v2-protocol-freeze-v1/exploratory_posthoc_loyfer/contrasts/similarity__regulatory_histone_dnase_v1__vs__cpgpt_large_locus.csv,af955b4eb032e20f9947bdc36c7ec5b8572ee85ea2bc2e659eee43f91de388c1,exploratory,EXPLORATORY POST-HOC; raw p; no Holm
375,v2_exploratory_posthoc,v2_exploratory_posthoc/exploratory_similarity,spearman__pc1_removed_cosine__M_Q2,regulatory_histone_dnase_v1,regulatory_histone_dnase_v1,deepcpg_dna_locus,deepcpg_dna_locus,0.02231654388,0.009956699554,0.03736465617,"95% percentile bootstrap over 22 chromosome blocks (B=1000, seed 17); coarse by design (frozen protocol sec.0)",0.001998001998,,False,delta = regulatory_histone_dnase_v1 - comparator (higher-is-better metric),outputs/biological_validation_v2/bioval-v2-protocol-freeze-v1/exploratory_posthoc_loyfer/contrasts/similarity__regulatory_histone_dnase_v1__vs__deepcpg_dna_locus.csv,2b0ed213fe6055b3cda9eed9bc7e98c68d77585e382bfd761d7d73eb778ea377,exploratory,EXPLORATORY POST-HOC; raw p; no Holm
376,v2_exploratory_posthoc,v2_exploratory_posthoc/exploratory_similarity,spearman__pc1_removed_cosine__M_Q2,regulatory_histone_dnase_v1,regulatory_histone_dnase_v1,functional_annotations_pca,functional_annotations_pca,0.001001689578,-0.001331015634,0.003051940231,"95% percentile bootstrap over 22 chromosome blocks (B=1000, seed 17); coarse by design (frozen protocol sec.0)",0.4095904096,,False,delta = regulatory_histone_dnase_v1 - comparator (higher-is-better metric),outputs/biological_validation_v2/bioval-v2-protocol-freeze-v1/exploratory_posthoc_loyfer/contrasts/similarity__regulatory_histone_dnase_v1__vs__functional_annotations_pca.csv,56167635967edd3d6ede518e5eddc1fcd532652735cd585e6ce0a36e9dc38da6,exploratory,EXPLORATORY POST-HOC; raw p; no Holm
377,v2_exploratory_posthoc,v2_exploratory_posthoc/exploratory_similarity,spearman__pc1_removed_cosine__M_Q3,regulatory_histone_dnase_v1,regulatory_histone_dnase_v1,cpgpt_large_locus,cpgpt_large_locus,0.01087491086,0.0008188156301,0.02232689133,"95% percentile bootstrap over 22 chromosome blocks (B=1000, seed 17); coarse by design (frozen protocol sec.0)",0.03396603397,,False,delta = regulatory_histone_dnase_v1 - comparator (higher-is-better metric),outputs/biological_validation_v2/bioval-v2-protocol-freeze-v1/exploratory_posthoc_loyfer/contrasts/similarity__regulatory_histone_dnase_v1__vs__cpgpt_large_locus.csv,af955b4eb032e20f9947bdc36c7ec5b8572ee85ea2bc2e659eee43f91de388c1,exploratory,EXPLORATORY POST-HOC; raw p; no Holm
378,v2_exploratory_posthoc,v2_exploratory_posthoc/exploratory_similarity,spearman__pc1_removed_cosine__M_Q3,regulatory_histone_dnase_v1,regulatory_histone_dnase_v1,deepcpg_dna_locus,deepcpg_dna_locus,0.05684685637,0.0446382361,0.07016628173,"95% percentile bootstrap over 22 chromosome blocks (B=1000, seed 17); coarse by design (frozen protocol sec.0)",0.001998001998,,False,delta = regulatory_histone_dnase_v1 - comparator (higher-is-better metric),outputs/biological_validation_v2/bioval-v2-protocol-freeze-v1/exploratory_posthoc_loyfer/contrasts/similarity__regulatory_histone_dnase_v1__vs__deepcpg_dna_locus.csv,2b0ed213fe6055b3cda9eed9bc7e98c68d77585e382bfd761d7d73eb778ea377,exploratory,EXPLORATORY POST-HOC; raw p; no Holm
379,v2_exploratory_posthoc,v2_exploratory_posthoc/exploratory_similarity,spearman__pc1_removed_cosine__M_Q3,regulatory_histone_dnase_v1,regulatory_histone_dnase_v1,functional_annotations_pca,functional_annotations_pca,-0.004779569543,-0.006394598889,-0.003101702134,"95% percentile bootstrap over 22 chromosome blocks (B=1000, seed 17); coarse by design (frozen protocol sec.0)",0.001998001998,,False,delta = regulatory_histone_dnase_v1 - comparator (higher-is-better metric),outputs/biological_validation_v2/bioval-v2-protocol-freeze-v1/exploratory_posthoc_loyfer/contrasts/similarity__regulatory_histone_dnase_v1__vs__functional_annotations_pca.csv,56167635967edd3d6ede518e5eddc1fcd532652735cd585e6ce0a36e9dc38da6,exploratory,EXPLORATORY POST-HOC; raw p; no Holm
380,v2_exploratory_posthoc,v2_exploratory_posthoc/exploratory_similarity,spearman__pc1_removed_cosine__M_Q4,regulatory_histone_dnase_v1,regulatory_histone_dnase_v1,cpgpt_large_locus,cpgpt_large_locus,0.1348016871,0.1274070298,0.1420123785,"95% percentile bootstrap over 22 chromosome blocks (B=1000, seed 17); coarse by design (frozen protocol sec.0)",0.001998001998,,False,delta = regulatory_histone_dnase_v1 - comparator (higher-is-better metric),outputs/biological_validation_v2/bioval-v2-protocol-freeze-v1/exploratory_posthoc_loyfer/contrasts/similarity__regulatory_histone_dnase_v1__vs__cpgpt_large_locus.csv,af955b4eb032e20f9947bdc36c7ec5b8572ee85ea2bc2e659eee43f91de388c1,exploratory,EXPLORATORY POST-HOC; raw p; no Holm
381,v2_exploratory_posthoc,v2_exploratory_posthoc/exploratory_similarity,spearman__pc1_removed_cosine__M_Q4,regulatory_histone_dnase_v1,regulatory_histone_dnase_v1,deepcpg_dna_locus,deepcpg_dna_locus,0.2593514003,0.2406734515,0.2768976931,"95% percentile bootstrap over 22 chromosome blocks (B=1000, seed 17); coarse by design (frozen protocol sec.0)",0.001998001998,,False,delta = regulatory_histone_dnase_v1 - comparator (higher-is-better metric),outputs/biological_validation_v2/bioval-v2-protocol-freeze-v1/exploratory_posthoc_loyfer/contrasts/similarity__regulatory_histone_dnase_v1__vs__deepcpg_dna_locus.csv,2b0ed213fe6055b3cda9eed9bc7e98c68d77585e382bfd761d7d73eb778ea377,exploratory,EXPLORATORY POST-HOC; raw p; no Holm
382,v2_exploratory_posthoc,v2_exploratory_posthoc/exploratory_similarity,spearman__pc1_removed_cosine__M_Q4,regulatory_histone_dnase_v1,regulatory_histone_dnase_v1,functional_annotations_pca,functional_annotations_pca,-0.004103807285,-0.004953622436,-0.003330335051,"95% percentile bootstrap over 22 chromosome blocks (B=1000, seed 17); coarse by design (frozen protocol sec.0)",0.001998001998,,False,delta = regulatory_histone_dnase_v1 - comparator (higher-is-better metric),outputs/biological_validation_v2/bioval-v2-protocol-freeze-v1/exploratory_posthoc_loyfer/contrasts/similarity__regulatory_histone_dnase_v1__vs__functional_annotations_pca.csv,56167635967edd3d6ede518e5eddc1fcd532652735cd585e6ce0a36e9dc38da6,exploratory,EXPLORATORY POST-HOC; raw p; no Holm
383,v2_exploratory_posthoc,v2_exploratory_posthoc/exploratory_similarity,spearman__pc1_removed_cosine__V_Q1,regulatory_histone_dnase_v1,regulatory_histone_dnase_v1,cpgpt_large_locus,cpgpt_large_locus,0.01506728824,0.008562532074,0.02037731232,"95% percentile bootstrap over 22 chromosome blocks (B=1000, seed 17); coarse by design (frozen protocol sec.0)",0.001998001998,,False,delta = regulatory_histone_dnase_v1 - comparator (higher-is-better metric),outputs/biological_validation_v2/bioval-v2-protocol-freeze-v1/exploratory_posthoc_loyfer/contrasts/similarity__regulatory_histone_dnase_v1__vs__cpgpt_large_locus.csv,af955b4eb032e20f9947bdc36c7ec5b8572ee85ea2bc2e659eee43f91de388c1,exploratory,EXPLORATORY POST-HOC; raw p; no Holm
384,v2_exploratory_posthoc,v2_exploratory_posthoc/exploratory_similarity,spearman__pc1_removed_cosine__V_Q1,regulatory_histone_dnase_v1,regulatory_histone_dnase_v1,deepcpg_dna_locus,deepcpg_dna_locus,0.01573196592,0.006513884096,0.02368950326,"95% percentile bootstrap over 22 chromosome blocks (B=1000, seed 17); coarse by design (frozen protocol sec.0)",0.003996003996,,False,delta = regulatory_histone_dnase_v1 - comparator (higher-is-better metric),outputs/biological_validation_v2/bioval-v2-protocol-freeze-v1/exploratory_posthoc_loyfer/contrasts/similarity__regulatory_histone_dnase_v1__vs__deepcpg_dna_locus.csv,2b0ed213fe6055b3cda9eed9bc7e98c68d77585e382bfd761d7d73eb778ea377,exploratory,EXPLORATORY POST-HOC; raw p; no Holm
385,v2_exploratory_posthoc,v2_exploratory_posthoc/exploratory_similarity,spearman__pc1_removed_cosine__V_Q1,regulatory_histone_dnase_v1,regulatory_histone_dnase_v1,functional_annotations_pca,functional_annotations_pca,-0.001561275271,-0.003747629158,0.0006206148878,"95% percentile bootstrap over 22 chromosome blocks (B=1000, seed 17); coarse by design (frozen protocol sec.0)",0.1378621379,,False,delta = regulatory_histone_dnase_v1 - comparator (higher-is-better metric),outputs/biological_validation_v2/bioval-v2-protocol-freeze-v1/exploratory_posthoc_loyfer/contrasts/similarity__regulatory_histone_dnase_v1__vs__functional_annotations_pca.csv,56167635967edd3d6ede518e5eddc1fcd532652735cd585e6ce0a36e9dc38da6,exploratory,EXPLORATORY POST-HOC; raw p; no Holm
386,v2_exploratory_posthoc,v2_exploratory_posthoc/exploratory_similarity,spearman__pc1_removed_cosine__V_Q2,regulatory_histone_dnase_v1,regulatory_histone_dnase_v1,cpgpt_large_locus,cpgpt_large_locus,0.02619216435,0.01431570512,0.0387879556,"95% percentile bootstrap over 22 chromosome blocks (B=1000, seed 17); coarse by design (frozen protocol sec.0)",0.001998001998,,False,delta = regulatory_histone_dnase_v1 - comparator (higher-is-better metric),outputs/biological_validation_v2/bioval-v2-protocol-freeze-v1/exploratory_posthoc_loyfer/contrasts/similarity__regulatory_histone_dnase_v1__vs__cpgpt_large_locus.csv,af955b4eb032e20f9947bdc36c7ec5b8572ee85ea2bc2e659eee43f91de388c1,exploratory,EXPLORATORY POST-HOC; raw p; no Holm
387,v2_exploratory_posthoc,v2_exploratory_posthoc/exploratory_similarity,spearman__pc1_removed_cosine__V_Q2,regulatory_histone_dnase_v1,regulatory_histone_dnase_v1,deepcpg_dna_locus,deepcpg_dna_locus,0.04698170548,0.03140052128,0.06445395728,"95% percentile bootstrap over 22 chromosome blocks (B=1000, seed 17); coarse by design (frozen protocol sec.0)",0.001998001998,,False,delta = regulatory_histone_dnase_v1 - comparator (higher-is-better metric),outputs/biological_validation_v2/bioval-v2-protocol-freeze-v1/exploratory_posthoc_loyfer/contrasts/similarity__regulatory_histone_dnase_v1__vs__deepcpg_dna_locus.csv,2b0ed213fe6055b3cda9eed9bc7e98c68d77585e382bfd761d7d73eb778ea377,exploratory,EXPLORATORY POST-HOC; raw p; no Holm
388,v2_exploratory_posthoc,v2_exploratory_posthoc/exploratory_similarity,spearman__pc1_removed_cosine__V_Q2,regulatory_histone_dnase_v1,regulatory_histone_dnase_v1,functional_annotations_pca,functional_annotations_pca,-0.005224719515,-0.006797241816,-0.003733579323,"95% percentile bootstrap over 22 chromosome blocks (B=1000, seed 17); coarse by design (frozen protocol sec.0)",0.001998001998,,False,delta = regulatory_histone_dnase_v1 - comparator (higher-is-better metric),outputs/biological_validation_v2/bioval-v2-protocol-freeze-v1/exploratory_posthoc_loyfer/contrasts/similarity__regulatory_histone_dnase_v1__vs__functional_annotations_pca.csv,56167635967edd3d6ede518e5eddc1fcd532652735cd585e6ce0a36e9dc38da6,exploratory,EXPLORATORY POST-HOC; raw p; no Holm
389,v2_exploratory_posthoc,v2_exploratory_posthoc/exploratory_similarity,spearman__pc1_removed_cosine__V_Q3,regulatory_histone_dnase_v1,regulatory_histone_dnase_v1,cpgpt_large_locus,cpgpt_large_locus,0.1123483765,0.1017836179,0.1232680465,"95% percentile bootstrap over 22 chromosome blocks (B=1000, seed 17); coarse by design (frozen protocol sec.0)",0.001998001998,,False,delta = regulatory_histone_dnase_v1 - comparator (higher-is-better metric),outputs/biological_validation_v2/bioval-v2-protocol-freeze-v1/exploratory_posthoc_loyfer/contrasts/similarity__regulatory_histone_dnase_v1__vs__cpgpt_large_locus.csv,af955b4eb032e20f9947bdc36c7ec5b8572ee85ea2bc2e659eee43f91de388c1,exploratory,EXPLORATORY POST-HOC; raw p; no Holm
390,v2_exploratory_posthoc,v2_exploratory_posthoc/exploratory_similarity,spearman__pc1_removed_cosine__V_Q3,regulatory_histone_dnase_v1,regulatory_histone_dnase_v1,deepcpg_dna_locus,deepcpg_dna_locus,0.1998059712,0.1792504645,0.2194166407,"95% percentile bootstrap over 22 chromosome blocks (B=1000, seed 17); coarse by design (frozen protocol sec.0)",0.001998001998,,False,delta = regulatory_histone_dnase_v1 - comparator (higher-is-better metric),outputs/biological_validation_v2/bioval-v2-protocol-freeze-v1/exploratory_posthoc_loyfer/contrasts/similarity__regulatory_histone_dnase_v1__vs__deepcpg_dna_locus.csv,2b0ed213fe6055b3cda9eed9bc7e98c68d77585e382bfd761d7d73eb778ea377,exploratory,EXPLORATORY POST-HOC; raw p; no Holm
391,v2_exploratory_posthoc,v2_exploratory_posthoc/exploratory_similarity,spearman__pc1_removed_cosine__V_Q3,regulatory_histone_dnase_v1,regulatory_histone_dnase_v1,functional_annotations_pca,functional_annotations_pca,-0.008703776845,-0.009674172263,-0.007600646095,"95% percentile bootstrap over 22 chromosome blocks (B=1000, seed 17); coarse by design (frozen protocol sec.0)",0.001998001998,,False,delta = regulatory_histone_dnase_v1 - comparator (higher-is-better metric),outputs/biological_validation_v2/bioval-v2-protocol-freeze-v1/exploratory_posthoc_loyfer/contrasts/similarity__regulatory_histone_dnase_v1__vs__functional_annotations_pca.csv,56167635967edd3d6ede518e5eddc1fcd532652735cd585e6ce0a36e9dc38da6,exploratory,EXPLORATORY POST-HOC; raw p; no Holm
392,v2_exploratory_posthoc,v2_exploratory_posthoc/exploratory_similarity,spearman__pc1_removed_cosine__V_Q4,regulatory_histone_dnase_v1,regulatory_histone_dnase_v1,cpgpt_large_locus,cpgpt_large_locus,0.1128881342,0.09908998925,0.1275109672,"95% percentile bootstrap over 22 chromosome blocks (B=1000, seed 17); coarse by design (frozen protocol sec.0)",0.001998001998,,False,delta = regulatory_histone_dnase_v1 - comparator (higher-is-better metric),outputs/biological_validation_v2/bioval-v2-protocol-freeze-v1/exploratory_posthoc_loyfer/contrasts/similarity__regulatory_histone_dnase_v1__vs__cpgpt_large_locus.csv,af955b4eb032e20f9947bdc36c7ec5b8572ee85ea2bc2e659eee43f91de388c1,exploratory,EXPLORATORY POST-HOC; raw p; no Holm
393,v2_exploratory_posthoc,v2_exploratory_posthoc/exploratory_similarity,spearman__pc1_removed_cosine__V_Q4,regulatory_histone_dnase_v1,regulatory_histone_dnase_v1,deepcpg_dna_locus,deepcpg_dna_locus,0.2776385559,0.2562293952,0.3031404568,"95% percentile bootstrap over 22 chromosome blocks (B=1000, seed 17); coarse by design (frozen protocol sec.0)",0.001998001998,,False,delta = regulatory_histone_dnase_v1 - comparator (higher-is-better metric),outputs/biological_validation_v2/bioval-v2-protocol-freeze-v1/exploratory_posthoc_loyfer/contrasts/similarity__regulatory_histone_dnase_v1__vs__deepcpg_dna_locus.csv,2b0ed213fe6055b3cda9eed9bc7e98c68d77585e382bfd761d7d73eb778ea377,exploratory,EXPLORATORY POST-HOC; raw p; no Holm
394,v2_exploratory_posthoc,v2_exploratory_posthoc/exploratory_similarity,spearman__pc1_removed_cosine__V_Q4,regulatory_histone_dnase_v1,regulatory_histone_dnase_v1,functional_annotations_pca,functional_annotations_pca,-0.001291079859,-0.001820378895,-0.0007993001835,"95% percentile bootstrap over 22 chromosome blocks (B=1000, seed 17); coarse by design (frozen protocol sec.0)",0.001998001998,,False,delta = regulatory_histone_dnase_v1 - comparator (higher-is-better metric),outputs/biological_validation_v2/bioval-v2-protocol-freeze-v1/exploratory_posthoc_loyfer/contrasts/similarity__regulatory_histone_dnase_v1__vs__functional_annotations_pca.csv,56167635967edd3d6ede518e5eddc1fcd532652735cd585e6ce0a36e9dc38da6,exploratory,EXPLORATORY POST-HOC; raw p; no Holm
395,v2_exploratory_posthoc,v2_exploratory_posthoc/exploratory_similarity,spearman__pc1_removed_cosine__V_top10pct,regulatory_histone_dnase_v1,regulatory_histone_dnase_v1,cpgpt_large_locus,cpgpt_large_locus,0.1279967753,0.1059313252,0.1488103139,"95% percentile bootstrap over 22 chromosome blocks (B=1000, seed 17); coarse by design (frozen protocol sec.0)",0.001998001998,,False,delta = regulatory_histone_dnase_v1 - comparator (higher-is-better metric),outputs/biological_validation_v2/bioval-v2-protocol-freeze-v1/exploratory_posthoc_loyfer/contrasts/similarity__regulatory_histone_dnase_v1__vs__cpgpt_large_locus.csv,af955b4eb032e20f9947bdc36c7ec5b8572ee85ea2bc2e659eee43f91de388c1,exploratory,EXPLORATORY POST-HOC; raw p; no Holm
396,v2_exploratory_posthoc,v2_exploratory_posthoc/exploratory_similarity,spearman__pc1_removed_cosine__V_top10pct,regulatory_histone_dnase_v1,regulatory_histone_dnase_v1,deepcpg_dna_locus,deepcpg_dna_locus,0.3446375764,0.3207519524,0.3721763001,"95% percentile bootstrap over 22 chromosome blocks (B=1000, seed 17); coarse by design (frozen protocol sec.0)",0.001998001998,,False,delta = regulatory_histone_dnase_v1 - comparator (higher-is-better metric),outputs/biological_validation_v2/bioval-v2-protocol-freeze-v1/exploratory_posthoc_loyfer/contrasts/similarity__regulatory_histone_dnase_v1__vs__deepcpg_dna_locus.csv,2b0ed213fe6055b3cda9eed9bc7e98c68d77585e382bfd761d7d73eb778ea377,exploratory,EXPLORATORY POST-HOC; raw p; no Holm
397,v2_exploratory_posthoc,v2_exploratory_posthoc/exploratory_similarity,spearman__pc1_removed_cosine__V_top10pct,regulatory_histone_dnase_v1,regulatory_histone_dnase_v1,functional_annotations_pca,functional_annotations_pca,9.73931726e-05,-0.0007547063329,0.001028093395,"95% percentile bootstrap over 22 chromosome blocks (B=1000, seed 17); coarse by design (frozen protocol sec.0)",0.8331668332,,False,delta = regulatory_histone_dnase_v1 - comparator (higher-is-better metric),outputs/biological_validation_v2/bioval-v2-protocol-freeze-v1/exploratory_posthoc_loyfer/contrasts/similarity__regulatory_histone_dnase_v1__vs__functional_annotations_pca.csv,56167635967edd3d6ede518e5eddc1fcd532652735cd585e6ce0a36e9dc38da6,exploratory,EXPLORATORY POST-HOC; raw p; no Holm
398,v2_exploratory_posthoc,v2_exploratory_posthoc/exploratory_similarity,spearman__pc1_removed_cosine__all,regulatory_histone_dnase_v1,regulatory_histone_dnase_v1,cpgpt_large_locus,cpgpt_large_locus,0.07022311937,0.0604673945,0.08110045656,"95% percentile bootstrap over 22 chromosome blocks (B=1000, seed 17); coarse by design (frozen protocol sec.0)",0.001998001998,,False,delta = regulatory_histone_dnase_v1 - comparator (higher-is-better metric),outputs/biological_validation_v2/bioval-v2-protocol-freeze-v1/exploratory_posthoc_loyfer/contrasts/similarity__regulatory_histone_dnase_v1__vs__cpgpt_large_locus.csv,af955b4eb032e20f9947bdc36c7ec5b8572ee85ea2bc2e659eee43f91de388c1,exploratory,EXPLORATORY POST-HOC; raw p; no Holm
399,v2_exploratory_posthoc,v2_exploratory_posthoc/exploratory_similarity,spearman__pc1_removed_cosine__all,regulatory_histone_dnase_v1,regulatory_histone_dnase_v1,deepcpg_dna_locus,deepcpg_dna_locus,0.109452251,0.09641522014,0.1240838147,"95% percentile bootstrap over 22 chromosome blocks (B=1000, seed 17); coarse by design (frozen protocol sec.0)",0.001998001998,,False,delta = regulatory_histone_dnase_v1 - comparator (higher-is-better metric),outputs/biological_validation_v2/bioval-v2-protocol-freeze-v1/exploratory_posthoc_loyfer/contrasts/similarity__regulatory_histone_dnase_v1__vs__deepcpg_dna_locus.csv,2b0ed213fe6055b3cda9eed9bc7e98c68d77585e382bfd761d7d73eb778ea377,exploratory,EXPLORATORY POST-HOC; raw p; no Holm
400,v2_exploratory_posthoc,v2_exploratory_posthoc/exploratory_similarity,spearman__pc1_removed_cosine__all,regulatory_histone_dnase_v1,regulatory_histone_dnase_v1,functional_annotations_pca,functional_annotations_pca,-0.006232724368,-0.007138273935,-0.0053661621,"95% percentile bootstrap over 22 chromosome blocks (B=1000, seed 17); coarse by design (frozen protocol sec.0)",0.001998001998,,False,delta = regulatory_histone_dnase_v1 - comparator (higher-is-better metric),outputs/biological_validation_v2/bioval-v2-protocol-freeze-v1/exploratory_posthoc_loyfer/contrasts/similarity__regulatory_histone_dnase_v1__vs__functional_annotations_pca.csv,56167635967edd3d6ede518e5eddc1fcd532652735cd585e6ce0a36e9dc38da6,exploratory,EXPLORATORY POST-HOC; raw p; no Holm
401,v2_exploratory_posthoc,v2_exploratory_posthoc/exploratory_similarity,spearman__pc1_removed_cosine__chrom_inter,regulatory_histone_dnase_v1,regulatory_histone_dnase_v1,cpgpt_large_locus,cpgpt_large_locus,0.01753016967,0.01129669819,0.02513298803,"95% percentile bootstrap over 22 chromosome blocks (B=1000, seed 17); coarse by design (frozen protocol sec.0)",0.001998001998,,False,delta = regulatory_histone_dnase_v1 - comparator (higher-is-better metric),outputs/biological_validation_v2/bioval-v2-protocol-freeze-v1/exploratory_posthoc_loyfer/contrasts/similarity__regulatory_histone_dnase_v1__vs__cpgpt_large_locus.csv,af955b4eb032e20f9947bdc36c7ec5b8572ee85ea2bc2e659eee43f91de388c1,exploratory,EXPLORATORY POST-HOC; raw p; no Holm
402,v2_exploratory_posthoc,v2_exploratory_posthoc/exploratory_similarity,spearman__pc1_removed_cosine__chrom_inter,regulatory_histone_dnase_v1,regulatory_histone_dnase_v1,deepcpg_dna_locus,deepcpg_dna_locus,0.009494594303,0.004683451481,0.01508255936,"95% percentile bootstrap over 22 chromosome blocks (B=1000, seed 17); coarse by design (frozen protocol sec.0)",0.001998001998,,False,delta = regulatory_histone_dnase_v1 - comparator (higher-is-better metric),outputs/biological_validation_v2/bioval-v2-protocol-freeze-v1/exploratory_posthoc_loyfer/contrasts/similarity__regulatory_histone_dnase_v1__vs__deepcpg_dna_locus.csv,2b0ed213fe6055b3cda9eed9bc7e98c68d77585e382bfd761d7d73eb778ea377,exploratory,EXPLORATORY POST-HOC; raw p; no Holm
403,v2_exploratory_posthoc,v2_exploratory_posthoc/exploratory_similarity,spearman__pc1_removed_cosine__chrom_inter,regulatory_histone_dnase_v1,regulatory_histone_dnase_v1,functional_annotations_pca,functional_annotations_pca,-0.00740651396,-0.00850125577,-0.006477023925,"95% percentile bootstrap over 22 chromosome blocks (B=1000, seed 17); coarse by design (frozen protocol sec.0)",0.001998001998,,False,delta = regulatory_histone_dnase_v1 - comparator (higher-is-better metric),outputs/biological_validation_v2/bioval-v2-protocol-freeze-v1/exploratory_posthoc_loyfer/contrasts/similarity__regulatory_histone_dnase_v1__vs__functional_annotations_pca.csv,56167635967edd3d6ede518e5eddc1fcd532652735cd585e6ce0a36e9dc38da6,exploratory,EXPLORATORY POST-HOC; raw p; no Holm
404,v2_exploratory_posthoc,v2_exploratory_posthoc/exploratory_similarity,spearman__pc1_removed_cosine__chrom_intra,regulatory_histone_dnase_v1,regulatory_histone_dnase_v1,cpgpt_large_locus,cpgpt_large_locus,0.1231987338,0.1153297304,0.1311010091,"95% percentile bootstrap over 22 chromosome blocks (B=1000, seed 17); coarse by design (frozen protocol sec.0)",0.001998001998,,False,delta = regulatory_histone_dnase_v1 - comparator (higher-is-better metric),outputs/biological_validation_v2/bioval-v2-protocol-freeze-v1/exploratory_posthoc_loyfer/contrasts/similarity__regulatory_histone_dnase_v1__vs__cpgpt_large_locus.csv,af955b4eb032e20f9947bdc36c7ec5b8572ee85ea2bc2e659eee43f91de388c1,exploratory,EXPLORATORY POST-HOC; raw p; no Holm
405,v2_exploratory_posthoc,v2_exploratory_posthoc/exploratory_similarity,spearman__pc1_removed_cosine__chrom_intra,regulatory_histone_dnase_v1,regulatory_histone_dnase_v1,deepcpg_dna_locus,deepcpg_dna_locus,0.190687812,0.1796863593,0.2031437732,"95% percentile bootstrap over 22 chromosome blocks (B=1000, seed 17); coarse by design (frozen protocol sec.0)",0.001998001998,,False,delta = regulatory_histone_dnase_v1 - comparator (higher-is-better metric),outputs/biological_validation_v2/bioval-v2-protocol-freeze-v1/exploratory_posthoc_loyfer/contrasts/similarity__regulatory_histone_dnase_v1__vs__deepcpg_dna_locus.csv,2b0ed213fe6055b3cda9eed9bc7e98c68d77585e382bfd761d7d73eb778ea377,exploratory,EXPLORATORY POST-HOC; raw p; no Holm
406,v2_exploratory_posthoc,v2_exploratory_posthoc/exploratory_similarity,spearman__pc1_removed_cosine__chrom_intra,regulatory_histone_dnase_v1,regulatory_histone_dnase_v1,functional_annotations_pca,functional_annotations_pca,-0.005588915323,-0.006789152144,-0.004330325512,"95% percentile bootstrap over 22 chromosome blocks (B=1000, seed 17); coarse by design (frozen protocol sec.0)",0.001998001998,,False,delta = regulatory_histone_dnase_v1 - comparator (higher-is-better metric),outputs/biological_validation_v2/bioval-v2-protocol-freeze-v1/exploratory_posthoc_loyfer/contrasts/similarity__regulatory_histone_dnase_v1__vs__functional_annotations_pca.csv,56167635967edd3d6ede518e5eddc1fcd532652735cd585e6ce0a36e9dc38da6,exploratory,EXPLORATORY POST-HOC; raw p; no Holm
407,v2_exploratory_posthoc,v2_exploratory_posthoc/exploratory_similarity,spearman__pc1_removed_cosine__dist_1-10kb,regulatory_histone_dnase_v1,regulatory_histone_dnase_v1,cpgpt_large_locus,cpgpt_large_locus,0.1631128541,0.149217109,0.1755532832,"95% percentile bootstrap over 22 chromosome blocks (B=1000, seed 17); coarse by design (frozen protocol sec.0)",0.001998001998,,False,delta = regulatory_histone_dnase_v1 - comparator (higher-is-better metric),outputs/biological_validation_v2/bioval-v2-protocol-freeze-v1/exploratory_posthoc_loyfer/contrasts/similarity__regulatory_histone_dnase_v1__vs__cpgpt_large_locus.csv,af955b4eb032e20f9947bdc36c7ec5b8572ee85ea2bc2e659eee43f91de388c1,exploratory,EXPLORATORY POST-HOC; raw p; no Holm
408,v2_exploratory_posthoc,v2_exploratory_posthoc/exploratory_similarity,spearman__pc1_removed_cosine__dist_1-10kb,regulatory_histone_dnase_v1,regulatory_histone_dnase_v1,deepcpg_dna_locus,deepcpg_dna_locus,0.1826208744,0.1688176866,0.1976940129,"95% percentile bootstrap over 22 chromosome blocks (B=1000, seed 17); coarse by design (frozen protocol sec.0)",0.001998001998,,False,delta = regulatory_histone_dnase_v1 - comparator (higher-is-better metric),outputs/biological_validation_v2/bioval-v2-protocol-freeze-v1/exploratory_posthoc_loyfer/contrasts/similarity__regulatory_histone_dnase_v1__vs__deepcpg_dna_locus.csv,2b0ed213fe6055b3cda9eed9bc7e98c68d77585e382bfd761d7d73eb778ea377,exploratory,EXPLORATORY POST-HOC; raw p; no Holm
409,v2_exploratory_posthoc,v2_exploratory_posthoc/exploratory_similarity,spearman__pc1_removed_cosine__dist_1-10kb,regulatory_histone_dnase_v1,regulatory_histone_dnase_v1,functional_annotations_pca,functional_annotations_pca,-0.002680588185,-0.003931584994,-0.001253654823,"95% percentile bootstrap over 22 chromosome blocks (B=1000, seed 17); coarse by design (frozen protocol sec.0)",0.001998001998,,False,delta = regulatory_histone_dnase_v1 - comparator (higher-is-better metric),outputs/biological_validation_v2/bioval-v2-protocol-freeze-v1/exploratory_posthoc_loyfer/contrasts/similarity__regulatory_histone_dnase_v1__vs__functional_annotations_pca.csv,56167635967edd3d6ede518e5eddc1fcd532652735cd585e6ce0a36e9dc38da6,exploratory,EXPLORATORY POST-HOC; raw p; no Holm
410,v2_exploratory_posthoc,v2_exploratory_posthoc/exploratory_similarity,spearman__pc1_removed_cosine__dist_10-100kb,regulatory_histone_dnase_v1,regulatory_histone_dnase_v1,cpgpt_large_locus,cpgpt_large_locus,0.08092870877,0.06546165366,0.09681741441,"95% percentile bootstrap over 22 chromosome blocks (B=1000, seed 17); coarse by design (frozen protocol sec.0)",0.001998001998,,False,delta = regulatory_histone_dnase_v1 - comparator (higher-is-better metric),outputs/biological_validation_v2/bioval-v2-protocol-freeze-v1/exploratory_posthoc_loyfer/contrasts/similarity__regulatory_histone_dnase_v1__vs__cpgpt_large_locus.csv,af955b4eb032e20f9947bdc36c7ec5b8572ee85ea2bc2e659eee43f91de388c1,exploratory,EXPLORATORY POST-HOC; raw p; no Holm
411,v2_exploratory_posthoc,v2_exploratory_posthoc/exploratory_similarity,spearman__pc1_removed_cosine__dist_10-100kb,regulatory_histone_dnase_v1,regulatory_histone_dnase_v1,deepcpg_dna_locus,deepcpg_dna_locus,0.08957253832,0.07643144557,0.1046730303,"95% percentile bootstrap over 22 chromosome blocks (B=1000, seed 17); coarse by design (frozen protocol sec.0)",0.001998001998,,False,delta = regulatory_histone_dnase_v1 - comparator (higher-is-better metric),outputs/biological_validation_v2/bioval-v2-protocol-freeze-v1/exploratory_posthoc_loyfer/contrasts/similarity__regulatory_histone_dnase_v1__vs__deepcpg_dna_locus.csv,2b0ed213fe6055b3cda9eed9bc7e98c68d77585e382bfd761d7d73eb778ea377,exploratory,EXPLORATORY POST-HOC; raw p; no Holm
412,v2_exploratory_posthoc,v2_exploratory_posthoc/exploratory_similarity,spearman__pc1_removed_cosine__dist_10-100kb,regulatory_histone_dnase_v1,regulatory_histone_dnase_v1,functional_annotations_pca,functional_annotations_pca,-0.009351448066,-0.01208930371,-0.006792266341,"95% percentile bootstrap over 22 chromosome blocks (B=1000, seed 17); coarse by design (frozen protocol sec.0)",0.001998001998,,False,delta = regulatory_histone_dnase_v1 - comparator (higher-is-better metric),outputs/biological_validation_v2/bioval-v2-protocol-freeze-v1/exploratory_posthoc_loyfer/contrasts/similarity__regulatory_histone_dnase_v1__vs__functional_annotations_pca.csv,56167635967edd3d6ede518e5eddc1fcd532652735cd585e6ce0a36e9dc38da6,exploratory,EXPLORATORY POST-HOC; raw p; no Holm
413,v2_exploratory_posthoc,v2_exploratory_posthoc/exploratory_similarity,spearman__pc1_removed_cosine__dist_100kb-1Mb,regulatory_histone_dnase_v1,regulatory_histone_dnase_v1,cpgpt_large_locus,cpgpt_large_locus,0.02989247317,0.01048193864,0.05052578956,"95% percentile bootstrap over 22 chromosome blocks (B=1000, seed 17); coarse by design (frozen protocol sec.0)",0.003996003996,,False,delta = regulatory_histone_dnase_v1 - comparator (higher-is-better metric),outputs/biological_validation_v2/bioval-v2-protocol-freeze-v1/exploratory_posthoc_loyfer/contrasts/similarity__regulatory_histone_dnase_v1__vs__cpgpt_large_locus.csv,af955b4eb032e20f9947bdc36c7ec5b8572ee85ea2bc2e659eee43f91de388c1,exploratory,EXPLORATORY POST-HOC; raw p; no Holm
414,v2_exploratory_posthoc,v2_exploratory_posthoc/exploratory_similarity,spearman__pc1_removed_cosine__dist_100kb-1Mb,regulatory_histone_dnase_v1,regulatory_histone_dnase_v1,deepcpg_dna_locus,deepcpg_dna_locus,0.04831334002,0.0306011384,0.06707106267,"95% percentile bootstrap over 22 chromosome blocks (B=1000, seed 17); coarse by design (frozen protocol sec.0)",0.001998001998,,False,delta = regulatory_histone_dnase_v1 - comparator (higher-is-better metric),outputs/biological_validation_v2/bioval-v2-protocol-freeze-v1/exploratory_posthoc_loyfer/contrasts/similarity__regulatory_histone_dnase_v1__vs__deepcpg_dna_locus.csv,2b0ed213fe6055b3cda9eed9bc7e98c68d77585e382bfd761d7d73eb778ea377,exploratory,EXPLORATORY POST-HOC; raw p; no Holm
415,v2_exploratory_posthoc,v2_exploratory_posthoc/exploratory_similarity,spearman__pc1_removed_cosine__dist_100kb-1Mb,regulatory_histone_dnase_v1,regulatory_histone_dnase_v1,functional_annotations_pca,functional_annotations_pca,-0.007428623481,-0.01031752871,-0.004486292058,"95% percentile bootstrap over 22 chromosome blocks (B=1000, seed 17); coarse by design (frozen protocol sec.0)",0.001998001998,,False,delta = regulatory_histone_dnase_v1 - comparator (higher-is-better metric),outputs/biological_validation_v2/bioval-v2-protocol-freeze-v1/exploratory_posthoc_loyfer/contrasts/similarity__regulatory_histone_dnase_v1__vs__functional_annotations_pca.csv,56167635967edd3d6ede518e5eddc1fcd532652735cd585e6ce0a36e9dc38da6,exploratory,EXPLORATORY POST-HOC; raw p; no Holm
416,v2_exploratory_posthoc,v2_exploratory_posthoc/exploratory_similarity,spearman__pc1_removed_cosine__dist_<1kb,regulatory_histone_dnase_v1,regulatory_histone_dnase_v1,cpgpt_large_locus,cpgpt_large_locus,0.3572454847,0.3362399274,0.3764613507,"95% percentile bootstrap over 22 chromosome blocks (B=1000, seed 17); coarse by design (frozen protocol sec.0)",0.001998001998,,False,delta = regulatory_histone_dnase_v1 - comparator (higher-is-better metric),outputs/biological_validation_v2/bioval-v2-protocol-freeze-v1/exploratory_posthoc_loyfer/contrasts/similarity__regulatory_histone_dnase_v1__vs__cpgpt_large_locus.csv,af955b4eb032e20f9947bdc36c7ec5b8572ee85ea2bc2e659eee43f91de388c1,exploratory,EXPLORATORY POST-HOC; raw p; no Holm
417,v2_exploratory_posthoc,v2_exploratory_posthoc/exploratory_similarity,spearman__pc1_removed_cosine__dist_<1kb,regulatory_histone_dnase_v1,regulatory_histone_dnase_v1,deepcpg_dna_locus,deepcpg_dna_locus,0.3311004915,0.3130693119,0.3466152879,"95% percentile bootstrap over 22 chromosome blocks (B=1000, seed 17); coarse by design (frozen protocol sec.0)",0.001998001998,,False,delta = regulatory_histone_dnase_v1 - comparator (higher-is-better metric),outputs/biological_validation_v2/bioval-v2-protocol-freeze-v1/exploratory_posthoc_loyfer/contrasts/similarity__regulatory_histone_dnase_v1__vs__deepcpg_dna_locus.csv,2b0ed213fe6055b3cda9eed9bc7e98c68d77585e382bfd761d7d73eb778ea377,exploratory,EXPLORATORY POST-HOC; raw p; no Holm
418,v2_exploratory_posthoc,v2_exploratory_posthoc/exploratory_similarity,spearman__pc1_removed_cosine__dist_<1kb,regulatory_histone_dnase_v1,regulatory_histone_dnase_v1,functional_annotations_pca,functional_annotations_pca,-0.008582111507,-0.01085778317,-0.00596026934,"95% percentile bootstrap over 22 chromosome blocks (B=1000, seed 17); coarse by design (frozen protocol sec.0)",0.001998001998,,False,delta = regulatory_histone_dnase_v1 - comparator (higher-is-better metric),outputs/biological_validation_v2/bioval-v2-protocol-freeze-v1/exploratory_posthoc_loyfer/contrasts/similarity__regulatory_histone_dnase_v1__vs__functional_annotations_pca.csv,56167635967edd3d6ede518e5eddc1fcd532652735cd585e6ce0a36e9dc38da6,exploratory,EXPLORATORY POST-HOC; raw p; no Holm
419,v2_exploratory_posthoc,v2_exploratory_posthoc/exploratory_similarity,spearman__pc1_removed_cosine__dist_>1Mb,regulatory_histone_dnase_v1,regulatory_histone_dnase_v1,cpgpt_large_locus,cpgpt_large_locus,0.009491570615,-0.007780397786,0.02900359711,"95% percentile bootstrap over 22 chromosome blocks (B=1000, seed 17); coarse by design (frozen protocol sec.0)",0.2857142857,,False,delta = regulatory_histone_dnase_v1 - comparator (higher-is-better metric),outputs/biological_validation_v2/bioval-v2-protocol-freeze-v1/exploratory_posthoc_loyfer/contrasts/similarity__regulatory_histone_dnase_v1__vs__cpgpt_large_locus.csv,af955b4eb032e20f9947bdc36c7ec5b8572ee85ea2bc2e659eee43f91de388c1,exploratory,EXPLORATORY POST-HOC; raw p; no Holm
420,v2_exploratory_posthoc,v2_exploratory_posthoc/exploratory_similarity,spearman__pc1_removed_cosine__dist_>1Mb,regulatory_histone_dnase_v1,regulatory_histone_dnase_v1,deepcpg_dna_locus,deepcpg_dna_locus,0.01110140752,-0.005898931636,0.03097083642,"95% percentile bootstrap over 22 chromosome blocks (B=1000, seed 17); coarse by design (frozen protocol sec.0)",0.2317682318,,False,delta = regulatory_histone_dnase_v1 - comparator (higher-is-better metric),outputs/biological_validation_v2/bioval-v2-protocol-freeze-v1/exploratory_posthoc_loyfer/contrasts/similarity__regulatory_histone_dnase_v1__vs__deepcpg_dna_locus.csv,2b0ed213fe6055b3cda9eed9bc7e98c68d77585e382bfd761d7d73eb778ea377,exploratory,EXPLORATORY POST-HOC; raw p; no Holm
421,v2_exploratory_posthoc,v2_exploratory_posthoc/exploratory_similarity,spearman__pc1_removed_cosine__dist_>1Mb,regulatory_histone_dnase_v1,regulatory_histone_dnase_v1,functional_annotations_pca,functional_annotations_pca,-0.00811764574,-0.01071171772,-0.005296116851,"95% percentile bootstrap over 22 chromosome blocks (B=1000, seed 17); coarse by design (frozen protocol sec.0)",0.001998001998,,False,delta = regulatory_histone_dnase_v1 - comparator (higher-is-better metric),outputs/biological_validation_v2/bioval-v2-protocol-freeze-v1/exploratory_posthoc_loyfer/contrasts/similarity__regulatory_histone_dnase_v1__vs__functional_annotations_pca.csv,56167635967edd3d6ede518e5eddc1fcd532652735cd585e6ce0a36e9dc38da6,exploratory,EXPLORATORY POST-HOC; raw p; no Holm
422,v2_exploratory_posthoc,v2_exploratory_posthoc/exploratory_similarity,spearman__pc1_removed_cosine__dist_interchromosomal,regulatory_histone_dnase_v1,regulatory_histone_dnase_v1,cpgpt_large_locus,cpgpt_large_locus,0.01753016967,0.01129669819,0.02513298803,"95% percentile bootstrap over 22 chromosome blocks (B=1000, seed 17); coarse by design (frozen protocol sec.0)",0.001998001998,,False,delta = regulatory_histone_dnase_v1 - comparator (higher-is-better metric),outputs/biological_validation_v2/bioval-v2-protocol-freeze-v1/exploratory_posthoc_loyfer/contrasts/similarity__regulatory_histone_dnase_v1__vs__cpgpt_large_locus.csv,af955b4eb032e20f9947bdc36c7ec5b8572ee85ea2bc2e659eee43f91de388c1,exploratory,EXPLORATORY POST-HOC; raw p; no Holm
423,v2_exploratory_posthoc,v2_exploratory_posthoc/exploratory_similarity,spearman__pc1_removed_cosine__dist_interchromosomal,regulatory_histone_dnase_v1,regulatory_histone_dnase_v1,deepcpg_dna_locus,deepcpg_dna_locus,0.009494594303,0.004683451481,0.01508255936,"95% percentile bootstrap over 22 chromosome blocks (B=1000, seed 17); coarse by design (frozen protocol sec.0)",0.001998001998,,False,delta = regulatory_histone_dnase_v1 - comparator (higher-is-better metric),outputs/biological_validation_v2/bioval-v2-protocol-freeze-v1/exploratory_posthoc_loyfer/contrasts/similarity__regulatory_histone_dnase_v1__vs__deepcpg_dna_locus.csv,2b0ed213fe6055b3cda9eed9bc7e98c68d77585e382bfd761d7d73eb778ea377,exploratory,EXPLORATORY POST-HOC; raw p; no Holm
424,v2_exploratory_posthoc,v2_exploratory_posthoc/exploratory_similarity,spearman__pc1_removed_cosine__dist_interchromosomal,regulatory_histone_dnase_v1,regulatory_histone_dnase_v1,functional_annotations_pca,functional_annotations_pca,-0.00740651396,-0.00850125577,-0.006477023925,"95% percentile bootstrap over 22 chromosome blocks (B=1000, seed 17); coarse by design (frozen protocol sec.0)",0.001998001998,,False,delta = regulatory_histone_dnase_v1 - comparator (higher-is-better metric),outputs/biological_validation_v2/bioval-v2-protocol-freeze-v1/exploratory_posthoc_loyfer/contrasts/similarity__regulatory_histone_dnase_v1__vs__functional_annotations_pca.csv,56167635967edd3d6ede518e5eddc1fcd532652735cd585e6ce0a36e9dc38da6,exploratory,EXPLORATORY POST-HOC; raw p; no Holm
425,v2_exploratory_posthoc,v2_exploratory_posthoc/exploratory_similarity,spearman_pooled_eqw__centered_cosine__M_Q1,regulatory_histone_dnase_v1,regulatory_histone_dnase_v1,cpgpt_large_locus,cpgpt_large_locus,-0.01303491655,-0.02539595447,-0.00101242142,"95% percentile bootstrap over 22 chromosome blocks (B=1000, seed 17); coarse by design (frozen protocol sec.0)",0.03996003996,,False,delta = regulatory_histone_dnase_v1 - comparator (higher-is-better metric),outputs/biological_validation_v2/bioval-v2-protocol-freeze-v1/exploratory_posthoc_loyfer/contrasts/similarity__regulatory_histone_dnase_v1__vs__cpgpt_large_locus.csv,af955b4eb032e20f9947bdc36c7ec5b8572ee85ea2bc2e659eee43f91de388c1,exploratory,EXPLORATORY POST-HOC; raw p; no Holm
426,v2_exploratory_posthoc,v2_exploratory_posthoc/exploratory_similarity,spearman_pooled_eqw__centered_cosine__M_Q1,regulatory_histone_dnase_v1,regulatory_histone_dnase_v1,deepcpg_dna_locus,deepcpg_dna_locus,0.003682997027,-0.01021028818,0.01822105826,"95% percentile bootstrap over 22 chromosome blocks (B=1000, seed 17); coarse by design (frozen protocol sec.0)",0.6253746254,,False,delta = regulatory_histone_dnase_v1 - comparator (higher-is-better metric),outputs/biological_validation_v2/bioval-v2-protocol-freeze-v1/exploratory_posthoc_loyfer/contrasts/similarity__regulatory_histone_dnase_v1__vs__deepcpg_dna_locus.csv,2b0ed213fe6055b3cda9eed9bc7e98c68d77585e382bfd761d7d73eb778ea377,exploratory,EXPLORATORY POST-HOC; raw p; no Holm
427,v2_exploratory_posthoc,v2_exploratory_posthoc/exploratory_similarity,spearman_pooled_eqw__centered_cosine__M_Q1,regulatory_histone_dnase_v1,regulatory_histone_dnase_v1,functional_annotations_pca,functional_annotations_pca,-0.004372501681,-0.006495770063,-0.002636358289,"95% percentile bootstrap over 22 chromosome blocks (B=1000, seed 17); coarse by design (frozen protocol sec.0)",0.001998001998,,False,delta = regulatory_histone_dnase_v1 - comparator (higher-is-better metric),outputs/biological_validation_v2/bioval-v2-protocol-freeze-v1/exploratory_posthoc_loyfer/contrasts/similarity__regulatory_histone_dnase_v1__vs__functional_annotations_pca.csv,56167635967edd3d6ede518e5eddc1fcd532652735cd585e6ce0a36e9dc38da6,exploratory,EXPLORATORY POST-HOC; raw p; no Holm
428,v2_exploratory_posthoc,v2_exploratory_posthoc/exploratory_similarity,spearman_pooled_eqw__centered_cosine__M_Q2,regulatory_histone_dnase_v1,regulatory_histone_dnase_v1,cpgpt_large_locus,cpgpt_large_locus,0.008464990795,-0.002964567226,0.02155614268,"95% percentile bootstrap over 22 chromosome blocks (B=1000, seed 17); coarse by design (frozen protocol sec.0)",0.1618381618,,False,delta = regulatory_histone_dnase_v1 - comparator (higher-is-better metric),outputs/biological_validation_v2/bioval-v2-protocol-freeze-v1/exploratory_posthoc_loyfer/contrasts/similarity__regulatory_histone_dnase_v1__vs__cpgpt_large_locus.csv,af955b4eb032e20f9947bdc36c7ec5b8572ee85ea2bc2e659eee43f91de388c1,exploratory,EXPLORATORY POST-HOC; raw p; no Holm
429,v2_exploratory_posthoc,v2_exploratory_posthoc/exploratory_similarity,spearman_pooled_eqw__centered_cosine__M_Q2,regulatory_histone_dnase_v1,regulatory_histone_dnase_v1,deepcpg_dna_locus,deepcpg_dna_locus,-0.003309090692,-0.02003542869,0.01202666818,"95% percentile bootstrap over 22 chromosome blocks (B=1000, seed 17); coarse by design (frozen protocol sec.0)",0.7192807193,,False,delta = regulatory_histone_dnase_v1 - comparator (higher-is-better metric),outputs/biological_validation_v2/bioval-v2-protocol-freeze-v1/exploratory_posthoc_loyfer/contrasts/similarity__regulatory_histone_dnase_v1__vs__deepcpg_dna_locus.csv,2b0ed213fe6055b3cda9eed9bc7e98c68d77585e382bfd761d7d73eb778ea377,exploratory,EXPLORATORY POST-HOC; raw p; no Holm
430,v2_exploratory_posthoc,v2_exploratory_posthoc/exploratory_similarity,spearman_pooled_eqw__centered_cosine__M_Q2,regulatory_histone_dnase_v1,regulatory_histone_dnase_v1,functional_annotations_pca,functional_annotations_pca,-0.00259227368,-0.004017710151,-0.001134910888,"95% percentile bootstrap over 22 chromosome blocks (B=1000, seed 17); coarse by design (frozen protocol sec.0)",0.001998001998,,False,delta = regulatory_histone_dnase_v1 - comparator (higher-is-better metric),outputs/biological_validation_v2/bioval-v2-protocol-freeze-v1/exploratory_posthoc_loyfer/contrasts/similarity__regulatory_histone_dnase_v1__vs__functional_annotations_pca.csv,56167635967edd3d6ede518e5eddc1fcd532652735cd585e6ce0a36e9dc38da6,exploratory,EXPLORATORY POST-HOC; raw p; no Holm
431,v2_exploratory_posthoc,v2_exploratory_posthoc/exploratory_similarity,spearman_pooled_eqw__centered_cosine__M_Q3,regulatory_histone_dnase_v1,regulatory_histone_dnase_v1,cpgpt_large_locus,cpgpt_large_locus,0.03209141507,0.02036766935,0.04302865519,"95% percentile bootstrap over 22 chromosome blocks (B=1000, seed 17); coarse by design (frozen protocol sec.0)",0.001998001998,,False,delta = regulatory_histone_dnase_v1 - comparator (higher-is-better metric),outputs/biological_validation_v2/bioval-v2-protocol-freeze-v1/exploratory_posthoc_loyfer/contrasts/similarity__regulatory_histone_dnase_v1__vs__cpgpt_large_locus.csv,af955b4eb032e20f9947bdc36c7ec5b8572ee85ea2bc2e659eee43f91de388c1,exploratory,EXPLORATORY POST-HOC; raw p; no Holm
432,v2_exploratory_posthoc,v2_exploratory_posthoc/exploratory_similarity,spearman_pooled_eqw__centered_cosine__M_Q3,regulatory_histone_dnase_v1,regulatory_histone_dnase_v1,deepcpg_dna_locus,deepcpg_dna_locus,0.06201004029,0.05397837679,0.06959158955,"95% percentile bootstrap over 22 chromosome blocks (B=1000, seed 17); coarse by design (frozen protocol sec.0)",0.001998001998,,False,delta = regulatory_histone_dnase_v1 - comparator (higher-is-better metric),outputs/biological_validation_v2/bioval-v2-protocol-freeze-v1/exploratory_posthoc_loyfer/contrasts/similarity__regulatory_histone_dnase_v1__vs__deepcpg_dna_locus.csv,2b0ed213fe6055b3cda9eed9bc7e98c68d77585e382bfd761d7d73eb778ea377,exploratory,EXPLORATORY POST-HOC; raw p; no Holm
433,v2_exploratory_posthoc,v2_exploratory_posthoc/exploratory_similarity,spearman_pooled_eqw__centered_cosine__M_Q3,regulatory_histone_dnase_v1,regulatory_histone_dnase_v1,functional_annotations_pca,functional_annotations_pca,-0.00269918999,-0.003543248762,-0.00186222385,"95% percentile bootstrap over 22 chromosome blocks (B=1000, seed 17); coarse by design (frozen protocol sec.0)",0.001998001998,,False,delta = regulatory_histone_dnase_v1 - comparator (higher-is-better metric),outputs/biological_validation_v2/bioval-v2-protocol-freeze-v1/exploratory_posthoc_loyfer/contrasts/similarity__regulatory_histone_dnase_v1__vs__functional_annotations_pca.csv,56167635967edd3d6ede518e5eddc1fcd532652735cd585e6ce0a36e9dc38da6,exploratory,EXPLORATORY POST-HOC; raw p; no Holm
434,v2_exploratory_posthoc,v2_exploratory_posthoc/exploratory_similarity,spearman_pooled_eqw__centered_cosine__M_Q4,regulatory_histone_dnase_v1,regulatory_histone_dnase_v1,cpgpt_large_locus,cpgpt_large_locus,0.1630865546,0.1445267515,0.1829950931,"95% percentile bootstrap over 22 chromosome blocks (B=1000, seed 17); coarse by design (frozen protocol sec.0)",0.001998001998,,False,delta = regulatory_histone_dnase_v1 - comparator (higher-is-better metric),outputs/biological_validation_v2/bioval-v2-protocol-freeze-v1/exploratory_posthoc_loyfer/contrasts/similarity__regulatory_histone_dnase_v1__vs__cpgpt_large_locus.csv,af955b4eb032e20f9947bdc36c7ec5b8572ee85ea2bc2e659eee43f91de388c1,exploratory,EXPLORATORY POST-HOC; raw p; no Holm
435,v2_exploratory_posthoc,v2_exploratory_posthoc/exploratory_similarity,spearman_pooled_eqw__centered_cosine__M_Q4,regulatory_histone_dnase_v1,regulatory_histone_dnase_v1,deepcpg_dna_locus,deepcpg_dna_locus,0.2121041848,0.1930433554,0.2324834087,"95% percentile bootstrap over 22 chromosome blocks (B=1000, seed 17); coarse by design (frozen protocol sec.0)",0.001998001998,,False,delta = regulatory_histone_dnase_v1 - comparator (higher-is-better metric),outputs/biological_validation_v2/bioval-v2-protocol-freeze-v1/exploratory_posthoc_loyfer/contrasts/similarity__regulatory_histone_dnase_v1__vs__deepcpg_dna_locus.csv,2b0ed213fe6055b3cda9eed9bc7e98c68d77585e382bfd761d7d73eb778ea377,exploratory,EXPLORATORY POST-HOC; raw p; no Holm
436,v2_exploratory_posthoc,v2_exploratory_posthoc/exploratory_similarity,spearman_pooled_eqw__centered_cosine__M_Q4,regulatory_histone_dnase_v1,regulatory_histone_dnase_v1,functional_annotations_pca,functional_annotations_pca,0.0008163617847,-0.0007490383032,0.002414766127,"95% percentile bootstrap over 22 chromosome blocks (B=1000, seed 17); coarse by design (frozen protocol sec.0)",0.3376623377,,False,delta = regulatory_histone_dnase_v1 - comparator (higher-is-better metric),outputs/biological_validation_v2/bioval-v2-protocol-freeze-v1/exploratory_posthoc_loyfer/contrasts/similarity__regulatory_histone_dnase_v1__vs__functional_annotations_pca.csv,56167635967edd3d6ede518e5eddc1fcd532652735cd585e6ce0a36e9dc38da6,exploratory,EXPLORATORY POST-HOC; raw p; no Holm
437,v2_exploratory_posthoc,v2_exploratory_posthoc/exploratory_similarity,spearman_pooled_eqw__centered_cosine__V_Q1,regulatory_histone_dnase_v1,regulatory_histone_dnase_v1,cpgpt_large_locus,cpgpt_large_locus,0.005703650911,-0.002876528267,0.01564313472,"95% percentile bootstrap over 22 chromosome blocks (B=1000, seed 17); coarse by design (frozen protocol sec.0)",0.2017982018,,False,delta = regulatory_histone_dnase_v1 - comparator (higher-is-better metric),outputs/biological_validation_v2/bioval-v2-protocol-freeze-v1/exploratory_posthoc_loyfer/contrasts/similarity__regulatory_histone_dnase_v1__vs__cpgpt_large_locus.csv,af955b4eb032e20f9947bdc36c7ec5b8572ee85ea2bc2e659eee43f91de388c1,exploratory,EXPLORATORY POST-HOC; raw p; no Holm
438,v2_exploratory_posthoc,v2_exploratory_posthoc/exploratory_similarity,spearman_pooled_eqw__centered_cosine__V_Q1,regulatory_histone_dnase_v1,regulatory_histone_dnase_v1,deepcpg_dna_locus,deepcpg_dna_locus,-0.004669146173,-0.01689560472,0.008431000508,"95% percentile bootstrap over 22 chromosome blocks (B=1000, seed 17); coarse by design (frozen protocol sec.0)",0.5174825175,,False,delta = regulatory_histone_dnase_v1 - comparator (higher-is-better metric),outputs/biological_validation_v2/bioval-v2-protocol-freeze-v1/exploratory_posthoc_loyfer/contrasts/similarity__regulatory_histone_dnase_v1__vs__deepcpg_dna_locus.csv,2b0ed213fe6055b3cda9eed9bc7e98c68d77585e382bfd761d7d73eb778ea377,exploratory,EXPLORATORY POST-HOC; raw p; no Holm
439,v2_exploratory_posthoc,v2_exploratory_posthoc/exploratory_similarity,spearman_pooled_eqw__centered_cosine__V_Q1,regulatory_histone_dnase_v1,regulatory_histone_dnase_v1,functional_annotations_pca,functional_annotations_pca,-0.001179057453,-0.002641799973,0.0002298370514,"95% percentile bootstrap over 22 chromosome blocks (B=1000, seed 17); coarse by design (frozen protocol sec.0)",0.1138861139,,False,delta = regulatory_histone_dnase_v1 - comparator (higher-is-better metric),outputs/biological_validation_v2/bioval-v2-protocol-freeze-v1/exploratory_posthoc_loyfer/contrasts/similarity__regulatory_histone_dnase_v1__vs__functional_annotations_pca.csv,56167635967edd3d6ede518e5eddc1fcd532652735cd585e6ce0a36e9dc38da6,exploratory,EXPLORATORY POST-HOC; raw p; no Holm
440,v2_exploratory_posthoc,v2_exploratory_posthoc/exploratory_similarity,spearman_pooled_eqw__centered_cosine__V_Q2,regulatory_histone_dnase_v1,regulatory_histone_dnase_v1,cpgpt_large_locus,cpgpt_large_locus,0.06762901987,0.05487650492,0.08064095792,"95% percentile bootstrap over 22 chromosome blocks (B=1000, seed 17); coarse by design (frozen protocol sec.0)",0.001998001998,,False,delta = regulatory_histone_dnase_v1 - comparator (higher-is-better metric),outputs/biological_validation_v2/bioval-v2-protocol-freeze-v1/exploratory_posthoc_loyfer/contrasts/similarity__regulatory_histone_dnase_v1__vs__cpgpt_large_locus.csv,af955b4eb032e20f9947bdc36c7ec5b8572ee85ea2bc2e659eee43f91de388c1,exploratory,EXPLORATORY POST-HOC; raw p; no Holm
441,v2_exploratory_posthoc,v2_exploratory_posthoc/exploratory_similarity,spearman_pooled_eqw__centered_cosine__V_Q2,regulatory_histone_dnase_v1,regulatory_histone_dnase_v1,deepcpg_dna_locus,deepcpg_dna_locus,0.05694306303,0.04710439941,0.06629309862,"95% percentile bootstrap over 22 chromosome blocks (B=1000, seed 17); coarse by design (frozen protocol sec.0)",0.001998001998,,False,delta = regulatory_histone_dnase_v1 - comparator (higher-is-better metric),outputs/biological_validation_v2/bioval-v2-protocol-freeze-v1/exploratory_posthoc_loyfer/contrasts/similarity__regulatory_histone_dnase_v1__vs__deepcpg_dna_locus.csv,2b0ed213fe6055b3cda9eed9bc7e98c68d77585e382bfd761d7d73eb778ea377,exploratory,EXPLORATORY POST-HOC; raw p; no Holm
442,v2_exploratory_posthoc,v2_exploratory_posthoc/exploratory_similarity,spearman_pooled_eqw__centered_cosine__V_Q2,regulatory_histone_dnase_v1,regulatory_histone_dnase_v1,functional_annotations_pca,functional_annotations_pca,-0.005063523379,-0.005921378337,-0.004257101384,"95% percentile bootstrap over 22 chromosome blocks (B=1000, seed 17); coarse by design (frozen protocol sec.0)",0.001998001998,,False,delta = regulatory_histone_dnase_v1 - comparator (higher-is-better metric),outputs/biological_validation_v2/bioval-v2-protocol-freeze-v1/exploratory_posthoc_loyfer/contrasts/similarity__regulatory_histone_dnase_v1__vs__functional_annotations_pca.csv,56167635967edd3d6ede518e5eddc1fcd532652735cd585e6ce0a36e9dc38da6,exploratory,EXPLORATORY POST-HOC; raw p; no Holm
443,v2_exploratory_posthoc,v2_exploratory_posthoc/exploratory_similarity,spearman_pooled_eqw__centered_cosine__V_Q3,regulatory_histone_dnase_v1,regulatory_histone_dnase_v1,cpgpt_large_locus,cpgpt_large_locus,0.1334269915,0.1187185246,0.1482509302,"95% percentile bootstrap over 22 chromosome blocks (B=1000, seed 17); coarse by design (frozen protocol sec.0)",0.001998001998,,False,delta = regulatory_histone_dnase_v1 - comparator (higher-is-better metric),outputs/biological_validation_v2/bioval-v2-protocol-freeze-v1/exploratory_posthoc_loyfer/contrasts/similarity__regulatory_histone_dnase_v1__vs__cpgpt_large_locus.csv,af955b4eb032e20f9947bdc36c7ec5b8572ee85ea2bc2e659eee43f91de388c1,exploratory,EXPLORATORY POST-HOC; raw p; no Holm
444,v2_exploratory_posthoc,v2_exploratory_posthoc/exploratory_similarity,spearman_pooled_eqw__centered_cosine__V_Q3,regulatory_histone_dnase_v1,regulatory_histone_dnase_v1,deepcpg_dna_locus,deepcpg_dna_locus,0.134464498,0.1203876988,0.1486975295,"95% percentile bootstrap over 22 chromosome blocks (B=1000, seed 17); coarse by design (frozen protocol sec.0)",0.001998001998,,False,delta = regulatory_histone_dnase_v1 - comparator (higher-is-better metric),outputs/biological_validation_v2/bioval-v2-protocol-freeze-v1/exploratory_posthoc_loyfer/contrasts/similarity__regulatory_histone_dnase_v1__vs__deepcpg_dna_locus.csv,2b0ed213fe6055b3cda9eed9bc7e98c68d77585e382bfd761d7d73eb778ea377,exploratory,EXPLORATORY POST-HOC; raw p; no Holm
445,v2_exploratory_posthoc,v2_exploratory_posthoc/exploratory_similarity,spearman_pooled_eqw__centered_cosine__V_Q3,regulatory_histone_dnase_v1,regulatory_histone_dnase_v1,functional_annotations_pca,functional_annotations_pca,-0.002110777056,-0.002844360695,-0.001378138381,"95% percentile bootstrap over 22 chromosome blocks (B=1000, seed 17); coarse by design (frozen protocol sec.0)",0.001998001998,,False,delta = regulatory_histone_dnase_v1 - comparator (higher-is-better metric),outputs/biological_validation_v2/bioval-v2-protocol-freeze-v1/exploratory_posthoc_loyfer/contrasts/similarity__regulatory_histone_dnase_v1__vs__functional_annotations_pca.csv,56167635967edd3d6ede518e5eddc1fcd532652735cd585e6ce0a36e9dc38da6,exploratory,EXPLORATORY POST-HOC; raw p; no Holm
446,v2_exploratory_posthoc,v2_exploratory_posthoc/exploratory_similarity,spearman_pooled_eqw__centered_cosine__V_Q4,regulatory_histone_dnase_v1,regulatory_histone_dnase_v1,cpgpt_large_locus,cpgpt_large_locus,-0.003716467283,-0.0160034212,0.007939550381,"95% percentile bootstrap over 22 chromosome blocks (B=1000, seed 17); coarse by design (frozen protocol sec.0)",0.5334665335,,False,delta = regulatory_histone_dnase_v1 - comparator (higher-is-better metric),outputs/biological_validation_v2/bioval-v2-protocol-freeze-v1/exploratory_posthoc_loyfer/contrasts/similarity__regulatory_histone_dnase_v1__vs__cpgpt_large_locus.csv,af955b4eb032e20f9947bdc36c7ec5b8572ee85ea2bc2e659eee43f91de388c1,exploratory,EXPLORATORY POST-HOC; raw p; no Holm
447,v2_exploratory_posthoc,v2_exploratory_posthoc/exploratory_similarity,spearman_pooled_eqw__centered_cosine__V_Q4,regulatory_histone_dnase_v1,regulatory_histone_dnase_v1,deepcpg_dna_locus,deepcpg_dna_locus,0.05324109848,0.04322066338,0.06247384582,"95% percentile bootstrap over 22 chromosome blocks (B=1000, seed 17); coarse by design (frozen protocol sec.0)",0.001998001998,,False,delta = regulatory_histone_dnase_v1 - comparator (higher-is-better metric),outputs/biological_validation_v2/bioval-v2-protocol-freeze-v1/exploratory_posthoc_loyfer/contrasts/similarity__regulatory_histone_dnase_v1__vs__deepcpg_dna_locus.csv,2b0ed213fe6055b3cda9eed9bc7e98c68d77585e382bfd761d7d73eb778ea377,exploratory,EXPLORATORY POST-HOC; raw p; no Holm
448,v2_exploratory_posthoc,v2_exploratory_posthoc/exploratory_similarity,spearman_pooled_eqw__centered_cosine__V_Q4,regulatory_histone_dnase_v1,regulatory_histone_dnase_v1,functional_annotations_pca,functional_annotations_pca,0.001085236948,9.73480603e-05,0.001986438078,"95% percentile bootstrap over 22 chromosome blocks (B=1000, seed 17); coarse by design (frozen protocol sec.0)",0.02997002997,,False,delta = regulatory_histone_dnase_v1 - comparator (higher-is-better metric),outputs/biological_validation_v2/bioval-v2-protocol-freeze-v1/exploratory_posthoc_loyfer/contrasts/similarity__regulatory_histone_dnase_v1__vs__functional_annotations_pca.csv,56167635967edd3d6ede518e5eddc1fcd532652735cd585e6ce0a36e9dc38da6,exploratory,EXPLORATORY POST-HOC; raw p; no Holm
449,v2_exploratory_posthoc,v2_exploratory_posthoc/exploratory_similarity,spearman_pooled_eqw__centered_cosine__V_top10pct,regulatory_histone_dnase_v1,regulatory_histone_dnase_v1,cpgpt_large_locus,cpgpt_large_locus,-0.07426413756,-0.09348295964,-0.05426282607,"95% percentile bootstrap over 22 chromosome blocks (B=1000, seed 17); coarse by design (frozen protocol sec.0)",0.001998001998,,False,delta = regulatory_histone_dnase_v1 - comparator (higher-is-better metric),outputs/biological_validation_v2/bioval-v2-protocol-freeze-v1/exploratory_posthoc_loyfer/contrasts/similarity__regulatory_histone_dnase_v1__vs__cpgpt_large_locus.csv,af955b4eb032e20f9947bdc36c7ec5b8572ee85ea2bc2e659eee43f91de388c1,exploratory,EXPLORATORY POST-HOC; raw p; no Holm
450,v2_exploratory_posthoc,v2_exploratory_posthoc/exploratory_similarity,spearman_pooled_eqw__centered_cosine__V_top10pct,regulatory_histone_dnase_v1,regulatory_histone_dnase_v1,deepcpg_dna_locus,deepcpg_dna_locus,0.03536575639,0.0234149964,0.04774395555,"95% percentile bootstrap over 22 chromosome blocks (B=1000, seed 17); coarse by design (frozen protocol sec.0)",0.001998001998,,False,delta = regulatory_histone_dnase_v1 - comparator (higher-is-better metric),outputs/biological_validation_v2/bioval-v2-protocol-freeze-v1/exploratory_posthoc_loyfer/contrasts/similarity__regulatory_histone_dnase_v1__vs__deepcpg_dna_locus.csv,2b0ed213fe6055b3cda9eed9bc7e98c68d77585e382bfd761d7d73eb778ea377,exploratory,EXPLORATORY POST-HOC; raw p; no Holm
451,v2_exploratory_posthoc,v2_exploratory_posthoc/exploratory_similarity,spearman_pooled_eqw__centered_cosine__V_top10pct,regulatory_histone_dnase_v1,regulatory_histone_dnase_v1,functional_annotations_pca,functional_annotations_pca,0.002405408016,0.0002500025231,0.004491653519,"95% percentile bootstrap over 22 chromosome blocks (B=1000, seed 17); coarse by design (frozen protocol sec.0)",0.02597402597,,False,delta = regulatory_histone_dnase_v1 - comparator (higher-is-better metric),outputs/biological_validation_v2/bioval-v2-protocol-freeze-v1/exploratory_posthoc_loyfer/contrasts/similarity__regulatory_histone_dnase_v1__vs__functional_annotations_pca.csv,56167635967edd3d6ede518e5eddc1fcd532652735cd585e6ce0a36e9dc38da6,exploratory,EXPLORATORY POST-HOC; raw p; no Holm
452,v2_exploratory_posthoc,v2_exploratory_posthoc/exploratory_similarity,spearman_pooled_eqw__centered_cosine__all,regulatory_histone_dnase_v1,regulatory_histone_dnase_v1,cpgpt_large_locus,cpgpt_large_locus,0.07940589436,0.07136671192,0.0878380054,"95% percentile bootstrap over 22 chromosome blocks (B=1000, seed 17); coarse by design (frozen protocol sec.0)",0.001998001998,,False,delta = regulatory_histone_dnase_v1 - comparator (higher-is-better metric),outputs/biological_validation_v2/bioval-v2-protocol-freeze-v1/exploratory_posthoc_loyfer/contrasts/similarity__regulatory_histone_dnase_v1__vs__cpgpt_large_locus.csv,af955b4eb032e20f9947bdc36c7ec5b8572ee85ea2bc2e659eee43f91de388c1,exploratory,EXPLORATORY POST-HOC; raw p; no Holm
453,v2_exploratory_posthoc,v2_exploratory_posthoc/exploratory_similarity,spearman_pooled_eqw__centered_cosine__all,regulatory_histone_dnase_v1,regulatory_histone_dnase_v1,deepcpg_dna_locus,deepcpg_dna_locus,0.06441083624,0.05798263302,0.07213078266,"95% percentile bootstrap over 22 chromosome blocks (B=1000, seed 17); coarse by design (frozen protocol sec.0)",0.001998001998,,False,delta = regulatory_histone_dnase_v1 - comparator (higher-is-better metric),outputs/biological_validation_v2/bioval-v2-protocol-freeze-v1/exploratory_posthoc_loyfer/contrasts/similarity__regulatory_histone_dnase_v1__vs__deepcpg_dna_locus.csv,2b0ed213fe6055b3cda9eed9bc7e98c68d77585e382bfd761d7d73eb778ea377,exploratory,EXPLORATORY POST-HOC; raw p; no Holm
454,v2_exploratory_posthoc,v2_exploratory_posthoc/exploratory_similarity,spearman_pooled_eqw__centered_cosine__all,regulatory_histone_dnase_v1,regulatory_histone_dnase_v1,functional_annotations_pca,functional_annotations_pca,-0.0056768188,-0.006302018144,-0.005054698242,"95% percentile bootstrap over 22 chromosome blocks (B=1000, seed 17); coarse by design (frozen protocol sec.0)",0.001998001998,,False,delta = regulatory_histone_dnase_v1 - comparator (higher-is-better metric),outputs/biological_validation_v2/bioval-v2-protocol-freeze-v1/exploratory_posthoc_loyfer/contrasts/similarity__regulatory_histone_dnase_v1__vs__functional_annotations_pca.csv,56167635967edd3d6ede518e5eddc1fcd532652735cd585e6ce0a36e9dc38da6,exploratory,EXPLORATORY POST-HOC; raw p; no Holm
455,v2_exploratory_posthoc,v2_exploratory_posthoc/exploratory_similarity,spearman_pooled_eqw__cosine__M_Q1,regulatory_histone_dnase_v1,regulatory_histone_dnase_v1,cpgpt_large_locus,cpgpt_large_locus,-0.02059389649,-0.03359812096,-0.008347119861,"95% percentile bootstrap over 22 chromosome blocks (B=1000, seed 17); coarse by design (frozen protocol sec.0)",0.003996003996,,False,delta = regulatory_histone_dnase_v1 - comparator (higher-is-better metric),outputs/biological_validation_v2/bioval-v2-protocol-freeze-v1/exploratory_posthoc_loyfer/contrasts/similarity__regulatory_histone_dnase_v1__vs__cpgpt_large_locus.csv,af955b4eb032e20f9947bdc36c7ec5b8572ee85ea2bc2e659eee43f91de388c1,exploratory,EXPLORATORY POST-HOC; raw p; no Holm
456,v2_exploratory_posthoc,v2_exploratory_posthoc/exploratory_similarity,spearman_pooled_eqw__cosine__M_Q1,regulatory_histone_dnase_v1,regulatory_histone_dnase_v1,deepcpg_dna_locus,deepcpg_dna_locus,-0.007849347579,-0.0220636525,0.007212381353,"95% percentile bootstrap over 22 chromosome blocks (B=1000, seed 17); coarse by design (frozen protocol sec.0)",0.3136863137,,False,delta = regulatory_histone_dnase_v1 - comparator (higher-is-better metric),outputs/biological_validation_v2/bioval-v2-protocol-freeze-v1/exploratory_posthoc_loyfer/contrasts/similarity__regulatory_histone_dnase_v1__vs__deepcpg_dna_locus.csv,2b0ed213fe6055b3cda9eed9bc7e98c68d77585e382bfd761d7d73eb778ea377,exploratory,EXPLORATORY POST-HOC; raw p; no Holm
457,v2_exploratory_posthoc,v2_exploratory_posthoc/exploratory_similarity,spearman_pooled_eqw__cosine__M_Q1,regulatory_histone_dnase_v1,regulatory_histone_dnase_v1,functional_annotations_pca,functional_annotations_pca,-0.005155570503,-0.006919531458,-0.003361580541,"95% percentile bootstrap over 22 chromosome blocks (B=1000, seed 17); coarse by design (frozen protocol sec.0)",0.001998001998,,False,delta = regulatory_histone_dnase_v1 - comparator (higher-is-better metric),outputs/biological_validation_v2/bioval-v2-protocol-freeze-v1/exploratory_posthoc_loyfer/contrasts/similarity__regulatory_histone_dnase_v1__vs__functional_annotations_pca.csv,56167635967edd3d6ede518e5eddc1fcd532652735cd585e6ce0a36e9dc38da6,exploratory,EXPLORATORY POST-HOC; raw p; no Holm
458,v2_exploratory_posthoc,v2_exploratory_posthoc/exploratory_similarity,spearman_pooled_eqw__cosine__M_Q2,regulatory_histone_dnase_v1,regulatory_histone_dnase_v1,cpgpt_large_locus,cpgpt_large_locus,-0.0275913235,-0.03739560339,-0.01618896814,"95% percentile bootstrap over 22 chromosome blocks (B=1000, seed 17); coarse by design (frozen protocol sec.0)",0.001998001998,,False,delta = regulatory_histone_dnase_v1 - comparator (higher-is-better metric),outputs/biological_validation_v2/bioval-v2-protocol-freeze-v1/exploratory_posthoc_loyfer/contrasts/similarity__regulatory_histone_dnase_v1__vs__cpgpt_large_locus.csv,af955b4eb032e20f9947bdc36c7ec5b8572ee85ea2bc2e659eee43f91de388c1,exploratory,EXPLORATORY POST-HOC; raw p; no Holm
459,v2_exploratory_posthoc,v2_exploratory_posthoc/exploratory_similarity,spearman_pooled_eqw__cosine__M_Q2,regulatory_histone_dnase_v1,regulatory_histone_dnase_v1,deepcpg_dna_locus,deepcpg_dna_locus,-0.03395670171,-0.05232755823,-0.01476210319,"95% percentile bootstrap over 22 chromosome blocks (B=1000, seed 17); coarse by design (frozen protocol sec.0)",0.001998001998,,False,delta = regulatory_histone_dnase_v1 - comparator (higher-is-better metric),outputs/biological_validation_v2/bioval-v2-protocol-freeze-v1/exploratory_posthoc_loyfer/contrasts/similarity__regulatory_histone_dnase_v1__vs__deepcpg_dna_locus.csv,2b0ed213fe6055b3cda9eed9bc7e98c68d77585e382bfd761d7d73eb778ea377,exploratory,EXPLORATORY POST-HOC; raw p; no Holm
460,v2_exploratory_posthoc,v2_exploratory_posthoc/exploratory_similarity,spearman_pooled_eqw__cosine__M_Q2,regulatory_histone_dnase_v1,regulatory_histone_dnase_v1,functional_annotations_pca,functional_annotations_pca,-0.001921589278,-0.003497231483,-0.0003023249877,"95% percentile bootstrap over 22 chromosome blocks (B=1000, seed 17); coarse by design (frozen protocol sec.0)",0.01798201798,,False,delta = regulatory_histone_dnase_v1 - comparator (higher-is-better metric),outputs/biological_validation_v2/bioval-v2-protocol-freeze-v1/exploratory_posthoc_loyfer/contrasts/similarity__regulatory_histone_dnase_v1__vs__functional_annotations_pca.csv,56167635967edd3d6ede518e5eddc1fcd532652735cd585e6ce0a36e9dc38da6,exploratory,EXPLORATORY POST-HOC; raw p; no Holm
461,v2_exploratory_posthoc,v2_exploratory_posthoc/exploratory_similarity,spearman_pooled_eqw__cosine__M_Q3,regulatory_histone_dnase_v1,regulatory_histone_dnase_v1,cpgpt_large_locus,cpgpt_large_locus,-0.06649321131,-0.07732279231,-0.05457852436,"95% percentile bootstrap over 22 chromosome blocks (B=1000, seed 17); coarse by design (frozen protocol sec.0)",0.001998001998,,False,delta = regulatory_histone_dnase_v1 - comparator (higher-is-better metric),outputs/biological_validation_v2/bioval-v2-protocol-freeze-v1/exploratory_posthoc_loyfer/contrasts/similarity__regulatory_histone_dnase_v1__vs__cpgpt_large_locus.csv,af955b4eb032e20f9947bdc36c7ec5b8572ee85ea2bc2e659eee43f91de388c1,exploratory,EXPLORATORY POST-HOC; raw p; no Holm
462,v2_exploratory_posthoc,v2_exploratory_posthoc/exploratory_similarity,spearman_pooled_eqw__cosine__M_Q3,regulatory_histone_dnase_v1,regulatory_histone_dnase_v1,deepcpg_dna_locus,deepcpg_dna_locus,-0.0333849524,-0.04031976646,-0.02570299915,"95% percentile bootstrap over 22 chromosome blocks (B=1000, seed 17); coarse by design (frozen protocol sec.0)",0.001998001998,,False,delta = regulatory_histone_dnase_v1 - comparator (higher-is-better metric),outputs/biological_validation_v2/bioval-v2-protocol-freeze-v1/exploratory_posthoc_loyfer/contrasts/similarity__regulatory_histone_dnase_v1__vs__deepcpg_dna_locus.csv,2b0ed213fe6055b3cda9eed9bc7e98c68d77585e382bfd761d7d73eb778ea377,exploratory,EXPLORATORY POST-HOC; raw p; no Holm
463,v2_exploratory_posthoc,v2_exploratory_posthoc/exploratory_similarity,spearman_pooled_eqw__cosine__M_Q3,regulatory_histone_dnase_v1,regulatory_histone_dnase_v1,functional_annotations_pca,functional_annotations_pca,-0.01253096828,-0.01603490135,-0.009256471416,"95% percentile bootstrap over 22 chromosome blocks (B=1000, seed 17); coarse by design (frozen protocol sec.0)",0.001998001998,,False,delta = regulatory_histone_dnase_v1 - comparator (higher-is-better metric),outputs/biological_validation_v2/bioval-v2-protocol-freeze-v1/exploratory_posthoc_loyfer/contrasts/similarity__regulatory_histone_dnase_v1__vs__functional_annotations_pca.csv,56167635967edd3d6ede518e5eddc1fcd532652735cd585e6ce0a36e9dc38da6,exploratory,EXPLORATORY POST-HOC; raw p; no Holm
464,v2_exploratory_posthoc,v2_exploratory_posthoc/exploratory_similarity,spearman_pooled_eqw__cosine__M_Q4,regulatory_histone_dnase_v1,regulatory_histone_dnase_v1,cpgpt_large_locus,cpgpt_large_locus,-0.1413911686,-0.1607199778,-0.1207459395,"95% percentile bootstrap over 22 chromosome blocks (B=1000, seed 17); coarse by design (frozen protocol sec.0)",0.001998001998,,False,delta = regulatory_histone_dnase_v1 - comparator (higher-is-better metric),outputs/biological_validation_v2/bioval-v2-protocol-freeze-v1/exploratory_posthoc_loyfer/contrasts/similarity__regulatory_histone_dnase_v1__vs__cpgpt_large_locus.csv,af955b4eb032e20f9947bdc36c7ec5b8572ee85ea2bc2e659eee43f91de388c1,exploratory,EXPLORATORY POST-HOC; raw p; no Holm
465,v2_exploratory_posthoc,v2_exploratory_posthoc/exploratory_similarity,spearman_pooled_eqw__cosine__M_Q4,regulatory_histone_dnase_v1,regulatory_histone_dnase_v1,deepcpg_dna_locus,deepcpg_dna_locus,-0.09977012966,-0.1132072092,-0.08196506957,"95% percentile bootstrap over 22 chromosome blocks (B=1000, seed 17); coarse by design (frozen protocol sec.0)",0.001998001998,,False,delta = regulatory_histone_dnase_v1 - comparator (higher-is-better metric),outputs/biological_validation_v2/bioval-v2-protocol-freeze-v1/exploratory_posthoc_loyfer/contrasts/similarity__regulatory_histone_dnase_v1__vs__deepcpg_dna_locus.csv,2b0ed213fe6055b3cda9eed9bc7e98c68d77585e382bfd761d7d73eb778ea377,exploratory,EXPLORATORY POST-HOC; raw p; no Holm
466,v2_exploratory_posthoc,v2_exploratory_posthoc/exploratory_similarity,spearman_pooled_eqw__cosine__M_Q4,regulatory_histone_dnase_v1,regulatory_histone_dnase_v1,functional_annotations_pca,functional_annotations_pca,-0.05283099052,-0.06295371468,-0.04467657719,"95% percentile bootstrap over 22 chromosome blocks (B=1000, seed 17); coarse by design (frozen protocol sec.0)",0.001998001998,,False,delta = regulatory_histone_dnase_v1 - comparator (higher-is-better metric),outputs/biological_validation_v2/bioval-v2-protocol-freeze-v1/exploratory_posthoc_loyfer/contrasts/similarity__regulatory_histone_dnase_v1__vs__functional_annotations_pca.csv,56167635967edd3d6ede518e5eddc1fcd532652735cd585e6ce0a36e9dc38da6,exploratory,EXPLORATORY POST-HOC; raw p; no Holm
467,v2_exploratory_posthoc,v2_exploratory_posthoc/exploratory_similarity,spearman_pooled_eqw__cosine__V_Q1,regulatory_histone_dnase_v1,regulatory_histone_dnase_v1,cpgpt_large_locus,cpgpt_large_locus,-0.006252648222,-0.0159303851,0.002663825531,"95% percentile bootstrap over 22 chromosome blocks (B=1000, seed 17); coarse by design (frozen protocol sec.0)",0.1758241758,,False,delta = regulatory_histone_dnase_v1 - comparator (higher-is-better metric),outputs/biological_validation_v2/bioval-v2-protocol-freeze-v1/exploratory_posthoc_loyfer/contrasts/similarity__regulatory_histone_dnase_v1__vs__cpgpt_large_locus.csv,af955b4eb032e20f9947bdc36c7ec5b8572ee85ea2bc2e659eee43f91de388c1,exploratory,EXPLORATORY POST-HOC; raw p; no Holm
468,v2_exploratory_posthoc,v2_exploratory_posthoc/exploratory_similarity,spearman_pooled_eqw__cosine__V_Q1,regulatory_histone_dnase_v1,regulatory_histone_dnase_v1,deepcpg_dna_locus,deepcpg_dna_locus,-0.01726692513,-0.0301729581,-0.00288914132,"95% percentile bootstrap over 22 chromosome blocks (B=1000, seed 17); coarse by design (frozen protocol sec.0)",0.01598401598,,False,delta = regulatory_histone_dnase_v1 - comparator (higher-is-better metric),outputs/biological_validation_v2/bioval-v2-protocol-freeze-v1/exploratory_posthoc_loyfer/contrasts/similarity__regulatory_histone_dnase_v1__vs__deepcpg_dna_locus.csv,2b0ed213fe6055b3cda9eed9bc7e98c68d77585e382bfd761d7d73eb778ea377,exploratory,EXPLORATORY POST-HOC; raw p; no Holm
469,v2_exploratory_posthoc,v2_exploratory_posthoc/exploratory_similarity,spearman_pooled_eqw__cosine__V_Q1,regulatory_histone_dnase_v1,regulatory_histone_dnase_v1,functional_annotations_pca,functional_annotations_pca,-0.00112376246,-0.002298788363,-0.0001177367305,"95% percentile bootstrap over 22 chromosome blocks (B=1000, seed 17); coarse by design (frozen protocol sec.0)",0.03996003996,,False,delta = regulatory_histone_dnase_v1 - comparator (higher-is-better metric),outputs/biological_validation_v2/bioval-v2-protocol-freeze-v1/exploratory_posthoc_loyfer/contrasts/similarity__regulatory_histone_dnase_v1__vs__functional_annotations_pca.csv,56167635967edd3d6ede518e5eddc1fcd532652735cd585e6ce0a36e9dc38da6,exploratory,EXPLORATORY POST-HOC; raw p; no Holm
470,v2_exploratory_posthoc,v2_exploratory_posthoc/exploratory_similarity,spearman_pooled_eqw__cosine__V_Q2,regulatory_histone_dnase_v1,regulatory_histone_dnase_v1,cpgpt_large_locus,cpgpt_large_locus,-0.1344721275,-0.1521885512,-0.1176249059,"95% percentile bootstrap over 22 chromosome blocks (B=1000, seed 17); coarse by design (frozen protocol sec.0)",0.001998001998,,False,delta = regulatory_histone_dnase_v1 - comparator (higher-is-better metric),outputs/biological_validation_v2/bioval-v2-protocol-freeze-v1/exploratory_posthoc_loyfer/contrasts/similarity__regulatory_histone_dnase_v1__vs__cpgpt_large_locus.csv,af955b4eb032e20f9947bdc36c7ec5b8572ee85ea2bc2e659eee43f91de388c1,exploratory,EXPLORATORY POST-HOC; raw p; no Holm
471,v2_exploratory_posthoc,v2_exploratory_posthoc/exploratory_similarity,spearman_pooled_eqw__cosine__V_Q2,regulatory_histone_dnase_v1,regulatory_histone_dnase_v1,deepcpg_dna_locus,deepcpg_dna_locus,-0.1454239182,-0.16431669,-0.1287519287,"95% percentile bootstrap over 22 chromosome blocks (B=1000, seed 17); coarse by design (frozen protocol sec.0)",0.001998001998,,False,delta = regulatory_histone_dnase_v1 - comparator (higher-is-better metric),outputs/biological_validation_v2/bioval-v2-protocol-freeze-v1/exploratory_posthoc_loyfer/contrasts/similarity__regulatory_histone_dnase_v1__vs__deepcpg_dna_locus.csv,2b0ed213fe6055b3cda9eed9bc7e98c68d77585e382bfd761d7d73eb778ea377,exploratory,EXPLORATORY POST-HOC; raw p; no Holm
472,v2_exploratory_posthoc,v2_exploratory_posthoc/exploratory_similarity,spearman_pooled_eqw__cosine__V_Q2,regulatory_histone_dnase_v1,regulatory_histone_dnase_v1,functional_annotations_pca,functional_annotations_pca,-0.01640373746,-0.02008196053,-0.0130309543,"95% percentile bootstrap over 22 chromosome blocks (B=1000, seed 17); coarse by design (frozen protocol sec.0)",0.001998001998,,False,delta = regulatory_histone_dnase_v1 - comparator (higher-is-better metric),outputs/biological_validation_v2/bioval-v2-protocol-freeze-v1/exploratory_posthoc_loyfer/contrasts/similarity__regulatory_histone_dnase_v1__vs__functional_annotations_pca.csv,56167635967edd3d6ede518e5eddc1fcd532652735cd585e6ce0a36e9dc38da6,exploratory,EXPLORATORY POST-HOC; raw p; no Holm
473,v2_exploratory_posthoc,v2_exploratory_posthoc/exploratory_similarity,spearman_pooled_eqw__cosine__V_Q3,regulatory_histone_dnase_v1,regulatory_histone_dnase_v1,cpgpt_large_locus,cpgpt_large_locus,-0.2329395723,-0.2511450528,-0.2151298041,"95% percentile bootstrap over 22 chromosome blocks (B=1000, seed 17); coarse by design (frozen protocol sec.0)",0.001998001998,,False,delta = regulatory_histone_dnase_v1 - comparator (higher-is-better metric),outputs/biological_validation_v2/bioval-v2-protocol-freeze-v1/exploratory_posthoc_loyfer/contrasts/similarity__regulatory_histone_dnase_v1__vs__cpgpt_large_locus.csv,af955b4eb032e20f9947bdc36c7ec5b8572ee85ea2bc2e659eee43f91de388c1,exploratory,EXPLORATORY POST-HOC; raw p; no Holm
474,v2_exploratory_posthoc,v2_exploratory_posthoc/exploratory_similarity,spearman_pooled_eqw__cosine__V_Q3,regulatory_histone_dnase_v1,regulatory_histone_dnase_v1,deepcpg_dna_locus,deepcpg_dna_locus,-0.2192949289,-0.2431757451,-0.1943864714,"95% percentile bootstrap over 22 chromosome blocks (B=1000, seed 17); coarse by design (frozen protocol sec.0)",0.001998001998,,False,delta = regulatory_histone_dnase_v1 - comparator (higher-is-better metric),outputs/biological_validation_v2/bioval-v2-protocol-freeze-v1/exploratory_posthoc_loyfer/contrasts/similarity__regulatory_histone_dnase_v1__vs__deepcpg_dna_locus.csv,2b0ed213fe6055b3cda9eed9bc7e98c68d77585e382bfd761d7d73eb778ea377,exploratory,EXPLORATORY POST-HOC; raw p; no Holm
475,v2_exploratory_posthoc,v2_exploratory_posthoc/exploratory_similarity,spearman_pooled_eqw__cosine__V_Q3,regulatory_histone_dnase_v1,regulatory_histone_dnase_v1,functional_annotations_pca,functional_annotations_pca,-0.04867094308,-0.05713900677,-0.04164424623,"95% percentile bootstrap over 22 chromosome blocks (B=1000, seed 17); coarse by design (frozen protocol sec.0)",0.001998001998,,False,delta = regulatory_histone_dnase_v1 - comparator (higher-is-better metric),outputs/biological_validation_v2/bioval-v2-protocol-freeze-v1/exploratory_posthoc_loyfer/contrasts/similarity__regulatory_histone_dnase_v1__vs__functional_annotations_pca.csv,56167635967edd3d6ede518e5eddc1fcd532652735cd585e6ce0a36e9dc38da6,exploratory,EXPLORATORY POST-HOC; raw p; no Holm
476,v2_exploratory_posthoc,v2_exploratory_posthoc/exploratory_similarity,spearman_pooled_eqw__cosine__V_Q4,regulatory_histone_dnase_v1,regulatory_histone_dnase_v1,cpgpt_large_locus,cpgpt_large_locus,-0.1244673763,-0.1413293911,-0.1081984099,"95% percentile bootstrap over 22 chromosome blocks (B=1000, seed 17); coarse by design (frozen protocol sec.0)",0.001998001998,,False,delta = regulatory_histone_dnase_v1 - comparator (higher-is-better metric),outputs/biological_validation_v2/bioval-v2-protocol-freeze-v1/exploratory_posthoc_loyfer/contrasts/similarity__regulatory_histone_dnase_v1__vs__cpgpt_large_locus.csv,af955b4eb032e20f9947bdc36c7ec5b8572ee85ea2bc2e659eee43f91de388c1,exploratory,EXPLORATORY POST-HOC; raw p; no Holm
477,v2_exploratory_posthoc,v2_exploratory_posthoc/exploratory_similarity,spearman_pooled_eqw__cosine__V_Q4,regulatory_histone_dnase_v1,regulatory_histone_dnase_v1,deepcpg_dna_locus,deepcpg_dna_locus,-0.06178455697,-0.07943114448,-0.04222924362,"95% percentile bootstrap over 22 chromosome blocks (B=1000, seed 17); coarse by design (frozen protocol sec.0)",0.001998001998,,False,delta = regulatory_histone_dnase_v1 - comparator (higher-is-better metric),outputs/biological_validation_v2/bioval-v2-protocol-freeze-v1/exploratory_posthoc_loyfer/contrasts/similarity__regulatory_histone_dnase_v1__vs__deepcpg_dna_locus.csv,2b0ed213fe6055b3cda9eed9bc7e98c68d77585e382bfd761d7d73eb778ea377,exploratory,EXPLORATORY POST-HOC; raw p; no Holm
478,v2_exploratory_posthoc,v2_exploratory_posthoc/exploratory_similarity,spearman_pooled_eqw__cosine__V_Q4,regulatory_histone_dnase_v1,regulatory_histone_dnase_v1,functional_annotations_pca,functional_annotations_pca,-0.01989351359,-0.0237055146,-0.0166292115,"95% percentile bootstrap over 22 chromosome blocks (B=1000, seed 17); coarse by design (frozen protocol sec.0)",0.001998001998,,False,delta = regulatory_histone_dnase_v1 - comparator (higher-is-better metric),outputs/biological_validation_v2/bioval-v2-protocol-freeze-v1/exploratory_posthoc_loyfer/contrasts/similarity__regulatory_histone_dnase_v1__vs__functional_annotations_pca.csv,56167635967edd3d6ede518e5eddc1fcd532652735cd585e6ce0a36e9dc38da6,exploratory,EXPLORATORY POST-HOC; raw p; no Holm
479,v2_exploratory_posthoc,v2_exploratory_posthoc/exploratory_similarity,spearman_pooled_eqw__cosine__V_top10pct,regulatory_histone_dnase_v1,regulatory_histone_dnase_v1,cpgpt_large_locus,cpgpt_large_locus,-0.09719126672,-0.1187730244,-0.07485441461,"95% percentile bootstrap over 22 chromosome blocks (B=1000, seed 17); coarse by design (frozen protocol sec.0)",0.001998001998,,False,delta = regulatory_histone_dnase_v1 - comparator (higher-is-better metric),outputs/biological_validation_v2/bioval-v2-protocol-freeze-v1/exploratory_posthoc_loyfer/contrasts/similarity__regulatory_histone_dnase_v1__vs__cpgpt_large_locus.csv,af955b4eb032e20f9947bdc36c7ec5b8572ee85ea2bc2e659eee43f91de388c1,exploratory,EXPLORATORY POST-HOC; raw p; no Holm
480,v2_exploratory_posthoc,v2_exploratory_posthoc/exploratory_similarity,spearman_pooled_eqw__cosine__V_top10pct,regulatory_histone_dnase_v1,regulatory_histone_dnase_v1,deepcpg_dna_locus,deepcpg_dna_locus,0.02631292962,0.007030383269,0.04755979784,"95% percentile bootstrap over 22 chromosome blocks (B=1000, seed 17); coarse by design (frozen protocol sec.0)",0.01198801199,,False,delta = regulatory_histone_dnase_v1 - comparator (higher-is-better metric),outputs/biological_validation_v2/bioval-v2-protocol-freeze-v1/exploratory_posthoc_loyfer/contrasts/similarity__regulatory_histone_dnase_v1__vs__deepcpg_dna_locus.csv,2b0ed213fe6055b3cda9eed9bc7e98c68d77585e382bfd761d7d73eb778ea377,exploratory,EXPLORATORY POST-HOC; raw p; no Holm
481,v2_exploratory_posthoc,v2_exploratory_posthoc/exploratory_similarity,spearman_pooled_eqw__cosine__V_top10pct,regulatory_histone_dnase_v1,regulatory_histone_dnase_v1,functional_annotations_pca,functional_annotations_pca,-0.01000544154,-0.01324376788,-0.007094479589,"95% percentile bootstrap over 22 chromosome blocks (B=1000, seed 17); coarse by design (frozen protocol sec.0)",0.001998001998,,False,delta = regulatory_histone_dnase_v1 - comparator (higher-is-better metric),outputs/biological_validation_v2/bioval-v2-protocol-freeze-v1/exploratory_posthoc_loyfer/contrasts/similarity__regulatory_histone_dnase_v1__vs__functional_annotations_pca.csv,56167635967edd3d6ede518e5eddc1fcd532652735cd585e6ce0a36e9dc38da6,exploratory,EXPLORATORY POST-HOC; raw p; no Holm
482,v2_exploratory_posthoc,v2_exploratory_posthoc/exploratory_similarity,spearman_pooled_eqw__cosine__all,regulatory_histone_dnase_v1,regulatory_histone_dnase_v1,cpgpt_large_locus,cpgpt_large_locus,-0.1692690962,-0.1809573578,-0.1578120543,"95% percentile bootstrap over 22 chromosome blocks (B=1000, seed 17); coarse by design (frozen protocol sec.0)",0.001998001998,,False,delta = regulatory_histone_dnase_v1 - comparator (higher-is-better metric),outputs/biological_validation_v2/bioval-v2-protocol-freeze-v1/exploratory_posthoc_loyfer/contrasts/similarity__regulatory_histone_dnase_v1__vs__cpgpt_large_locus.csv,af955b4eb032e20f9947bdc36c7ec5b8572ee85ea2bc2e659eee43f91de388c1,exploratory,EXPLORATORY POST-HOC; raw p; no Holm
483,v2_exploratory_posthoc,v2_exploratory_posthoc/exploratory_similarity,spearman_pooled_eqw__cosine__all,regulatory_histone_dnase_v1,regulatory_histone_dnase_v1,deepcpg_dna_locus,deepcpg_dna_locus,-0.1782480222,-0.1928670765,-0.1627002912,"95% percentile bootstrap over 22 chromosome blocks (B=1000, seed 17); coarse by design (frozen protocol sec.0)",0.001998001998,,False,delta = regulatory_histone_dnase_v1 - comparator (higher-is-better metric),outputs/biological_validation_v2/bioval-v2-protocol-freeze-v1/exploratory_posthoc_loyfer/contrasts/similarity__regulatory_histone_dnase_v1__vs__deepcpg_dna_locus.csv,2b0ed213fe6055b3cda9eed9bc7e98c68d77585e382bfd761d7d73eb778ea377,exploratory,EXPLORATORY POST-HOC; raw p; no Holm
484,v2_exploratory_posthoc,v2_exploratory_posthoc/exploratory_similarity,spearman_pooled_eqw__cosine__all,regulatory_histone_dnase_v1,regulatory_histone_dnase_v1,functional_annotations_pca,functional_annotations_pca,-0.02465413869,-0.02841788631,-0.02131865112,"95% percentile bootstrap over 22 chromosome blocks (B=1000, seed 17); coarse by design (frozen protocol sec.0)",0.001998001998,,False,delta = regulatory_histone_dnase_v1 - comparator (higher-is-better metric),outputs/biological_validation_v2/bioval-v2-protocol-freeze-v1/exploratory_posthoc_loyfer/contrasts/similarity__regulatory_histone_dnase_v1__vs__functional_annotations_pca.csv,56167635967edd3d6ede518e5eddc1fcd532652735cd585e6ce0a36e9dc38da6,exploratory,EXPLORATORY POST-HOC; raw p; no Holm
485,v2_exploratory_posthoc,v2_exploratory_posthoc/exploratory_similarity,spearman_pooled_eqw__neg_euclidean__M_Q1,regulatory_histone_dnase_v1,regulatory_histone_dnase_v1,cpgpt_large_locus,cpgpt_large_locus,0.03612468206,0.01962175634,0.05139304613,"95% percentile bootstrap over 22 chromosome blocks (B=1000, seed 17); coarse by design (frozen protocol sec.0)",0.001998001998,,False,delta = regulatory_histone_dnase_v1 - comparator (higher-is-better metric),outputs/biological_validation_v2/bioval-v2-protocol-freeze-v1/exploratory_posthoc_loyfer/contrasts/similarity__regulatory_histone_dnase_v1__vs__cpgpt_large_locus.csv,af955b4eb032e20f9947bdc36c7ec5b8572ee85ea2bc2e659eee43f91de388c1,exploratory,EXPLORATORY POST-HOC; raw p; no Holm
486,v2_exploratory_posthoc,v2_exploratory_posthoc/exploratory_similarity,spearman_pooled_eqw__neg_euclidean__M_Q1,regulatory_histone_dnase_v1,regulatory_histone_dnase_v1,deepcpg_dna_locus,deepcpg_dna_locus,0.01844955789,0.001743395704,0.03505934643,"95% percentile bootstrap over 22 chromosome blocks (B=1000, seed 17); coarse by design (frozen protocol sec.0)",0.02997002997,,False,delta = regulatory_histone_dnase_v1 - comparator (higher-is-better metric),outputs/biological_validation_v2/bioval-v2-protocol-freeze-v1/exploratory_posthoc_loyfer/contrasts/similarity__regulatory_histone_dnase_v1__vs__deepcpg_dna_locus.csv,2b0ed213fe6055b3cda9eed9bc7e98c68d77585e382bfd761d7d73eb778ea377,exploratory,EXPLORATORY POST-HOC; raw p; no Holm
487,v2_exploratory_posthoc,v2_exploratory_posthoc/exploratory_similarity,spearman_pooled_eqw__neg_euclidean__M_Q1,regulatory_histone_dnase_v1,regulatory_histone_dnase_v1,functional_annotations_pca,functional_annotations_pca,-0.01442815297,-0.0189108622,-0.01046794977,"95% percentile bootstrap over 22 chromosome blocks (B=1000, seed 17); coarse by design (frozen protocol sec.0)",0.001998001998,,False,delta = regulatory_histone_dnase_v1 - comparator (higher-is-better metric),outputs/biological_validation_v2/bioval-v2-protocol-freeze-v1/exploratory_posthoc_loyfer/contrasts/similarity__regulatory_histone_dnase_v1__vs__functional_annotations_pca.csv,56167635967edd3d6ede518e5eddc1fcd532652735cd585e6ce0a36e9dc38da6,exploratory,EXPLORATORY POST-HOC; raw p; no Holm
488,v2_exploratory_posthoc,v2_exploratory_posthoc/exploratory_similarity,spearman_pooled_eqw__neg_euclidean__M_Q2,regulatory_histone_dnase_v1,regulatory_histone_dnase_v1,cpgpt_large_locus,cpgpt_large_locus,0.04557410428,0.02787708267,0.06164362751,"95% percentile bootstrap over 22 chromosome blocks (B=1000, seed 17); coarse by design (frozen protocol sec.0)",0.001998001998,,False,delta = regulatory_histone_dnase_v1 - comparator (higher-is-better metric),outputs/biological_validation_v2/bioval-v2-protocol-freeze-v1/exploratory_posthoc_loyfer/contrasts/similarity__regulatory_histone_dnase_v1__vs__cpgpt_large_locus.csv,af955b4eb032e20f9947bdc36c7ec5b8572ee85ea2bc2e659eee43f91de388c1,exploratory,EXPLORATORY POST-HOC; raw p; no Holm
489,v2_exploratory_posthoc,v2_exploratory_posthoc/exploratory_similarity,spearman_pooled_eqw__neg_euclidean__M_Q2,regulatory_histone_dnase_v1,regulatory_histone_dnase_v1,deepcpg_dna_locus,deepcpg_dna_locus,0.01475644265,-0.002963805409,0.03429747388,"95% percentile bootstrap over 22 chromosome blocks (B=1000, seed 17); coarse by design (frozen protocol sec.0)",0.1078921079,,False,delta = regulatory_histone_dnase_v1 - comparator (higher-is-better metric),outputs/biological_validation_v2/bioval-v2-protocol-freeze-v1/exploratory_posthoc_loyfer/contrasts/similarity__regulatory_histone_dnase_v1__vs__deepcpg_dna_locus.csv,2b0ed213fe6055b3cda9eed9bc7e98c68d77585e382bfd761d7d73eb778ea377,exploratory,EXPLORATORY POST-HOC; raw p; no Holm
490,v2_exploratory_posthoc,v2_exploratory_posthoc/exploratory_similarity,spearman_pooled_eqw__neg_euclidean__M_Q2,regulatory_histone_dnase_v1,regulatory_histone_dnase_v1,functional_annotations_pca,functional_annotations_pca,-0.004363193704,-0.006904560704,-0.001900743778,"95% percentile bootstrap over 22 chromosome blocks (B=1000, seed 17); coarse by design (frozen protocol sec.0)",0.003996003996,,False,delta = regulatory_histone_dnase_v1 - comparator (higher-is-better metric),outputs/biological_validation_v2/bioval-v2-protocol-freeze-v1/exploratory_posthoc_loyfer/contrasts/similarity__regulatory_histone_dnase_v1__vs__functional_annotations_pca.csv,56167635967edd3d6ede518e5eddc1fcd532652735cd585e6ce0a36e9dc38da6,exploratory,EXPLORATORY POST-HOC; raw p; no Holm
491,v2_exploratory_posthoc,v2_exploratory_posthoc/exploratory_similarity,spearman_pooled_eqw__neg_euclidean__M_Q3,regulatory_histone_dnase_v1,regulatory_histone_dnase_v1,cpgpt_large_locus,cpgpt_large_locus,0.07869899076,0.06597165278,0.08975681745,"95% percentile bootstrap over 22 chromosome blocks (B=1000, seed 17); coarse by design (frozen protocol sec.0)",0.001998001998,,False,delta = regulatory_histone_dnase_v1 - comparator (higher-is-better metric),outputs/biological_validation_v2/bioval-v2-protocol-freeze-v1/exploratory_posthoc_loyfer/contrasts/similarity__regulatory_histone_dnase_v1__vs__cpgpt_large_locus.csv,af955b4eb032e20f9947bdc36c7ec5b8572ee85ea2bc2e659eee43f91de388c1,exploratory,EXPLORATORY POST-HOC; raw p; no Holm
492,v2_exploratory_posthoc,v2_exploratory_posthoc/exploratory_similarity,spearman_pooled_eqw__neg_euclidean__M_Q3,regulatory_histone_dnase_v1,regulatory_histone_dnase_v1,deepcpg_dna_locus,deepcpg_dna_locus,0.06932156663,0.06078192311,0.07767024292,"95% percentile bootstrap over 22 chromosome blocks (B=1000, seed 17); coarse by design (frozen protocol sec.0)",0.001998001998,,False,delta = regulatory_histone_dnase_v1 - comparator (higher-is-better metric),outputs/biological_validation_v2/bioval-v2-protocol-freeze-v1/exploratory_posthoc_loyfer/contrasts/similarity__regulatory_histone_dnase_v1__vs__deepcpg_dna_locus.csv,2b0ed213fe6055b3cda9eed9bc7e98c68d77585e382bfd761d7d73eb778ea377,exploratory,EXPLORATORY POST-HOC; raw p; no Holm
493,v2_exploratory_posthoc,v2_exploratory_posthoc/exploratory_similarity,spearman_pooled_eqw__neg_euclidean__M_Q3,regulatory_histone_dnase_v1,regulatory_histone_dnase_v1,functional_annotations_pca,functional_annotations_pca,-0.004170731508,-0.006385131145,-0.002355084465,"95% percentile bootstrap over 22 chromosome blocks (B=1000, seed 17); coarse by design (frozen protocol sec.0)",0.001998001998,,False,delta = regulatory_histone_dnase_v1 - comparator (higher-is-better metric),outputs/biological_validation_v2/bioval-v2-protocol-freeze-v1/exploratory_posthoc_loyfer/contrasts/similarity__regulatory_histone_dnase_v1__vs__functional_annotations_pca.csv,56167635967edd3d6ede518e5eddc1fcd532652735cd585e6ce0a36e9dc38da6,exploratory,EXPLORATORY POST-HOC; raw p; no Holm
494,v2_exploratory_posthoc,v2_exploratory_posthoc/exploratory_similarity,spearman_pooled_eqw__neg_euclidean__M_Q4,regulatory_histone_dnase_v1,regulatory_histone_dnase_v1,cpgpt_large_locus,cpgpt_large_locus,0.1673738869,0.1489639355,0.1839663573,"95% percentile bootstrap over 22 chromosome blocks (B=1000, seed 17); coarse by design (frozen protocol sec.0)",0.001998001998,,False,delta = regulatory_histone_dnase_v1 - comparator (higher-is-better metric),outputs/biological_validation_v2/bioval-v2-protocol-freeze-v1/exploratory_posthoc_loyfer/contrasts/similarity__regulatory_histone_dnase_v1__vs__cpgpt_large_locus.csv,af955b4eb032e20f9947bdc36c7ec5b8572ee85ea2bc2e659eee43f91de388c1,exploratory,EXPLORATORY POST-HOC; raw p; no Holm
495,v2_exploratory_posthoc,v2_exploratory_posthoc/exploratory_similarity,spearman_pooled_eqw__neg_euclidean__M_Q4,regulatory_histone_dnase_v1,regulatory_histone_dnase_v1,deepcpg_dna_locus,deepcpg_dna_locus,0.2123504331,0.1924080319,0.2336567459,"95% percentile bootstrap over 22 chromosome blocks (B=1000, seed 17); coarse by design (frozen protocol sec.0)",0.001998001998,,False,delta = regulatory_histone_dnase_v1 - comparator (higher-is-better metric),outputs/biological_validation_v2/bioval-v2-protocol-freeze-v1/exploratory_posthoc_loyfer/contrasts/similarity__regulatory_histone_dnase_v1__vs__deepcpg_dna_locus.csv,2b0ed213fe6055b3cda9eed9bc7e98c68d77585e382bfd761d7d73eb778ea377,exploratory,EXPLORATORY POST-HOC; raw p; no Holm
496,v2_exploratory_posthoc,v2_exploratory_posthoc/exploratory_similarity,spearman_pooled_eqw__neg_euclidean__M_Q4,regulatory_histone_dnase_v1,regulatory_histone_dnase_v1,functional_annotations_pca,functional_annotations_pca,0.002381924807,0.0005092702409,0.004363179713,"95% percentile bootstrap over 22 chromosome blocks (B=1000, seed 17); coarse by design (frozen protocol sec.0)",0.01398601399,,False,delta = regulatory_histone_dnase_v1 - comparator (higher-is-better metric),outputs/biological_validation_v2/bioval-v2-protocol-freeze-v1/exploratory_posthoc_loyfer/contrasts/similarity__regulatory_histone_dnase_v1__vs__functional_annotations_pca.csv,56167635967edd3d6ede518e5eddc1fcd532652735cd585e6ce0a36e9dc38da6,exploratory,EXPLORATORY POST-HOC; raw p; no Holm
497,v2_exploratory_posthoc,v2_exploratory_posthoc/exploratory_similarity,spearman_pooled_eqw__neg_euclidean__V_Q1,regulatory_histone_dnase_v1,regulatory_histone_dnase_v1,cpgpt_large_locus,cpgpt_large_locus,-0.0001648022157,-0.01223793791,0.01302972618,"95% percentile bootstrap over 22 chromosome blocks (B=1000, seed 17); coarse by design (frozen protocol sec.0)",0.971028971,,False,delta = regulatory_histone_dnase_v1 - comparator (higher-is-better metric),outputs/biological_validation_v2/bioval-v2-protocol-freeze-v1/exploratory_posthoc_loyfer/contrasts/similarity__regulatory_histone_dnase_v1__vs__cpgpt_large_locus.csv,af955b4eb032e20f9947bdc36c7ec5b8572ee85ea2bc2e659eee43f91de388c1,exploratory,EXPLORATORY POST-HOC; raw p; no Holm
498,v2_exploratory_posthoc,v2_exploratory_posthoc/exploratory_similarity,spearman_pooled_eqw__neg_euclidean__V_Q1,regulatory_histone_dnase_v1,regulatory_histone_dnase_v1,deepcpg_dna_locus,deepcpg_dna_locus,0.0009934981959,-0.01170431081,0.01386841103,"95% percentile bootstrap over 22 chromosome blocks (B=1000, seed 17); coarse by design (frozen protocol sec.0)",0.8671328671,,False,delta = regulatory_histone_dnase_v1 - comparator (higher-is-better metric),outputs/biological_validation_v2/bioval-v2-protocol-freeze-v1/exploratory_posthoc_loyfer/contrasts/similarity__regulatory_histone_dnase_v1__vs__deepcpg_dna_locus.csv,2b0ed213fe6055b3cda9eed9bc7e98c68d77585e382bfd761d7d73eb778ea377,exploratory,EXPLORATORY POST-HOC; raw p; no Holm
499,v2_exploratory_posthoc,v2_exploratory_posthoc/exploratory_similarity,spearman_pooled_eqw__neg_euclidean__V_Q1,regulatory_histone_dnase_v1,regulatory_histone_dnase_v1,functional_annotations_pca,functional_annotations_pca,-0.005208973837,-0.009181392886,-0.002065730475,"95% percentile bootstrap over 22 chromosome blocks (B=1000, seed 17); coarse by design (frozen protocol sec.0)",0.003996003996,,False,delta = regulatory_histone_dnase_v1 - comparator (higher-is-better metric),outputs/biological_validation_v2/bioval-v2-protocol-freeze-v1/exploratory_posthoc_loyfer/contrasts/similarity__regulatory_histone_dnase_v1__vs__functional_annotations_pca.csv,56167635967edd3d6ede518e5eddc1fcd532652735cd585e6ce0a36e9dc38da6,exploratory,EXPLORATORY POST-HOC; raw p; no Holm
500,v2_exploratory_posthoc,v2_exploratory_posthoc/exploratory_similarity,spearman_pooled_eqw__neg_euclidean__V_Q2,regulatory_histone_dnase_v1,regulatory_histone_dnase_v1,cpgpt_large_locus,cpgpt_large_locus,0.1178281855,0.1046743517,0.1326108317,"95% percentile bootstrap over 22 chromosome blocks (B=1000, seed 17); coarse by design (frozen protocol sec.0)",0.001998001998,,False,delta = regulatory_histone_dnase_v1 - comparator (higher-is-better metric),outputs/biological_validation_v2/bioval-v2-protocol-freeze-v1/exploratory_posthoc_loyfer/contrasts/similarity__regulatory_histone_dnase_v1__vs__cpgpt_large_locus.csv,af955b4eb032e20f9947bdc36c7ec5b8572ee85ea2bc2e659eee43f91de388c1,exploratory,EXPLORATORY POST-HOC; raw p; no Holm
501,v2_exploratory_posthoc,v2_exploratory_posthoc/exploratory_similarity,spearman_pooled_eqw__neg_euclidean__V_Q2,regulatory_histone_dnase_v1,regulatory_histone_dnase_v1,deepcpg_dna_locus,deepcpg_dna_locus,0.06742302495,0.05572661568,0.0803416184,"95% percentile bootstrap over 22 chromosome blocks (B=1000, seed 17); coarse by design (frozen protocol sec.0)",0.001998001998,,False,delta = regulatory_histone_dnase_v1 - comparator (higher-is-better metric),outputs/biological_validation_v2/bioval-v2-protocol-freeze-v1/exploratory_posthoc_loyfer/contrasts/similarity__regulatory_histone_dnase_v1__vs__deepcpg_dna_locus.csv,2b0ed213fe6055b3cda9eed9bc7e98c68d77585e382bfd761d7d73eb778ea377,exploratory,EXPLORATORY POST-HOC; raw p; no Holm
502,v2_exploratory_posthoc,v2_exploratory_posthoc/exploratory_similarity,spearman_pooled_eqw__neg_euclidean__V_Q2,regulatory_histone_dnase_v1,regulatory_histone_dnase_v1,functional_annotations_pca,functional_annotations_pca,-0.0098933878,-0.01232442903,-0.007529287832,"95% percentile bootstrap over 22 chromosome blocks (B=1000, seed 17); coarse by design (frozen protocol sec.0)",0.001998001998,,False,delta = regulatory_histone_dnase_v1 - comparator (higher-is-better metric),outputs/biological_validation_v2/bioval-v2-protocol-freeze-v1/exploratory_posthoc_loyfer/contrasts/similarity__regulatory_histone_dnase_v1__vs__functional_annotations_pca.csv,56167635967edd3d6ede518e5eddc1fcd532652735cd585e6ce0a36e9dc38da6,exploratory,EXPLORATORY POST-HOC; raw p; no Holm
503,v2_exploratory_posthoc,v2_exploratory_posthoc/exploratory_similarity,spearman_pooled_eqw__neg_euclidean__V_Q3,regulatory_histone_dnase_v1,regulatory_histone_dnase_v1,cpgpt_large_locus,cpgpt_large_locus,0.150869,0.1341933425,0.1677495375,"95% percentile bootstrap over 22 chromosome blocks (B=1000, seed 17); coarse by design (frozen protocol sec.0)",0.001998001998,,False,delta = regulatory_histone_dnase_v1 - comparator (higher-is-better metric),outputs/biological_validation_v2/bioval-v2-protocol-freeze-v1/exploratory_posthoc_loyfer/contrasts/similarity__regulatory_histone_dnase_v1__vs__cpgpt_large_locus.csv,af955b4eb032e20f9947bdc36c7ec5b8572ee85ea2bc2e659eee43f91de388c1,exploratory,EXPLORATORY POST-HOC; raw p; no Holm
504,v2_exploratory_posthoc,v2_exploratory_posthoc/exploratory_similarity,spearman_pooled_eqw__neg_euclidean__V_Q3,regulatory_histone_dnase_v1,regulatory_histone_dnase_v1,deepcpg_dna_locus,deepcpg_dna_locus,0.1502487169,0.1372508825,0.1656435541,"95% percentile bootstrap over 22 chromosome blocks (B=1000, seed 17); coarse by design (frozen protocol sec.0)",0.001998001998,,False,delta = regulatory_histone_dnase_v1 - comparator (higher-is-better metric),outputs/biological_validation_v2/bioval-v2-protocol-freeze-v1/exploratory_posthoc_loyfer/contrasts/similarity__regulatory_histone_dnase_v1__vs__deepcpg_dna_locus.csv,2b0ed213fe6055b3cda9eed9bc7e98c68d77585e382bfd761d7d73eb778ea377,exploratory,EXPLORATORY POST-HOC; raw p; no Holm
505,v2_exploratory_posthoc,v2_exploratory_posthoc/exploratory_similarity,spearman_pooled_eqw__neg_euclidean__V_Q3,regulatory_histone_dnase_v1,regulatory_histone_dnase_v1,functional_annotations_pca,functional_annotations_pca,-0.0008557755252,-0.002164858524,0.0003093574171,"95% percentile bootstrap over 22 chromosome blocks (B=1000, seed 17); coarse by design (frozen protocol sec.0)",0.1718281718,,False,delta = regulatory_histone_dnase_v1 - comparator (higher-is-better metric),outputs/biological_validation_v2/bioval-v2-protocol-freeze-v1/exploratory_posthoc_loyfer/contrasts/similarity__regulatory_histone_dnase_v1__vs__functional_annotations_pca.csv,56167635967edd3d6ede518e5eddc1fcd532652735cd585e6ce0a36e9dc38da6,exploratory,EXPLORATORY POST-HOC; raw p; no Holm
506,v2_exploratory_posthoc,v2_exploratory_posthoc/exploratory_similarity,spearman_pooled_eqw__neg_euclidean__V_Q4,regulatory_histone_dnase_v1,regulatory_histone_dnase_v1,cpgpt_large_locus,cpgpt_large_locus,0.03466490722,0.01749009931,0.05006720835,"95% percentile bootstrap over 22 chromosome blocks (B=1000, seed 17); coarse by design (frozen protocol sec.0)",0.001998001998,,False,delta = regulatory_histone_dnase_v1 - comparator (higher-is-better metric),outputs/biological_validation_v2/bioval-v2-protocol-freeze-v1/exploratory_posthoc_loyfer/contrasts/similarity__regulatory_histone_dnase_v1__vs__cpgpt_large_locus.csv,af955b4eb032e20f9947bdc36c7ec5b8572ee85ea2bc2e659eee43f91de388c1,exploratory,EXPLORATORY POST-HOC; raw p; no Holm
507,v2_exploratory_posthoc,v2_exploratory_posthoc/exploratory_similarity,spearman_pooled_eqw__neg_euclidean__V_Q4,regulatory_histone_dnase_v1,regulatory_histone_dnase_v1,deepcpg_dna_locus,deepcpg_dna_locus,0.06585179592,0.0552021255,0.0764103944,"95% percentile bootstrap over 22 chromosome blocks (B=1000, seed 17); coarse by design (frozen protocol sec.0)",0.001998001998,,False,delta = regulatory_histone_dnase_v1 - comparator (higher-is-better metric),outputs/biological_validation_v2/bioval-v2-protocol-freeze-v1/exploratory_posthoc_loyfer/contrasts/similarity__regulatory_histone_dnase_v1__vs__deepcpg_dna_locus.csv,2b0ed213fe6055b3cda9eed9bc7e98c68d77585e382bfd761d7d73eb778ea377,exploratory,EXPLORATORY POST-HOC; raw p; no Holm
508,v2_exploratory_posthoc,v2_exploratory_posthoc/exploratory_similarity,spearman_pooled_eqw__neg_euclidean__V_Q4,regulatory_histone_dnase_v1,regulatory_histone_dnase_v1,functional_annotations_pca,functional_annotations_pca,0.002442169573,0.001045478408,0.003846076636,"95% percentile bootstrap over 22 chromosome blocks (B=1000, seed 17); coarse by design (frozen protocol sec.0)",0.001998001998,,False,delta = regulatory_histone_dnase_v1 - comparator (higher-is-better metric),outputs/biological_validation_v2/bioval-v2-protocol-freeze-v1/exploratory_posthoc_loyfer/contrasts/similarity__regulatory_histone_dnase_v1__vs__functional_annotations_pca.csv,56167635967edd3d6ede518e5eddc1fcd532652735cd585e6ce0a36e9dc38da6,exploratory,EXPLORATORY POST-HOC; raw p; no Holm
509,v2_exploratory_posthoc,v2_exploratory_posthoc/exploratory_similarity,spearman_pooled_eqw__neg_euclidean__V_top10pct,regulatory_histone_dnase_v1,regulatory_histone_dnase_v1,cpgpt_large_locus,cpgpt_large_locus,-0.02870711401,-0.05343873427,-0.002216583964,"95% percentile bootstrap over 22 chromosome blocks (B=1000, seed 17); coarse by design (frozen protocol sec.0)",0.03796203796,,False,delta = regulatory_histone_dnase_v1 - comparator (higher-is-better metric),outputs/biological_validation_v2/bioval-v2-protocol-freeze-v1/exploratory_posthoc_loyfer/contrasts/similarity__regulatory_histone_dnase_v1__vs__cpgpt_large_locus.csv,af955b4eb032e20f9947bdc36c7ec5b8572ee85ea2bc2e659eee43f91de388c1,exploratory,EXPLORATORY POST-HOC; raw p; no Holm
510,v2_exploratory_posthoc,v2_exploratory_posthoc/exploratory_similarity,spearman_pooled_eqw__neg_euclidean__V_top10pct,regulatory_histone_dnase_v1,regulatory_histone_dnase_v1,deepcpg_dna_locus,deepcpg_dna_locus,0.04112351586,0.02632891551,0.05672142472,"95% percentile bootstrap over 22 chromosome blocks (B=1000, seed 17); coarse by design (frozen protocol sec.0)",0.001998001998,,False,delta = regulatory_histone_dnase_v1 - comparator (higher-is-better metric),outputs/biological_validation_v2/bioval-v2-protocol-freeze-v1/exploratory_posthoc_loyfer/contrasts/similarity__regulatory_histone_dnase_v1__vs__deepcpg_dna_locus.csv,2b0ed213fe6055b3cda9eed9bc7e98c68d77585e382bfd761d7d73eb778ea377,exploratory,EXPLORATORY POST-HOC; raw p; no Holm
511,v2_exploratory_posthoc,v2_exploratory_posthoc/exploratory_similarity,spearman_pooled_eqw__neg_euclidean__V_top10pct,regulatory_histone_dnase_v1,regulatory_histone_dnase_v1,functional_annotations_pca,functional_annotations_pca,0.003358957147,4.183588287e-05,0.006664945641,"95% percentile bootstrap over 22 chromosome blocks (B=1000, seed 17); coarse by design (frozen protocol sec.0)",0.04595404595,,False,delta = regulatory_histone_dnase_v1 - comparator (higher-is-better metric),outputs/biological_validation_v2/bioval-v2-protocol-freeze-v1/exploratory_posthoc_loyfer/contrasts/similarity__regulatory_histone_dnase_v1__vs__functional_annotations_pca.csv,56167635967edd3d6ede518e5eddc1fcd532652735cd585e6ce0a36e9dc38da6,exploratory,EXPLORATORY POST-HOC; raw p; no Holm
512,v2_exploratory_posthoc,v2_exploratory_posthoc/exploratory_similarity,spearman_pooled_eqw__neg_euclidean__all,regulatory_histone_dnase_v1,regulatory_histone_dnase_v1,cpgpt_large_locus,cpgpt_large_locus,0.125664522,0.1173662467,0.1350441653,"95% percentile bootstrap over 22 chromosome blocks (B=1000, seed 17); coarse by design (frozen protocol sec.0)",0.001998001998,,False,delta = regulatory_histone_dnase_v1 - comparator (higher-is-better metric),outputs/biological_validation_v2/bioval-v2-protocol-freeze-v1/exploratory_posthoc_loyfer/contrasts/similarity__regulatory_histone_dnase_v1__vs__cpgpt_large_locus.csv,af955b4eb032e20f9947bdc36c7ec5b8572ee85ea2bc2e659eee43f91de388c1,exploratory,EXPLORATORY POST-HOC; raw p; no Holm
513,v2_exploratory_posthoc,v2_exploratory_posthoc/exploratory_similarity,spearman_pooled_eqw__neg_euclidean__all,regulatory_histone_dnase_v1,regulatory_histone_dnase_v1,deepcpg_dna_locus,deepcpg_dna_locus,0.0841032441,0.07793032066,0.09074817157,"95% percentile bootstrap over 22 chromosome blocks (B=1000, seed 17); coarse by design (frozen protocol sec.0)",0.001998001998,,False,delta = regulatory_histone_dnase_v1 - comparator (higher-is-better metric),outputs/biological_validation_v2/bioval-v2-protocol-freeze-v1/exploratory_posthoc_loyfer/contrasts/similarity__regulatory_histone_dnase_v1__vs__deepcpg_dna_locus.csv,2b0ed213fe6055b3cda9eed9bc7e98c68d77585e382bfd761d7d73eb778ea377,exploratory,EXPLORATORY POST-HOC; raw p; no Holm
514,v2_exploratory_posthoc,v2_exploratory_posthoc/exploratory_similarity,spearman_pooled_eqw__neg_euclidean__all,regulatory_histone_dnase_v1,regulatory_histone_dnase_v1,functional_annotations_pca,functional_annotations_pca,-0.006907467373,-0.008198936405,-0.005765729982,"95% percentile bootstrap over 22 chromosome blocks (B=1000, seed 17); coarse by design (frozen protocol sec.0)",0.001998001998,,False,delta = regulatory_histone_dnase_v1 - comparator (higher-is-better metric),outputs/biological_validation_v2/bioval-v2-protocol-freeze-v1/exploratory_posthoc_loyfer/contrasts/similarity__regulatory_histone_dnase_v1__vs__functional_annotations_pca.csv,56167635967edd3d6ede518e5eddc1fcd532652735cd585e6ce0a36e9dc38da6,exploratory,EXPLORATORY POST-HOC; raw p; no Holm
515,v2_exploratory_posthoc,v2_exploratory_posthoc/exploratory_similarity,spearman_pooled_eqw__pc1_removed_cosine__M_Q1,regulatory_histone_dnase_v1,regulatory_histone_dnase_v1,cpgpt_large_locus,cpgpt_large_locus,0.02049041044,0.0009450924933,0.03784955754,"95% percentile bootstrap over 22 chromosome blocks (B=1000, seed 17); coarse by design (frozen protocol sec.0)",0.03996003996,,False,delta = regulatory_histone_dnase_v1 - comparator (higher-is-better metric),outputs/biological_validation_v2/bioval-v2-protocol-freeze-v1/exploratory_posthoc_loyfer/contrasts/similarity__regulatory_histone_dnase_v1__vs__cpgpt_large_locus.csv,af955b4eb032e20f9947bdc36c7ec5b8572ee85ea2bc2e659eee43f91de388c1,exploratory,EXPLORATORY POST-HOC; raw p; no Holm
516,v2_exploratory_posthoc,v2_exploratory_posthoc/exploratory_similarity,spearman_pooled_eqw__pc1_removed_cosine__M_Q1,regulatory_histone_dnase_v1,regulatory_histone_dnase_v1,deepcpg_dna_locus,deepcpg_dna_locus,0.0433204287,0.02630281936,0.06162999418,"95% percentile bootstrap over 22 chromosome blocks (B=1000, seed 17); coarse by design (frozen protocol sec.0)",0.001998001998,,False,delta = regulatory_histone_dnase_v1 - comparator (higher-is-better metric),outputs/biological_validation_v2/bioval-v2-protocol-freeze-v1/exploratory_posthoc_loyfer/contrasts/similarity__regulatory_histone_dnase_v1__vs__deepcpg_dna_locus.csv,2b0ed213fe6055b3cda9eed9bc7e98c68d77585e382bfd761d7d73eb778ea377,exploratory,EXPLORATORY POST-HOC; raw p; no Holm
517,v2_exploratory_posthoc,v2_exploratory_posthoc/exploratory_similarity,spearman_pooled_eqw__pc1_removed_cosine__M_Q1,regulatory_histone_dnase_v1,regulatory_histone_dnase_v1,functional_annotations_pca,functional_annotations_pca,-0.002045675225,-0.006409976236,0.002180963143,"95% percentile bootstrap over 22 chromosome blocks (B=1000, seed 17); coarse by design (frozen protocol sec.0)",0.3516483516,,False,delta = regulatory_histone_dnase_v1 - comparator (higher-is-better metric),outputs/biological_validation_v2/bioval-v2-protocol-freeze-v1/exploratory_posthoc_loyfer/contrasts/similarity__regulatory_histone_dnase_v1__vs__functional_annotations_pca.csv,56167635967edd3d6ede518e5eddc1fcd532652735cd585e6ce0a36e9dc38da6,exploratory,EXPLORATORY POST-HOC; raw p; no Holm
518,v2_exploratory_posthoc,v2_exploratory_posthoc/exploratory_similarity,spearman_pooled_eqw__pc1_removed_cosine__M_Q2,regulatory_histone_dnase_v1,regulatory_histone_dnase_v1,cpgpt_large_locus,cpgpt_large_locus,-0.05215891737,-0.06701188444,-0.0378851941,"95% percentile bootstrap over 22 chromosome blocks (B=1000, seed 17); coarse by design (frozen protocol sec.0)",0.001998001998,,False,delta = regulatory_histone_dnase_v1 - comparator (higher-is-better metric),outputs/biological_validation_v2/bioval-v2-protocol-freeze-v1/exploratory_posthoc_loyfer/contrasts/similarity__regulatory_histone_dnase_v1__vs__cpgpt_large_locus.csv,af955b4eb032e20f9947bdc36c7ec5b8572ee85ea2bc2e659eee43f91de388c1,exploratory,EXPLORATORY POST-HOC; raw p; no Holm
519,v2_exploratory_posthoc,v2_exploratory_posthoc/exploratory_similarity,spearman_pooled_eqw__pc1_removed_cosine__M_Q2,regulatory_histone_dnase_v1,regulatory_histone_dnase_v1,deepcpg_dna_locus,deepcpg_dna_locus,-0.04002053795,-0.06143656804,-0.02074330406,"95% percentile bootstrap over 22 chromosome blocks (B=1000, seed 17); coarse by design (frozen protocol sec.0)",0.001998001998,,False,delta = regulatory_histone_dnase_v1 - comparator (higher-is-better metric),outputs/biological_validation_v2/bioval-v2-protocol-freeze-v1/exploratory_posthoc_loyfer/contrasts/similarity__regulatory_histone_dnase_v1__vs__deepcpg_dna_locus.csv,2b0ed213fe6055b3cda9eed9bc7e98c68d77585e382bfd761d7d73eb778ea377,exploratory,EXPLORATORY POST-HOC; raw p; no Holm
520,v2_exploratory_posthoc,v2_exploratory_posthoc/exploratory_similarity,spearman_pooled_eqw__pc1_removed_cosine__M_Q2,regulatory_histone_dnase_v1,regulatory_histone_dnase_v1,functional_annotations_pca,functional_annotations_pca,-8.765864177e-05,-0.003647565527,0.002998860479,"95% percentile bootstrap over 22 chromosome blocks (B=1000, seed 17); coarse by design (frozen protocol sec.0)",0.959040959,,False,delta = regulatory_histone_dnase_v1 - comparator (higher-is-better metric),outputs/biological_validation_v2/bioval-v2-protocol-freeze-v1/exploratory_posthoc_loyfer/contrasts/similarity__regulatory_histone_dnase_v1__vs__functional_annotations_pca.csv,56167635967edd3d6ede518e5eddc1fcd532652735cd585e6ce0a36e9dc38da6,exploratory,EXPLORATORY POST-HOC; raw p; no Holm
521,v2_exploratory_posthoc,v2_exploratory_posthoc/exploratory_similarity,spearman_pooled_eqw__pc1_removed_cosine__M_Q3,regulatory_histone_dnase_v1,regulatory_histone_dnase_v1,cpgpt_large_locus,cpgpt_large_locus,-0.05502877817,-0.06524037602,-0.04487702707,"95% percentile bootstrap over 22 chromosome blocks (B=1000, seed 17); coarse by design (frozen protocol sec.0)",0.001998001998,,False,delta = regulatory_histone_dnase_v1 - comparator (higher-is-better metric),outputs/biological_validation_v2/bioval-v2-protocol-freeze-v1/exploratory_posthoc_loyfer/contrasts/similarity__regulatory_histone_dnase_v1__vs__cpgpt_large_locus.csv,af955b4eb032e20f9947bdc36c7ec5b8572ee85ea2bc2e659eee43f91de388c1,exploratory,EXPLORATORY POST-HOC; raw p; no Holm
522,v2_exploratory_posthoc,v2_exploratory_posthoc/exploratory_similarity,spearman_pooled_eqw__pc1_removed_cosine__M_Q3,regulatory_histone_dnase_v1,regulatory_histone_dnase_v1,deepcpg_dna_locus,deepcpg_dna_locus,-0.0275040241,-0.03988180033,-0.01403791661,"95% percentile bootstrap over 22 chromosome blocks (B=1000, seed 17); coarse by design (frozen protocol sec.0)",0.001998001998,,False,delta = regulatory_histone_dnase_v1 - comparator (higher-is-better metric),outputs/biological_validation_v2/bioval-v2-protocol-freeze-v1/exploratory_posthoc_loyfer/contrasts/similarity__regulatory_histone_dnase_v1__vs__deepcpg_dna_locus.csv,2b0ed213fe6055b3cda9eed9bc7e98c68d77585e382bfd761d7d73eb778ea377,exploratory,EXPLORATORY POST-HOC; raw p; no Holm
523,v2_exploratory_posthoc,v2_exploratory_posthoc/exploratory_similarity,spearman_pooled_eqw__pc1_removed_cosine__M_Q3,regulatory_histone_dnase_v1,regulatory_histone_dnase_v1,functional_annotations_pca,functional_annotations_pca,-0.005757814106,-0.007699145264,-0.003833227902,"95% percentile bootstrap over 22 chromosome blocks (B=1000, seed 17); coarse by design (frozen protocol sec.0)",0.001998001998,,False,delta = regulatory_histone_dnase_v1 - comparator (higher-is-better metric),outputs/biological_validation_v2/bioval-v2-protocol-freeze-v1/exploratory_posthoc_loyfer/contrasts/similarity__regulatory_histone_dnase_v1__vs__functional_annotations_pca.csv,56167635967edd3d6ede518e5eddc1fcd532652735cd585e6ce0a36e9dc38da6,exploratory,EXPLORATORY POST-HOC; raw p; no Holm
524,v2_exploratory_posthoc,v2_exploratory_posthoc/exploratory_similarity,spearman_pooled_eqw__pc1_removed_cosine__M_Q4,regulatory_histone_dnase_v1,regulatory_histone_dnase_v1,cpgpt_large_locus,cpgpt_large_locus,0.1232118459,0.1047804153,0.1438338384,"95% percentile bootstrap over 22 chromosome blocks (B=1000, seed 17); coarse by design (frozen protocol sec.0)",0.001998001998,,False,delta = regulatory_histone_dnase_v1 - comparator (higher-is-better metric),outputs/biological_validation_v2/bioval-v2-protocol-freeze-v1/exploratory_posthoc_loyfer/contrasts/similarity__regulatory_histone_dnase_v1__vs__cpgpt_large_locus.csv,af955b4eb032e20f9947bdc36c7ec5b8572ee85ea2bc2e659eee43f91de388c1,exploratory,EXPLORATORY POST-HOC; raw p; no Holm
525,v2_exploratory_posthoc,v2_exploratory_posthoc/exploratory_similarity,spearman_pooled_eqw__pc1_removed_cosine__M_Q4,regulatory_histone_dnase_v1,regulatory_histone_dnase_v1,deepcpg_dna_locus,deepcpg_dna_locus,0.1471861436,0.1282916073,0.1702485922,"95% percentile bootstrap over 22 chromosome blocks (B=1000, seed 17); coarse by design (frozen protocol sec.0)",0.001998001998,,False,delta = regulatory_histone_dnase_v1 - comparator (higher-is-better metric),outputs/biological_validation_v2/bioval-v2-protocol-freeze-v1/exploratory_posthoc_loyfer/contrasts/similarity__regulatory_histone_dnase_v1__vs__deepcpg_dna_locus.csv,2b0ed213fe6055b3cda9eed9bc7e98c68d77585e382bfd761d7d73eb778ea377,exploratory,EXPLORATORY POST-HOC; raw p; no Holm
526,v2_exploratory_posthoc,v2_exploratory_posthoc/exploratory_similarity,spearman_pooled_eqw__pc1_removed_cosine__M_Q4,regulatory_histone_dnase_v1,regulatory_histone_dnase_v1,functional_annotations_pca,functional_annotations_pca,-0.008748564141,-0.01024141744,-0.007501163912,"95% percentile bootstrap over 22 chromosome blocks (B=1000, seed 17); coarse by design (frozen protocol sec.0)",0.001998001998,,False,delta = regulatory_histone_dnase_v1 - comparator (higher-is-better metric),outputs/biological_validation_v2/bioval-v2-protocol-freeze-v1/exploratory_posthoc_loyfer/contrasts/similarity__regulatory_histone_dnase_v1__vs__functional_annotations_pca.csv,56167635967edd3d6ede518e5eddc1fcd532652735cd585e6ce0a36e9dc38da6,exploratory,EXPLORATORY POST-HOC; raw p; no Holm
527,v2_exploratory_posthoc,v2_exploratory_posthoc/exploratory_similarity,spearman_pooled_eqw__pc1_removed_cosine__V_Q1,regulatory_histone_dnase_v1,regulatory_histone_dnase_v1,cpgpt_large_locus,cpgpt_large_locus,0.004651880758,-0.007012538157,0.01523069523,"95% percentile bootstrap over 22 chromosome blocks (B=1000, seed 17); coarse by design (frozen protocol sec.0)",0.4415584416,,False,delta = regulatory_histone_dnase_v1 - comparator (higher-is-better metric),outputs/biological_validation_v2/bioval-v2-protocol-freeze-v1/exploratory_posthoc_loyfer/contrasts/similarity__regulatory_histone_dnase_v1__vs__cpgpt_large_locus.csv,af955b4eb032e20f9947bdc36c7ec5b8572ee85ea2bc2e659eee43f91de388c1,exploratory,EXPLORATORY POST-HOC; raw p; no Holm
528,v2_exploratory_posthoc,v2_exploratory_posthoc/exploratory_similarity,spearman_pooled_eqw__pc1_removed_cosine__V_Q1,regulatory_histone_dnase_v1,regulatory_histone_dnase_v1,deepcpg_dna_locus,deepcpg_dna_locus,0.001506202063,-0.01605061085,0.019621014,"95% percentile bootstrap over 22 chromosome blocks (B=1000, seed 17); coarse by design (frozen protocol sec.0)",0.8551448551,,False,delta = regulatory_histone_dnase_v1 - comparator (higher-is-better metric),outputs/biological_validation_v2/bioval-v2-protocol-freeze-v1/exploratory_posthoc_loyfer/contrasts/similarity__regulatory_histone_dnase_v1__vs__deepcpg_dna_locus.csv,2b0ed213fe6055b3cda9eed9bc7e98c68d77585e382bfd761d7d73eb778ea377,exploratory,EXPLORATORY POST-HOC; raw p; no Holm
529,v2_exploratory_posthoc,v2_exploratory_posthoc/exploratory_similarity,spearman_pooled_eqw__pc1_removed_cosine__V_Q1,regulatory_histone_dnase_v1,regulatory_histone_dnase_v1,functional_annotations_pca,functional_annotations_pca,-0.001942008548,-0.005560007548,0.002272739012,"95% percentile bootstrap over 22 chromosome blocks (B=1000, seed 17); coarse by design (frozen protocol sec.0)",0.3156843157,,False,delta = regulatory_histone_dnase_v1 - comparator (higher-is-better metric),outputs/biological_validation_v2/bioval-v2-protocol-freeze-v1/exploratory_posthoc_loyfer/contrasts/similarity__regulatory_histone_dnase_v1__vs__functional_annotations_pca.csv,56167635967edd3d6ede518e5eddc1fcd532652735cd585e6ce0a36e9dc38da6,exploratory,EXPLORATORY POST-HOC; raw p; no Holm
530,v2_exploratory_posthoc,v2_exploratory_posthoc/exploratory_similarity,spearman_pooled_eqw__pc1_removed_cosine__V_Q2,regulatory_histone_dnase_v1,regulatory_histone_dnase_v1,cpgpt_large_locus,cpgpt_large_locus,-0.0008536275448,-0.01945993841,0.01788464134,"95% percentile bootstrap over 22 chromosome blocks (B=1000, seed 17); coarse by design (frozen protocol sec.0)",0.9370629371,,False,delta = regulatory_histone_dnase_v1 - comparator (higher-is-better metric),outputs/biological_validation_v2/bioval-v2-protocol-freeze-v1/exploratory_posthoc_loyfer/contrasts/similarity__regulatory_histone_dnase_v1__vs__cpgpt_large_locus.csv,af955b4eb032e20f9947bdc36c7ec5b8572ee85ea2bc2e659eee43f91de388c1,exploratory,EXPLORATORY POST-HOC; raw p; no Holm
531,v2_exploratory_posthoc,v2_exploratory_posthoc/exploratory_similarity,spearman_pooled_eqw__pc1_removed_cosine__V_Q2,regulatory_histone_dnase_v1,regulatory_histone_dnase_v1,deepcpg_dna_locus,deepcpg_dna_locus,-0.005698326734,-0.02111050976,0.01307676875,"95% percentile bootstrap over 22 chromosome blocks (B=1000, seed 17); coarse by design (frozen protocol sec.0)",0.5514485514,,False,delta = regulatory_histone_dnase_v1 - comparator (higher-is-better metric),outputs/biological_validation_v2/bioval-v2-protocol-freeze-v1/exploratory_posthoc_loyfer/contrasts/similarity__regulatory_histone_dnase_v1__vs__deepcpg_dna_locus.csv,2b0ed213fe6055b3cda9eed9bc7e98c68d77585e382bfd761d7d73eb778ea377,exploratory,EXPLORATORY POST-HOC; raw p; no Holm
532,v2_exploratory_posthoc,v2_exploratory_posthoc/exploratory_similarity,spearman_pooled_eqw__pc1_removed_cosine__V_Q2,regulatory_histone_dnase_v1,regulatory_histone_dnase_v1,functional_annotations_pca,functional_annotations_pca,-0.006834973768,-0.009381161691,-0.004143264428,"95% percentile bootstrap over 22 chromosome blocks (B=1000, seed 17); coarse by design (frozen protocol sec.0)",0.001998001998,,False,delta = regulatory_histone_dnase_v1 - comparator (higher-is-better metric),outputs/biological_validation_v2/bioval-v2-protocol-freeze-v1/exploratory_posthoc_loyfer/contrasts/similarity__regulatory_histone_dnase_v1__vs__functional_annotations_pca.csv,56167635967edd3d6ede518e5eddc1fcd532652735cd585e6ce0a36e9dc38da6,exploratory,EXPLORATORY POST-HOC; raw p; no Holm
533,v2_exploratory_posthoc,v2_exploratory_posthoc/exploratory_similarity,spearman_pooled_eqw__pc1_removed_cosine__V_Q3,regulatory_histone_dnase_v1,regulatory_histone_dnase_v1,cpgpt_large_locus,cpgpt_large_locus,0.08280454058,0.06743241365,0.09919654902,"95% percentile bootstrap over 22 chromosome blocks (B=1000, seed 17); coarse by design (frozen protocol sec.0)",0.001998001998,,False,delta = regulatory_histone_dnase_v1 - comparator (higher-is-better metric),outputs/biological_validation_v2/bioval-v2-protocol-freeze-v1/exploratory_posthoc_loyfer/contrasts/similarity__regulatory_histone_dnase_v1__vs__cpgpt_large_locus.csv,af955b4eb032e20f9947bdc36c7ec5b8572ee85ea2bc2e659eee43f91de388c1,exploratory,EXPLORATORY POST-HOC; raw p; no Holm
534,v2_exploratory_posthoc,v2_exploratory_posthoc/exploratory_similarity,spearman_pooled_eqw__pc1_removed_cosine__V_Q3,regulatory_histone_dnase_v1,regulatory_histone_dnase_v1,deepcpg_dna_locus,deepcpg_dna_locus,0.08502350855,0.06729024041,0.1039667543,"95% percentile bootstrap over 22 chromosome blocks (B=1000, seed 17); coarse by design (frozen protocol sec.0)",0.001998001998,,False,delta = regulatory_histone_dnase_v1 - comparator (higher-is-better metric),outputs/biological_validation_v2/bioval-v2-protocol-freeze-v1/exploratory_posthoc_loyfer/contrasts/similarity__regulatory_histone_dnase_v1__vs__deepcpg_dna_locus.csv,2b0ed213fe6055b3cda9eed9bc7e98c68d77585e382bfd761d7d73eb778ea377,exploratory,EXPLORATORY POST-HOC; raw p; no Holm
535,v2_exploratory_posthoc,v2_exploratory_posthoc/exploratory_similarity,spearman_pooled_eqw__pc1_removed_cosine__V_Q3,regulatory_histone_dnase_v1,regulatory_histone_dnase_v1,functional_annotations_pca,functional_annotations_pca,-0.01281844238,-0.01500881273,-0.01084525159,"95% percentile bootstrap over 22 chromosome blocks (B=1000, seed 17); coarse by design (frozen protocol sec.0)",0.001998001998,,False,delta = regulatory_histone_dnase_v1 - comparator (higher-is-better metric),outputs/biological_validation_v2/bioval-v2-protocol-freeze-v1/exploratory_posthoc_loyfer/contrasts/similarity__regulatory_histone_dnase_v1__vs__functional_annotations_pca.csv,56167635967edd3d6ede518e5eddc1fcd532652735cd585e6ce0a36e9dc38da6,exploratory,EXPLORATORY POST-HOC; raw p; no Holm
536,v2_exploratory_posthoc,v2_exploratory_posthoc/exploratory_similarity,spearman_pooled_eqw__pc1_removed_cosine__V_Q4,regulatory_histone_dnase_v1,regulatory_histone_dnase_v1,cpgpt_large_locus,cpgpt_large_locus,0.01160127361,-0.005744634097,0.03112486351,"95% percentile bootstrap over 22 chromosome blocks (B=1000, seed 17); coarse by design (frozen protocol sec.0)",0.1878121878,,False,delta = regulatory_histone_dnase_v1 - comparator (higher-is-better metric),outputs/biological_validation_v2/bioval-v2-protocol-freeze-v1/exploratory_posthoc_loyfer/contrasts/similarity__regulatory_histone_dnase_v1__vs__cpgpt_large_locus.csv,af955b4eb032e20f9947bdc36c7ec5b8572ee85ea2bc2e659eee43f91de388c1,exploratory,EXPLORATORY POST-HOC; raw p; no Holm
537,v2_exploratory_posthoc,v2_exploratory_posthoc/exploratory_similarity,spearman_pooled_eqw__pc1_removed_cosine__V_Q4,regulatory_histone_dnase_v1,regulatory_histone_dnase_v1,deepcpg_dna_locus,deepcpg_dna_locus,0.0734684414,0.05789104049,0.09155098376,"95% percentile bootstrap over 22 chromosome blocks (B=1000, seed 17); coarse by design (frozen protocol sec.0)",0.001998001998,,False,delta = regulatory_histone_dnase_v1 - comparator (higher-is-better metric),outputs/biological_validation_v2/bioval-v2-protocol-freeze-v1/exploratory_posthoc_loyfer/contrasts/similarity__regulatory_histone_dnase_v1__vs__deepcpg_dna_locus.csv,2b0ed213fe6055b3cda9eed9bc7e98c68d77585e382bfd761d7d73eb778ea377,exploratory,EXPLORATORY POST-HOC; raw p; no Holm
538,v2_exploratory_posthoc,v2_exploratory_posthoc/exploratory_similarity,spearman_pooled_eqw__pc1_removed_cosine__V_Q4,regulatory_histone_dnase_v1,regulatory_histone_dnase_v1,functional_annotations_pca,functional_annotations_pca,-0.002390130271,-0.003855544221,-0.001013520525,"95% percentile bootstrap over 22 chromosome blocks (B=1000, seed 17); coarse by design (frozen protocol sec.0)",0.003996003996,,False,delta = regulatory_histone_dnase_v1 - comparator (higher-is-better metric),outputs/biological_validation_v2/bioval-v2-protocol-freeze-v1/exploratory_posthoc_loyfer/contrasts/similarity__regulatory_histone_dnase_v1__vs__functional_annotations_pca.csv,56167635967edd3d6ede518e5eddc1fcd532652735cd585e6ce0a36e9dc38da6,exploratory,EXPLORATORY POST-HOC; raw p; no Holm
539,v2_exploratory_posthoc,v2_exploratory_posthoc/exploratory_similarity,spearman_pooled_eqw__pc1_removed_cosine__V_top10pct,regulatory_histone_dnase_v1,regulatory_histone_dnase_v1,cpgpt_large_locus,cpgpt_large_locus,-0.01079702646,-0.03317365613,0.01606015248,"95% percentile bootstrap over 22 chromosome blocks (B=1000, seed 17); coarse by design (frozen protocol sec.0)",0.3756243756,,False,delta = regulatory_histone_dnase_v1 - comparator (higher-is-better metric),outputs/biological_validation_v2/bioval-v2-protocol-freeze-v1/exploratory_posthoc_loyfer/contrasts/similarity__regulatory_histone_dnase_v1__vs__cpgpt_large_locus.csv,af955b4eb032e20f9947bdc36c7ec5b8572ee85ea2bc2e659eee43f91de388c1,exploratory,EXPLORATORY POST-HOC; raw p; no Holm
540,v2_exploratory_posthoc,v2_exploratory_posthoc/exploratory_similarity,spearman_pooled_eqw__pc1_removed_cosine__V_top10pct,regulatory_histone_dnase_v1,regulatory_histone_dnase_v1,deepcpg_dna_locus,deepcpg_dna_locus,0.09939428355,0.07895874125,0.1204799732,"95% percentile bootstrap over 22 chromosome blocks (B=1000, seed 17); coarse by design (frozen protocol sec.0)",0.001998001998,,False,delta = regulatory_histone_dnase_v1 - comparator (higher-is-better metric),outputs/biological_validation_v2/bioval-v2-protocol-freeze-v1/exploratory_posthoc_loyfer/contrasts/similarity__regulatory_histone_dnase_v1__vs__deepcpg_dna_locus.csv,2b0ed213fe6055b3cda9eed9bc7e98c68d77585e382bfd761d7d73eb778ea377,exploratory,EXPLORATORY POST-HOC; raw p; no Holm
541,v2_exploratory_posthoc,v2_exploratory_posthoc/exploratory_similarity,spearman_pooled_eqw__pc1_removed_cosine__V_top10pct,regulatory_histone_dnase_v1,regulatory_histone_dnase_v1,functional_annotations_pca,functional_annotations_pca,9.663333121e-05,-0.002265422455,0.00228251843,"95% percentile bootstrap over 22 chromosome blocks (B=1000, seed 17); coarse by design (frozen protocol sec.0)",0.9430569431,,False,delta = regulatory_histone_dnase_v1 - comparator (higher-is-better metric),outputs/biological_validation_v2/bioval-v2-protocol-freeze-v1/exploratory_posthoc_loyfer/contrasts/similarity__regulatory_histone_dnase_v1__vs__functional_annotations_pca.csv,56167635967edd3d6ede518e5eddc1fcd532652735cd585e6ce0a36e9dc38da6,exploratory,EXPLORATORY POST-HOC; raw p; no Holm
542,v2_exploratory_posthoc,v2_exploratory_posthoc/exploratory_similarity,spearman_pooled_eqw__pc1_removed_cosine__all,regulatory_histone_dnase_v1,regulatory_histone_dnase_v1,cpgpt_large_locus,cpgpt_large_locus,0.01348694659,0.003236750246,0.02458861896,"95% percentile bootstrap over 22 chromosome blocks (B=1000, seed 17); coarse by design (frozen protocol sec.0)",0.00999000999,,False,delta = regulatory_histone_dnase_v1 - comparator (higher-is-better metric),outputs/biological_validation_v2/bioval-v2-protocol-freeze-v1/exploratory_posthoc_loyfer/contrasts/similarity__regulatory_histone_dnase_v1__vs__cpgpt_large_locus.csv,af955b4eb032e20f9947bdc36c7ec5b8572ee85ea2bc2e659eee43f91de388c1,exploratory,EXPLORATORY POST-HOC; raw p; no Holm
543,v2_exploratory_posthoc,v2_exploratory_posthoc/exploratory_similarity,spearman_pooled_eqw__pc1_removed_cosine__all,regulatory_histone_dnase_v1,regulatory_histone_dnase_v1,deepcpg_dna_locus,deepcpg_dna_locus,0.01030623021,0.0008968395613,0.02148870289,"95% percentile bootstrap over 22 chromosome blocks (B=1000, seed 17); coarse by design (frozen protocol sec.0)",0.03596403596,,False,delta = regulatory_histone_dnase_v1 - comparator (higher-is-better metric),outputs/biological_validation_v2/bioval-v2-protocol-freeze-v1/exploratory_posthoc_loyfer/contrasts/similarity__regulatory_histone_dnase_v1__vs__deepcpg_dna_locus.csv,2b0ed213fe6055b3cda9eed9bc7e98c68d77585e382bfd761d7d73eb778ea377,exploratory,EXPLORATORY POST-HOC; raw p; no Holm
544,v2_exploratory_posthoc,v2_exploratory_posthoc/exploratory_similarity,spearman_pooled_eqw__pc1_removed_cosine__all,regulatory_histone_dnase_v1,regulatory_histone_dnase_v1,functional_annotations_pca,functional_annotations_pca,-0.007760230354,-0.009309558435,-0.006300031893,"95% percentile bootstrap over 22 chromosome blocks (B=1000, seed 17); coarse by design (frozen protocol sec.0)",0.001998001998,,False,delta = regulatory_histone_dnase_v1 - comparator (higher-is-better metric),outputs/biological_validation_v2/bioval-v2-protocol-freeze-v1/exploratory_posthoc_loyfer/contrasts/similarity__regulatory_histone_dnase_v1__vs__functional_annotations_pca.csv,56167635967edd3d6ede518e5eddc1fcd532652735cd585e6ce0a36e9dc38da6,exploratory,EXPLORATORY POST-HOC; raw p; no Holm
545,v2_frozen,v2_frozen/compartment_E1_probe_GM12878_100kb,r2_oof,regulatory_histone_dnase_v1,regulatory_histone_dnase_v1,cpgpt_large_locus,cpgpt_large_locus,0.2669091557,0.2195677943,0.3074813902,"95% percentile bootstrap over 22 chromosome blocks (B=1000, seed 17); coarse by design (frozen protocol sec.0)",0.001998001998,,False,delta = regulatory_histone_dnase_v1 - comparator (higher-is-better metric),outputs/biological_validation_v2/bioval-v2-protocol-freeze-v1/contrasts/regulatory_histone_dnase_v1__vs__cpgpt_large_locus.csv,31bc77010f6819c37e3c9f4991b7ac7c019b7a3e02b59c4fc37d053b884d3d19,frozen,stat_class=secondary; supports_regulatory=nan
546,v2_frozen,v2_frozen/compartment_E1_probe_GM12878_100kb,r2_oof,regulatory_histone_dnase_v1,regulatory_histone_dnase_v1,deepcpg_dna_locus,deepcpg_dna_locus,0.3100580148,0.2470706035,0.3640678692,"95% percentile bootstrap over 22 chromosome blocks (B=1000, seed 17); coarse by design (frozen protocol sec.0)",0.001998001998,,False,delta = regulatory_histone_dnase_v1 - comparator (higher-is-better metric),outputs/biological_validation_v2/bioval-v2-protocol-freeze-v1/contrasts/regulatory_histone_dnase_v1__vs__deepcpg_dna_locus.csv,1cb7844dcfc990ed7447d0503e34fdb76b9a17e8af37c9da06e94c7fc62e584a,frozen,stat_class=secondary; supports_regulatory=nan
547,v2_frozen,v2_frozen/compartment_E1_probe_GM12878_100kb,r2_oof,regulatory_histone_dnase_v1,regulatory_histone_dnase_v1,functional_annotations_pca,functional_annotations_pca,-0.003593131272,-0.00742085546,0.001488699586,"95% percentile bootstrap over 22 chromosome blocks (B=1000, seed 17); coarse by design (frozen protocol sec.0)",0.1758241758,,False,delta = regulatory_histone_dnase_v1 - comparator (higher-is-better metric),outputs/biological_validation_v2/bioval-v2-protocol-freeze-v1/contrasts/regulatory_histone_dnase_v1__vs__functional_annotations_pca.csv,474b40d32c6b29c806ad1da59dd3e3c4482d4853338ac09904cbab3ab7692d25,frozen,stat_class=secondary; supports_regulatory=nan
548,v2_frozen,v2_frozen/compartment_E1_probe_GM12878_100kb,spearman_E1_vs_oof_pred,regulatory_histone_dnase_v1,regulatory_histone_dnase_v1,cpgpt_large_locus,cpgpt_large_locus,0.210303524,0.1866251514,0.2372267926,"95% percentile bootstrap over 22 chromosome blocks (B=1000, seed 17); coarse by design (frozen protocol sec.0)",0.001998001998,,False,delta = regulatory_histone_dnase_v1 - comparator (higher-is-better metric),outputs/biological_validation_v2/bioval-v2-protocol-freeze-v1/contrasts/regulatory_histone_dnase_v1__vs__cpgpt_large_locus.csv,31bc77010f6819c37e3c9f4991b7ac7c019b7a3e02b59c4fc37d053b884d3d19,frozen,stat_class=secondary; supports_regulatory=nan
549,v2_frozen,v2_frozen/compartment_E1_probe_GM12878_100kb,spearman_E1_vs_oof_pred,regulatory_histone_dnase_v1,regulatory_histone_dnase_v1,deepcpg_dna_locus,deepcpg_dna_locus,0.33379609,0.2855296155,0.3818711232,"95% percentile bootstrap over 22 chromosome blocks (B=1000, seed 17); coarse by design (frozen protocol sec.0)",0.001998001998,,False,delta = regulatory_histone_dnase_v1 - comparator (higher-is-better metric),outputs/biological_validation_v2/bioval-v2-protocol-freeze-v1/contrasts/regulatory_histone_dnase_v1__vs__deepcpg_dna_locus.csv,1cb7844dcfc990ed7447d0503e34fdb76b9a17e8af37c9da06e94c7fc62e584a,frozen,stat_class=secondary; supports_regulatory=nan
550,v2_frozen,v2_frozen/compartment_E1_probe_GM12878_100kb,spearman_E1_vs_oof_pred,regulatory_histone_dnase_v1,regulatory_histone_dnase_v1,functional_annotations_pca,functional_annotations_pca,-0.007991398707,-0.01199448635,-0.00384867512,"95% percentile bootstrap over 22 chromosome blocks (B=1000, seed 17); coarse by design (frozen protocol sec.0)",0.001998001998,,False,delta = regulatory_histone_dnase_v1 - comparator (higher-is-better metric),outputs/biological_validation_v2/bioval-v2-protocol-freeze-v1/contrasts/regulatory_histone_dnase_v1__vs__functional_annotations_pca.csv,474b40d32c6b29c806ad1da59dd3e3c4482d4853338ac09904cbab3ab7692d25,frozen,stat_class=secondary; supports_regulatory=nan
551,v2_frozen,v2_frozen/compartment_E1_probe_H1_100kb,r2_oof,regulatory_histone_dnase_v1,regulatory_histone_dnase_v1,cpgpt_large_locus,cpgpt_large_locus,0.1035305052,0.0602691499,0.1336400758,"95% percentile bootstrap over 22 chromosome blocks (B=1000, seed 17); coarse by design (frozen protocol sec.0)",0.001998001998,,False,delta = regulatory_histone_dnase_v1 - comparator (higher-is-better metric),outputs/biological_validation_v2/bioval-v2-protocol-freeze-v1/contrasts/regulatory_histone_dnase_v1__vs__cpgpt_large_locus.csv,31bc77010f6819c37e3c9f4991b7ac7c019b7a3e02b59c4fc37d053b884d3d19,frozen,stat_class=secondary; supports_regulatory=nan
552,v2_frozen,v2_frozen/compartment_E1_probe_H1_100kb,r2_oof,regulatory_histone_dnase_v1,regulatory_histone_dnase_v1,deepcpg_dna_locus,deepcpg_dna_locus,0.1066876335,0.05812168861,0.1403199375,"95% percentile bootstrap over 22 chromosome blocks (B=1000, seed 17); coarse by design (frozen protocol sec.0)",0.001998001998,,False,delta = regulatory_histone_dnase_v1 - comparator (higher-is-better metric),outputs/biological_validation_v2/bioval-v2-protocol-freeze-v1/contrasts/regulatory_histone_dnase_v1__vs__deepcpg_dna_locus.csv,1cb7844dcfc990ed7447d0503e34fdb76b9a17e8af37c9da06e94c7fc62e584a,frozen,stat_class=secondary; supports_regulatory=nan
553,v2_frozen,v2_frozen/compartment_E1_probe_H1_100kb,r2_oof,regulatory_histone_dnase_v1,regulatory_histone_dnase_v1,functional_annotations_pca,functional_annotations_pca,-0.00340066296,-0.009899152262,0.006302992058,"95% percentile bootstrap over 22 chromosome blocks (B=1000, seed 17); coarse by design (frozen protocol sec.0)",0.3936063936,,False,delta = regulatory_histone_dnase_v1 - comparator (higher-is-better metric),outputs/biological_validation_v2/bioval-v2-protocol-freeze-v1/contrasts/regulatory_histone_dnase_v1__vs__functional_annotations_pca.csv,474b40d32c6b29c806ad1da59dd3e3c4482d4853338ac09904cbab3ab7692d25,frozen,stat_class=secondary; supports_regulatory=nan
554,v2_frozen,v2_frozen/compartment_E1_probe_H1_100kb,spearman_E1_vs_oof_pred,regulatory_histone_dnase_v1,regulatory_histone_dnase_v1,cpgpt_large_locus,cpgpt_large_locus,0.1058393977,0.0866449558,0.1236049284,"95% percentile bootstrap over 22 chromosome blocks (B=1000, seed 17); coarse by design (frozen protocol sec.0)",0.001998001998,,False,delta = regulatory_histone_dnase_v1 - comparator (higher-is-better metric),outputs/biological_validation_v2/bioval-v2-protocol-freeze-v1/contrasts/regulatory_histone_dnase_v1__vs__cpgpt_large_locus.csv,31bc77010f6819c37e3c9f4991b7ac7c019b7a3e02b59c4fc37d053b884d3d19,frozen,stat_class=secondary; supports_regulatory=nan
555,v2_frozen,v2_frozen/compartment_E1_probe_H1_100kb,spearman_E1_vs_oof_pred,regulatory_histone_dnase_v1,regulatory_histone_dnase_v1,deepcpg_dna_locus,deepcpg_dna_locus,0.1445426649,0.1193993892,0.1699475519,"95% percentile bootstrap over 22 chromosome blocks (B=1000, seed 17); coarse by design (frozen protocol sec.0)",0.001998001998,,False,delta = regulatory_histone_dnase_v1 - comparator (higher-is-better metric),outputs/biological_validation_v2/bioval-v2-protocol-freeze-v1/contrasts/regulatory_histone_dnase_v1__vs__deepcpg_dna_locus.csv,1cb7844dcfc990ed7447d0503e34fdb76b9a17e8af37c9da06e94c7fc62e584a,frozen,stat_class=secondary; supports_regulatory=nan
556,v2_frozen,v2_frozen/compartment_E1_probe_H1_100kb,spearman_E1_vs_oof_pred,regulatory_histone_dnase_v1,regulatory_histone_dnase_v1,functional_annotations_pca,functional_annotations_pca,-0.007441091166,-0.01308600745,-0.00169579655,"95% percentile bootstrap over 22 chromosome blocks (B=1000, seed 17); coarse by design (frozen protocol sec.0)",0.01398601399,,False,delta = regulatory_histone_dnase_v1 - comparator (higher-is-better metric),outputs/biological_validation_v2/bioval-v2-protocol-freeze-v1/contrasts/regulatory_histone_dnase_v1__vs__functional_annotations_pca.csv,474b40d32c6b29c806ad1da59dd3e3c4482d4853338ac09904cbab3ab7692d25,frozen,stat_class=secondary; supports_regulatory=nan
557,v2_frozen,v2_frozen/fantom5_activity_similarity,spearman_all_pairs,regulatory_histone_dnase_v1,regulatory_histone_dnase_v1,cpgpt_large_locus,cpgpt_large_locus,0.1617421857,0.1496030677,0.1747145267,"95% percentile bootstrap over 22 chromosome blocks (B=1000, seed 17); coarse by design (frozen protocol sec.0)",0.001998001998,,False,delta = regulatory_histone_dnase_v1 - comparator (higher-is-better metric),outputs/biological_validation_v2/bioval-v2-protocol-freeze-v1/contrasts/regulatory_histone_dnase_v1__vs__cpgpt_large_locus.csv,31bc77010f6819c37e3c9f4991b7ac7c019b7a3e02b59c4fc37d053b884d3d19,frozen,stat_class=secondary; supports_regulatory=nan
558,v2_frozen,v2_frozen/fantom5_activity_similarity,spearman_all_pairs,regulatory_histone_dnase_v1,regulatory_histone_dnase_v1,deepcpg_dna_locus,deepcpg_dna_locus,0.2842525305,0.2667773665,0.3020394633,"95% percentile bootstrap over 22 chromosome blocks (B=1000, seed 17); coarse by design (frozen protocol sec.0)",0.001998001998,,False,delta = regulatory_histone_dnase_v1 - comparator (higher-is-better metric),outputs/biological_validation_v2/bioval-v2-protocol-freeze-v1/contrasts/regulatory_histone_dnase_v1__vs__deepcpg_dna_locus.csv,1cb7844dcfc990ed7447d0503e34fdb76b9a17e8af37c9da06e94c7fc62e584a,frozen,stat_class=secondary; supports_regulatory=nan
559,v2_frozen,v2_frozen/fantom5_activity_similarity,spearman_all_pairs,regulatory_histone_dnase_v1,regulatory_histone_dnase_v1,functional_annotations_pca,functional_annotations_pca,-0.006787938475,-0.008113256417,-0.005533975737,"95% percentile bootstrap over 22 chromosome blocks (B=1000, seed 17); coarse by design (frozen protocol sec.0)",0.001998001998,,False,delta = regulatory_histone_dnase_v1 - comparator (higher-is-better metric),outputs/biological_validation_v2/bioval-v2-protocol-freeze-v1/contrasts/regulatory_histone_dnase_v1__vs__functional_annotations_pca.csv,474b40d32c6b29c806ad1da59dd3e3c4482d4853338ac09904cbab3ab7692d25,frozen,stat_class=secondary; supports_regulatory=nan
560,v2_frozen,v2_frozen/fantom5_activity_similarity,spearman_inter,regulatory_histone_dnase_v1,regulatory_histone_dnase_v1,cpgpt_large_locus,cpgpt_large_locus,0.1359124951,0.1258425328,0.1476870168,"95% percentile bootstrap over 22 chromosome blocks (B=1000, seed 17); coarse by design (frozen protocol sec.0)",0.001998001998,,False,delta = regulatory_histone_dnase_v1 - comparator (higher-is-better metric),outputs/biological_validation_v2/bioval-v2-protocol-freeze-v1/contrasts/regulatory_histone_dnase_v1__vs__cpgpt_large_locus.csv,31bc77010f6819c37e3c9f4991b7ac7c019b7a3e02b59c4fc37d053b884d3d19,frozen,stat_class=descriptive; supports_regulatory=nan
561,v2_frozen,v2_frozen/fantom5_activity_similarity,spearman_inter,regulatory_histone_dnase_v1,regulatory_histone_dnase_v1,deepcpg_dna_locus,deepcpg_dna_locus,0.2279392275,0.2160538875,0.2389027512,"95% percentile bootstrap over 22 chromosome blocks (B=1000, seed 17); coarse by design (frozen protocol sec.0)",0.001998001998,,False,delta = regulatory_histone_dnase_v1 - comparator (higher-is-better metric),outputs/biological_validation_v2/bioval-v2-protocol-freeze-v1/contrasts/regulatory_histone_dnase_v1__vs__deepcpg_dna_locus.csv,1cb7844dcfc990ed7447d0503e34fdb76b9a17e8af37c9da06e94c7fc62e584a,frozen,stat_class=descriptive; supports_regulatory=nan
562,v2_frozen,v2_frozen/fantom5_activity_similarity,spearman_inter,regulatory_histone_dnase_v1,regulatory_histone_dnase_v1,functional_annotations_pca,functional_annotations_pca,-0.005943278187,-0.007265683061,-0.004722664439,"95% percentile bootstrap over 22 chromosome blocks (B=1000, seed 17); coarse by design (frozen protocol sec.0)",0.001998001998,,False,delta = regulatory_histone_dnase_v1 - comparator (higher-is-better metric),outputs/biological_validation_v2/bioval-v2-protocol-freeze-v1/contrasts/regulatory_histone_dnase_v1__vs__functional_annotations_pca.csv,474b40d32c6b29c806ad1da59dd3e3c4482d4853338ac09904cbab3ab7692d25,frozen,stat_class=descriptive; supports_regulatory=nan
563,v2_frozen,v2_frozen/fantom5_activity_similarity,spearman_intra,regulatory_histone_dnase_v1,regulatory_histone_dnase_v1,cpgpt_large_locus,cpgpt_large_locus,0.1883180629,0.1704589221,0.2090615177,"95% percentile bootstrap over 22 chromosome blocks (B=1000, seed 17); coarse by design (frozen protocol sec.0)",0.001998001998,,False,delta = regulatory_histone_dnase_v1 - comparator (higher-is-better metric),outputs/biological_validation_v2/bioval-v2-protocol-freeze-v1/contrasts/regulatory_histone_dnase_v1__vs__cpgpt_large_locus.csv,31bc77010f6819c37e3c9f4991b7ac7c019b7a3e02b59c4fc37d053b884d3d19,frozen,stat_class=descriptive; supports_regulatory=nan
564,v2_frozen,v2_frozen/fantom5_activity_similarity,spearman_intra,regulatory_histone_dnase_v1,regulatory_histone_dnase_v1,deepcpg_dna_locus,deepcpg_dna_locus,0.3453775604,0.3145132082,0.3773228127,"95% percentile bootstrap over 22 chromosome blocks (B=1000, seed 17); coarse by design (frozen protocol sec.0)",0.001998001998,,False,delta = regulatory_histone_dnase_v1 - comparator (higher-is-better metric),outputs/biological_validation_v2/bioval-v2-protocol-freeze-v1/contrasts/regulatory_histone_dnase_v1__vs__deepcpg_dna_locus.csv,1cb7844dcfc990ed7447d0503e34fdb76b9a17e8af37c9da06e94c7fc62e584a,frozen,stat_class=descriptive; supports_regulatory=nan
565,v2_frozen,v2_frozen/fantom5_activity_similarity,spearman_intra,regulatory_histone_dnase_v1,regulatory_histone_dnase_v1,functional_annotations_pca,functional_annotations_pca,-0.007230541313,-0.008862704238,-0.005498142782,"95% percentile bootstrap over 22 chromosome blocks (B=1000, seed 17); coarse by design (frozen protocol sec.0)",0.001998001998,,False,delta = regulatory_histone_dnase_v1 - comparator (higher-is-better metric),outputs/biological_validation_v2/bioval-v2-protocol-freeze-v1/contrasts/regulatory_histone_dnase_v1__vs__functional_annotations_pca.csv,474b40d32c6b29c806ad1da59dd3e3c4482d4853338ac09904cbab3ab7692d25,frozen,stat_class=descriptive; supports_regulatory=nan
566,v2_frozen,v2_frozen/fantom5_membership,auroc_oof_bg_enh5k,regulatory_histone_dnase_v1,regulatory_histone_dnase_v1,cpgpt_large_locus,cpgpt_large_locus,0.1321851499,0.1229664626,0.1410682308,"95% percentile bootstrap over 22 chromosome blocks (B=1000, seed 17); coarse by design (frozen protocol sec.0)",0.001998001998,0.0079920079920079,True,delta = regulatory_histone_dnase_v1 - comparator (higher-is-better metric),outputs/biological_validation_v2/bioval-v2-protocol-freeze-v1/contrasts/regulatory_histone_dnase_v1__vs__cpgpt_large_locus.csv,31bc77010f6819c37e3c9f4991b7ac7c019b7a3e02b59c4fc37d053b884d3d19,frozen,stat_class=primary; supports_regulatory=True
567,v2_frozen,v2_frozen/fantom5_membership,auroc_oof_bg_enh5k,regulatory_histone_dnase_v1,regulatory_histone_dnase_v1,deepcpg_dna_locus,deepcpg_dna_locus,0.2101495645,0.1975655597,0.2232283074,"95% percentile bootstrap over 22 chromosome blocks (B=1000, seed 17); coarse by design (frozen protocol sec.0)",0.001998001998,0.0079920079920079,True,delta = regulatory_histone_dnase_v1 - comparator (higher-is-better metric),outputs/biological_validation_v2/bioval-v2-protocol-freeze-v1/contrasts/regulatory_histone_dnase_v1__vs__deepcpg_dna_locus.csv,1cb7844dcfc990ed7447d0503e34fdb76b9a17e8af37c9da06e94c7fc62e584a,frozen,stat_class=primary; supports_regulatory=True
568,v2_frozen,v2_frozen/fantom5_membership,auroc_oof_bg_enh5k,regulatory_histone_dnase_v1,regulatory_histone_dnase_v1,functional_annotations_pca,functional_annotations_pca,-0.01667299283,-0.02007520159,-0.01296528904,"95% percentile bootstrap over 22 chromosome blocks (B=1000, seed 17); coarse by design (frozen protocol sec.0)",0.001998001998,0.0079920079920079,True,delta = regulatory_histone_dnase_v1 - comparator (higher-is-better metric),outputs/biological_validation_v2/bioval-v2-protocol-freeze-v1/contrasts/regulatory_histone_dnase_v1__vs__functional_annotations_pca.csv,474b40d32c6b29c806ad1da59dd3e3c4482d4853338ac09904cbab3ab7692d25,frozen,stat_class=primary; supports_regulatory=False
569,v2_frozen,v2_frozen/fantom5_membership__tss5k_pool,auroc_oof__tss5k_pool,regulatory_histone_dnase_v1,regulatory_histone_dnase_v1,cpgpt_large_locus,cpgpt_large_locus,0.1320413941,0.1159500807,0.1482604183,"95% percentile bootstrap over 22 chromosome blocks (B=1000, seed 17); coarse by design (frozen protocol sec.0)",0.001998001998,,False,delta = regulatory_histone_dnase_v1 - comparator (higher-is-better metric),outputs/biological_validation_v2/bioval-v2-protocol-freeze-v1/contrasts/regulatory_histone_dnase_v1__vs__cpgpt_large_locus.csv,31bc77010f6819c37e3c9f4991b7ac7c019b7a3e02b59c4fc37d053b884d3d19,frozen,stat_class=sensitivity; supports_regulatory=nan
570,v2_frozen,v2_frozen/fantom5_membership__tss5k_pool,auroc_oof__tss5k_pool,regulatory_histone_dnase_v1,regulatory_histone_dnase_v1,deepcpg_dna_locus,deepcpg_dna_locus,0.2808995987,0.2636962868,0.2981908431,"95% percentile bootstrap over 22 chromosome blocks (B=1000, seed 17); coarse by design (frozen protocol sec.0)",0.001998001998,,False,delta = regulatory_histone_dnase_v1 - comparator (higher-is-better metric),outputs/biological_validation_v2/bioval-v2-protocol-freeze-v1/contrasts/regulatory_histone_dnase_v1__vs__deepcpg_dna_locus.csv,1cb7844dcfc990ed7447d0503e34fdb76b9a17e8af37c9da06e94c7fc62e584a,frozen,stat_class=sensitivity; supports_regulatory=nan
571,v2_frozen,v2_frozen/fantom5_membership__tss5k_pool,auroc_oof__tss5k_pool,regulatory_histone_dnase_v1,regulatory_histone_dnase_v1,functional_annotations_pca,functional_annotations_pca,-0.01755505469,-0.02159324332,-0.01365247862,"95% percentile bootstrap over 22 chromosome blocks (B=1000, seed 17); coarse by design (frozen protocol sec.0)",0.001998001998,,False,delta = regulatory_histone_dnase_v1 - comparator (higher-is-better metric),outputs/biological_validation_v2/bioval-v2-protocol-freeze-v1/contrasts/regulatory_histone_dnase_v1__vs__functional_annotations_pca.csv,474b40d32c6b29c806ad1da59dd3e3c4482d4853338ac09904cbab3ab7692d25,frozen,stat_class=sensitivity; supports_regulatory=nan
572,v2_frozen,v2_frozen/fantom5_membership__win500,auroc_oof__win500,regulatory_histone_dnase_v1,regulatory_histone_dnase_v1,cpgpt_large_locus,cpgpt_large_locus,0.1109022456,0.09963098034,0.1203612598,"95% percentile bootstrap over 22 chromosome blocks (B=1000, seed 17); coarse by design (frozen protocol sec.0)",0.001998001998,,False,delta = regulatory_histone_dnase_v1 - comparator (higher-is-better metric),outputs/biological_validation_v2/bioval-v2-protocol-freeze-v1/contrasts/regulatory_histone_dnase_v1__vs__cpgpt_large_locus.csv,31bc77010f6819c37e3c9f4991b7ac7c019b7a3e02b59c4fc37d053b884d3d19,frozen,stat_class=sensitivity; supports_regulatory=nan
573,v2_frozen,v2_frozen/fantom5_membership__win500,auroc_oof__win500,regulatory_histone_dnase_v1,regulatory_histone_dnase_v1,deepcpg_dna_locus,deepcpg_dna_locus,0.1755947862,0.1673021234,0.1839068909,"95% percentile bootstrap over 22 chromosome blocks (B=1000, seed 17); coarse by design (frozen protocol sec.0)",0.001998001998,,False,delta = regulatory_histone_dnase_v1 - comparator (higher-is-better metric),outputs/biological_validation_v2/bioval-v2-protocol-freeze-v1/contrasts/regulatory_histone_dnase_v1__vs__deepcpg_dna_locus.csv,1cb7844dcfc990ed7447d0503e34fdb76b9a17e8af37c9da06e94c7fc62e584a,frozen,stat_class=sensitivity; supports_regulatory=nan
574,v2_frozen,v2_frozen/fantom5_membership__win500,auroc_oof__win500,regulatory_histone_dnase_v1,regulatory_histone_dnase_v1,functional_annotations_pca,functional_annotations_pca,-0.01456889319,-0.01653347452,-0.01275090388,"95% percentile bootstrap over 22 chromosome blocks (B=1000, seed 17); coarse by design (frozen protocol sec.0)",0.001998001998,,False,delta = regulatory_histone_dnase_v1 - comparator (higher-is-better metric),outputs/biological_validation_v2/bioval-v2-protocol-freeze-v1/contrasts/regulatory_histone_dnase_v1__vs__functional_annotations_pca.csv,474b40d32c6b29c806ad1da59dd3e3c4482d4853338ac09904cbab3ab7692d25,frozen,stat_class=sensitivity; supports_regulatory=nan
575,v2_frozen,v2_frozen/loyfer_marker_knn,enrichment_github_U25_U250,regulatory_histone_dnase_v1,regulatory_histone_dnase_v1,cpgpt_large_locus,cpgpt_large_locus,451.8613159,319.3802934,635.7706866,"95% percentile bootstrap over 22 chromosome blocks (B=1000, seed 17); coarse by design (frozen protocol sec.0)",0.001998001998,,False,delta = regulatory_histone_dnase_v1 - comparator (higher-is-better metric),outputs/biological_validation_v2/bioval-v2-protocol-freeze-v1/contrasts/regulatory_histone_dnase_v1__vs__cpgpt_large_locus.csv,31bc77010f6819c37e3c9f4991b7ac7c019b7a3e02b59c4fc37d053b884d3d19,frozen,stat_class=secondary; supports_regulatory=nan
576,v2_frozen,v2_frozen/loyfer_marker_knn,enrichment_github_U25_U250,regulatory_histone_dnase_v1,regulatory_histone_dnase_v1,deepcpg_dna_locus,deepcpg_dna_locus,1223.220532,903.5211344,1659.839006,"95% percentile bootstrap over 22 chromosome blocks (B=1000, seed 17); coarse by design (frozen protocol sec.0)",0.001998001998,,False,delta = regulatory_histone_dnase_v1 - comparator (higher-is-better metric),outputs/biological_validation_v2/bioval-v2-protocol-freeze-v1/contrasts/regulatory_histone_dnase_v1__vs__deepcpg_dna_locus.csv,1cb7844dcfc990ed7447d0503e34fdb76b9a17e8af37c9da06e94c7fc62e584a,frozen,stat_class=secondary; supports_regulatory=nan
577,v2_frozen,v2_frozen/loyfer_marker_knn,enrichment_github_U25_U250,regulatory_histone_dnase_v1,regulatory_histone_dnase_v1,functional_annotations_pca,functional_annotations_pca,2.282127858,-29.61859488,33.63110972,"95% percentile bootstrap over 22 chromosome blocks (B=1000, seed 17); coarse by design (frozen protocol sec.0)",0.9270729271,,False,delta = regulatory_histone_dnase_v1 - comparator (higher-is-better metric),outputs/biological_validation_v2/bioval-v2-protocol-freeze-v1/contrasts/regulatory_histone_dnase_v1__vs__functional_annotations_pca.csv,474b40d32c6b29c806ad1da59dd3e3c4482d4853338ac09904cbab3ab7692d25,frozen,stat_class=secondary; supports_regulatory=nan
578,v2_frozen,v2_frozen/loyfer_marker_knn,enrichment_github_U25_only,regulatory_histone_dnase_v1,regulatory_histone_dnase_v1,cpgpt_large_locus,cpgpt_large_locus,480.3399819,0,946.9114811,"95% percentile bootstrap over 22 chromosome blocks (B=1000, seed 17); coarse by design (frozen protocol sec.0)",0.06793206793,,False,delta = regulatory_histone_dnase_v1 - comparator (higher-is-better metric),outputs/biological_validation_v2/bioval-v2-protocol-freeze-v1/contrasts/regulatory_histone_dnase_v1__vs__cpgpt_large_locus.csv,31bc77010f6819c37e3c9f4991b7ac7c019b7a3e02b59c4fc37d053b884d3d19,frozen,stat_class=sensitivity; supports_regulatory=nan
579,v2_frozen,v2_frozen/loyfer_marker_knn,enrichment_github_U25_only,regulatory_histone_dnase_v1,regulatory_histone_dnase_v1,deepcpg_dna_locus,deepcpg_dna_locus,4692.552131,3419.674294,5641.223279,"95% percentile bootstrap over 22 chromosome blocks (B=1000, seed 17); coarse by design (frozen protocol sec.0)",0.001998001998,,False,delta = regulatory_histone_dnase_v1 - comparator (higher-is-better metric),outputs/biological_validation_v2/bioval-v2-protocol-freeze-v1/contrasts/regulatory_histone_dnase_v1__vs__deepcpg_dna_locus.csv,1cb7844dcfc990ed7447d0503e34fdb76b9a17e8af37c9da06e94c7fc62e584a,frozen,stat_class=sensitivity; supports_regulatory=nan
580,v2_frozen,v2_frozen/loyfer_marker_knn,enrichment_github_U25_only,regulatory_histone_dnase_v1,regulatory_histone_dnase_v1,functional_annotations_pca,functional_annotations_pca,-110.8476881,-415.5228519,147.0286069,"95% percentile bootstrap over 22 chromosome blocks (B=1000, seed 17); coarse by design (frozen protocol sec.0)",0.5474525475,,False,delta = regulatory_histone_dnase_v1 - comparator (higher-is-better metric),outputs/biological_validation_v2/bioval-v2-protocol-freeze-v1/contrasts/regulatory_histone_dnase_v1__vs__functional_annotations_pca.csv,474b40d32c6b29c806ad1da59dd3e3c4482d4853338ac09904cbab3ab7692d25,frozen,stat_class=sensitivity; supports_regulatory=nan
581,v2_frozen,v2_frozen/loyfer_marker_knn,enrichment_paper_lifted_U25_U250,regulatory_histone_dnase_v1,regulatory_histone_dnase_v1,cpgpt_large_locus,cpgpt_large_locus,436.0083851,337.2671917,547.6335457,"95% percentile bootstrap over 22 chromosome blocks (B=1000, seed 17); coarse by design (frozen protocol sec.0)",0.001998001998,,False,delta = regulatory_histone_dnase_v1 - comparator (higher-is-better metric),outputs/biological_validation_v2/bioval-v2-protocol-freeze-v1/contrasts/regulatory_histone_dnase_v1__vs__cpgpt_large_locus.csv,31bc77010f6819c37e3c9f4991b7ac7c019b7a3e02b59c4fc37d053b884d3d19,frozen,stat_class=sensitivity; supports_regulatory=nan
582,v2_frozen,v2_frozen/loyfer_marker_knn,enrichment_paper_lifted_U25_U250,regulatory_histone_dnase_v1,regulatory_histone_dnase_v1,deepcpg_dna_locus,deepcpg_dna_locus,1126.845995,988.7360314,1276.852988,"95% percentile bootstrap over 22 chromosome blocks (B=1000, seed 17); coarse by design (frozen protocol sec.0)",0.001998001998,,False,delta = regulatory_histone_dnase_v1 - comparator (higher-is-better metric),outputs/biological_validation_v2/bioval-v2-protocol-freeze-v1/contrasts/regulatory_histone_dnase_v1__vs__deepcpg_dna_locus.csv,1cb7844dcfc990ed7447d0503e34fdb76b9a17e8af37c9da06e94c7fc62e584a,frozen,stat_class=sensitivity; supports_regulatory=nan
583,v2_frozen,v2_frozen/loyfer_marker_knn,enrichment_paper_lifted_U25_U250,regulatory_histone_dnase_v1,regulatory_histone_dnase_v1,functional_annotations_pca,functional_annotations_pca,4.419003903,-29.819489,35.11414764,"95% percentile bootstrap over 22 chromosome blocks (B=1000, seed 17); coarse by design (frozen protocol sec.0)",0.8211788212,,False,delta = regulatory_histone_dnase_v1 - comparator (higher-is-better metric),outputs/biological_validation_v2/bioval-v2-protocol-freeze-v1/contrasts/regulatory_histone_dnase_v1__vs__functional_annotations_pca.csv,474b40d32c6b29c806ad1da59dd3e3c4482d4853338ac09904cbab3ab7692d25,frozen,stat_class=sensitivity; supports_regulatory=nan
584,v2_frozen,v2_frozen/loyfer_profile,pearsoncorr_pooled_eqw__profile_pearson,regulatory_histone_dnase_v1,regulatory_histone_dnase_v1,cpgpt_large_locus,cpgpt_large_locus,-0.1766570911,-0.1878327949,-0.1659468693,"95% percentile bootstrap over 22 chromosome blocks (B=1000, seed 17); coarse by design (frozen protocol sec.0)",0.001998001998,,False,delta = regulatory_histone_dnase_v1 - comparator (higher-is-better metric),outputs/biological_validation_v2/bioval-v2-protocol-freeze-v1/contrasts/regulatory_histone_dnase_v1__vs__cpgpt_large_locus.csv,31bc77010f6819c37e3c9f4991b7ac7c019b7a3e02b59c4fc37d053b884d3d19,frozen,stat_class=sensitivity; supports_regulatory=nan
585,v2_frozen,v2_frozen/loyfer_profile,pearsoncorr_pooled_eqw__profile_pearson,regulatory_histone_dnase_v1,regulatory_histone_dnase_v1,deepcpg_dna_locus,deepcpg_dna_locus,-0.1698458938,-0.1845991057,-0.1542882649,"95% percentile bootstrap over 22 chromosome blocks (B=1000, seed 17); coarse by design (frozen protocol sec.0)",0.001998001998,,False,delta = regulatory_histone_dnase_v1 - comparator (higher-is-better metric),outputs/biological_validation_v2/bioval-v2-protocol-freeze-v1/contrasts/regulatory_histone_dnase_v1__vs__deepcpg_dna_locus.csv,1cb7844dcfc990ed7447d0503e34fdb76b9a17e8af37c9da06e94c7fc62e584a,frozen,stat_class=sensitivity; supports_regulatory=nan
586,v2_frozen,v2_frozen/loyfer_profile,pearsoncorr_pooled_eqw__profile_pearson,regulatory_histone_dnase_v1,regulatory_histone_dnase_v1,functional_annotations_pca,functional_annotations_pca,-0.01531275435,-0.01776988956,-0.01327510375,"95% percentile bootstrap over 22 chromosome blocks (B=1000, seed 17); coarse by design (frozen protocol sec.0)",0.001998001998,,False,delta = regulatory_histone_dnase_v1 - comparator (higher-is-better metric),outputs/biological_validation_v2/bioval-v2-protocol-freeze-v1/contrasts/regulatory_histone_dnase_v1__vs__functional_annotations_pca.csv,474b40d32c6b29c806ad1da59dd3e3c4482d4853338ac09904cbab3ab7692d25,frozen,stat_class=sensitivity; supports_regulatory=nan
587,v2_frozen,v2_frozen/loyfer_profile,spearman_1-10kb,regulatory_histone_dnase_v1,regulatory_histone_dnase_v1,cpgpt_large_locus,cpgpt_large_locus,-0.04081189535,-0.0538579847,-0.02645442346,"95% percentile bootstrap over 22 chromosome blocks (B=1000, seed 17); coarse by design (frozen protocol sec.0)",0.001998001998,,False,delta = regulatory_histone_dnase_v1 - comparator (higher-is-better metric),outputs/biological_validation_v2/bioval-v2-protocol-freeze-v1/contrasts/regulatory_histone_dnase_v1__vs__cpgpt_large_locus.csv,31bc77010f6819c37e3c9f4991b7ac7c019b7a3e02b59c4fc37d053b884d3d19,frozen,stat_class=descriptive; supports_regulatory=nan
588,v2_frozen,v2_frozen/loyfer_profile,spearman_1-10kb,regulatory_histone_dnase_v1,regulatory_histone_dnase_v1,deepcpg_dna_locus,deepcpg_dna_locus,-0.04243653133,-0.05632966181,-0.02800533986,"95% percentile bootstrap over 22 chromosome blocks (B=1000, seed 17); coarse by design (frozen protocol sec.0)",0.001998001998,,False,delta = regulatory_histone_dnase_v1 - comparator (higher-is-better metric),outputs/biological_validation_v2/bioval-v2-protocol-freeze-v1/contrasts/regulatory_histone_dnase_v1__vs__deepcpg_dna_locus.csv,1cb7844dcfc990ed7447d0503e34fdb76b9a17e8af37c9da06e94c7fc62e584a,frozen,stat_class=descriptive; supports_regulatory=nan
589,v2_frozen,v2_frozen/loyfer_profile,spearman_1-10kb,regulatory_histone_dnase_v1,regulatory_histone_dnase_v1,functional_annotations_pca,functional_annotations_pca,-0.01576369051,-0.0194501739,-0.01183915833,"95% percentile bootstrap over 22 chromosome blocks (B=1000, seed 17); coarse by design (frozen protocol sec.0)",0.001998001998,,False,delta = regulatory_histone_dnase_v1 - comparator (higher-is-better metric),outputs/biological_validation_v2/bioval-v2-protocol-freeze-v1/contrasts/regulatory_histone_dnase_v1__vs__functional_annotations_pca.csv,474b40d32c6b29c806ad1da59dd3e3c4482d4853338ac09904cbab3ab7692d25,frozen,stat_class=descriptive; supports_regulatory=nan
590,v2_frozen,v2_frozen/loyfer_profile,spearman_10-100kb,regulatory_histone_dnase_v1,regulatory_histone_dnase_v1,cpgpt_large_locus,cpgpt_large_locus,-0.1239965113,-0.1370899395,-0.1100077439,"95% percentile bootstrap over 22 chromosome blocks (B=1000, seed 17); coarse by design (frozen protocol sec.0)",0.001998001998,,False,delta = regulatory_histone_dnase_v1 - comparator (higher-is-better metric),outputs/biological_validation_v2/bioval-v2-protocol-freeze-v1/contrasts/regulatory_histone_dnase_v1__vs__cpgpt_large_locus.csv,31bc77010f6819c37e3c9f4991b7ac7c019b7a3e02b59c4fc37d053b884d3d19,frozen,stat_class=descriptive; supports_regulatory=nan
591,v2_frozen,v2_frozen/loyfer_profile,spearman_10-100kb,regulatory_histone_dnase_v1,regulatory_histone_dnase_v1,deepcpg_dna_locus,deepcpg_dna_locus,-0.1202816231,-0.132597414,-0.1055844717,"95% percentile bootstrap over 22 chromosome blocks (B=1000, seed 17); coarse by design (frozen protocol sec.0)",0.001998001998,,False,delta = regulatory_histone_dnase_v1 - comparator (higher-is-better metric),outputs/biological_validation_v2/bioval-v2-protocol-freeze-v1/contrasts/regulatory_histone_dnase_v1__vs__deepcpg_dna_locus.csv,1cb7844dcfc990ed7447d0503e34fdb76b9a17e8af37c9da06e94c7fc62e584a,frozen,stat_class=descriptive; supports_regulatory=nan
592,v2_frozen,v2_frozen/loyfer_profile,spearman_10-100kb,regulatory_histone_dnase_v1,regulatory_histone_dnase_v1,functional_annotations_pca,functional_annotations_pca,-0.02319474817,-0.02737010799,-0.01907460644,"95% percentile bootstrap over 22 chromosome blocks (B=1000, seed 17); coarse by design (frozen protocol sec.0)",0.001998001998,,False,delta = regulatory_histone_dnase_v1 - comparator (higher-is-better metric),outputs/biological_validation_v2/bioval-v2-protocol-freeze-v1/contrasts/regulatory_histone_dnase_v1__vs__functional_annotations_pca.csv,474b40d32c6b29c806ad1da59dd3e3c4482d4853338ac09904cbab3ab7692d25,frozen,stat_class=descriptive; supports_regulatory=nan
593,v2_frozen,v2_frozen/loyfer_profile,spearman_100kb-1Mb,regulatory_histone_dnase_v1,regulatory_histone_dnase_v1,cpgpt_large_locus,cpgpt_large_locus,-0.1492359192,-0.1646577163,-0.1309987174,"95% percentile bootstrap over 22 chromosome blocks (B=1000, seed 17); coarse by design (frozen protocol sec.0)",0.001998001998,,False,delta = regulatory_histone_dnase_v1 - comparator (higher-is-better metric),outputs/biological_validation_v2/bioval-v2-protocol-freeze-v1/contrasts/regulatory_histone_dnase_v1__vs__cpgpt_large_locus.csv,31bc77010f6819c37e3c9f4991b7ac7c019b7a3e02b59c4fc37d053b884d3d19,frozen,stat_class=descriptive; supports_regulatory=nan
594,v2_frozen,v2_frozen/loyfer_profile,spearman_100kb-1Mb,regulatory_histone_dnase_v1,regulatory_histone_dnase_v1,deepcpg_dna_locus,deepcpg_dna_locus,-0.1378720926,-0.1528132192,-0.1207297625,"95% percentile bootstrap over 22 chromosome blocks (B=1000, seed 17); coarse by design (frozen protocol sec.0)",0.001998001998,,False,delta = regulatory_histone_dnase_v1 - comparator (higher-is-better metric),outputs/biological_validation_v2/bioval-v2-protocol-freeze-v1/contrasts/regulatory_histone_dnase_v1__vs__deepcpg_dna_locus.csv,1cb7844dcfc990ed7447d0503e34fdb76b9a17e8af37c9da06e94c7fc62e584a,frozen,stat_class=descriptive; supports_regulatory=nan
595,v2_frozen,v2_frozen/loyfer_profile,spearman_100kb-1Mb,regulatory_histone_dnase_v1,regulatory_histone_dnase_v1,functional_annotations_pca,functional_annotations_pca,-0.02369719193,-0.02817173026,-0.01886841942,"95% percentile bootstrap over 22 chromosome blocks (B=1000, seed 17); coarse by design (frozen protocol sec.0)",0.001998001998,,False,delta = regulatory_histone_dnase_v1 - comparator (higher-is-better metric),outputs/biological_validation_v2/bioval-v2-protocol-freeze-v1/contrasts/regulatory_histone_dnase_v1__vs__functional_annotations_pca.csv,474b40d32c6b29c806ad1da59dd3e3c4482d4853338ac09904cbab3ab7692d25,frozen,stat_class=descriptive; supports_regulatory=nan
596,v2_frozen,v2_frozen/loyfer_profile,spearman_<1kb,regulatory_histone_dnase_v1,regulatory_histone_dnase_v1,cpgpt_large_locus,cpgpt_large_locus,0.1037318821,0.08435196687,0.1222093252,"95% percentile bootstrap over 22 chromosome blocks (B=1000, seed 17); coarse by design (frozen protocol sec.0)",0.001998001998,,False,delta = regulatory_histone_dnase_v1 - comparator (higher-is-better metric),outputs/biological_validation_v2/bioval-v2-protocol-freeze-v1/contrasts/regulatory_histone_dnase_v1__vs__cpgpt_large_locus.csv,31bc77010f6819c37e3c9f4991b7ac7c019b7a3e02b59c4fc37d053b884d3d19,frozen,stat_class=descriptive; supports_regulatory=nan
597,v2_frozen,v2_frozen/loyfer_profile,spearman_<1kb,regulatory_histone_dnase_v1,regulatory_histone_dnase_v1,deepcpg_dna_locus,deepcpg_dna_locus,0.04062057756,0.01931420991,0.06309817686,"95% percentile bootstrap over 22 chromosome blocks (B=1000, seed 17); coarse by design (frozen protocol sec.0)",0.001998001998,,False,delta = regulatory_histone_dnase_v1 - comparator (higher-is-better metric),outputs/biological_validation_v2/bioval-v2-protocol-freeze-v1/contrasts/regulatory_histone_dnase_v1__vs__deepcpg_dna_locus.csv,1cb7844dcfc990ed7447d0503e34fdb76b9a17e8af37c9da06e94c7fc62e584a,frozen,stat_class=descriptive; supports_regulatory=nan
598,v2_frozen,v2_frozen/loyfer_profile,spearman_<1kb,regulatory_histone_dnase_v1,regulatory_histone_dnase_v1,functional_annotations_pca,functional_annotations_pca,-0.05389968424,-0.05893649314,-0.04872786221,"95% percentile bootstrap over 22 chromosome blocks (B=1000, seed 17); coarse by design (frozen protocol sec.0)",0.001998001998,,False,delta = regulatory_histone_dnase_v1 - comparator (higher-is-better metric),outputs/biological_validation_v2/bioval-v2-protocol-freeze-v1/contrasts/regulatory_histone_dnase_v1__vs__functional_annotations_pca.csv,474b40d32c6b29c806ad1da59dd3e3c4482d4853338ac09904cbab3ab7692d25,frozen,stat_class=descriptive; supports_regulatory=nan
599,v2_frozen,v2_frozen/loyfer_profile,spearman_>1Mb,regulatory_histone_dnase_v1,regulatory_histone_dnase_v1,cpgpt_large_locus,cpgpt_large_locus,-0.1690263781,-0.1857706543,-0.1496941693,"95% percentile bootstrap over 22 chromosome blocks (B=1000, seed 17); coarse by design (frozen protocol sec.0)",0.001998001998,,False,delta = regulatory_histone_dnase_v1 - comparator (higher-is-better metric),outputs/biological_validation_v2/bioval-v2-protocol-freeze-v1/contrasts/regulatory_histone_dnase_v1__vs__cpgpt_large_locus.csv,31bc77010f6819c37e3c9f4991b7ac7c019b7a3e02b59c4fc37d053b884d3d19,frozen,stat_class=descriptive; supports_regulatory=nan
600,v2_frozen,v2_frozen/loyfer_profile,spearman_>1Mb,regulatory_histone_dnase_v1,regulatory_histone_dnase_v1,deepcpg_dna_locus,deepcpg_dna_locus,-0.1758105213,-0.1963775225,-0.1510258168,"95% percentile bootstrap over 22 chromosome blocks (B=1000, seed 17); coarse by design (frozen protocol sec.0)",0.001998001998,,False,delta = regulatory_histone_dnase_v1 - comparator (higher-is-better metric),outputs/biological_validation_v2/bioval-v2-protocol-freeze-v1/contrasts/regulatory_histone_dnase_v1__vs__deepcpg_dna_locus.csv,1cb7844dcfc990ed7447d0503e34fdb76b9a17e8af37c9da06e94c7fc62e584a,frozen,stat_class=descriptive; supports_regulatory=nan
601,v2_frozen,v2_frozen/loyfer_profile,spearman_>1Mb,regulatory_histone_dnase_v1,regulatory_histone_dnase_v1,functional_annotations_pca,functional_annotations_pca,-0.02410666021,-0.02883369208,-0.01946732341,"95% percentile bootstrap over 22 chromosome blocks (B=1000, seed 17); coarse by design (frozen protocol sec.0)",0.001998001998,,False,delta = regulatory_histone_dnase_v1 - comparator (higher-is-better metric),outputs/biological_validation_v2/bioval-v2-protocol-freeze-v1/contrasts/regulatory_histone_dnase_v1__vs__functional_annotations_pca.csv,474b40d32c6b29c806ad1da59dd3e3c4482d4853338ac09904cbab3ab7692d25,frozen,stat_class=descriptive; supports_regulatory=nan
602,v2_frozen,v2_frozen/loyfer_profile,spearman_all_pairs,regulatory_histone_dnase_v1,regulatory_histone_dnase_v1,cpgpt_large_locus,cpgpt_large_locus,-0.09634727144,-0.105073253,-0.0859897215,"95% percentile bootstrap over 22 chromosome blocks (B=1000, seed 17); coarse by design (frozen protocol sec.0)",0.001998001998,,False,delta = regulatory_histone_dnase_v1 - comparator (higher-is-better metric),outputs/biological_validation_v2/bioval-v2-protocol-freeze-v1/contrasts/regulatory_histone_dnase_v1__vs__cpgpt_large_locus.csv,31bc77010f6819c37e3c9f4991b7ac7c019b7a3e02b59c4fc37d053b884d3d19,frozen,stat_class=descriptive; supports_regulatory=nan
603,v2_frozen,v2_frozen/loyfer_profile,spearman_all_pairs,regulatory_histone_dnase_v1,regulatory_histone_dnase_v1,deepcpg_dna_locus,deepcpg_dna_locus,-0.06720917101,-0.08019286689,-0.05282124196,"95% percentile bootstrap over 22 chromosome blocks (B=1000, seed 17); coarse by design (frozen protocol sec.0)",0.001998001998,,False,delta = regulatory_histone_dnase_v1 - comparator (higher-is-better metric),outputs/biological_validation_v2/bioval-v2-protocol-freeze-v1/contrasts/regulatory_histone_dnase_v1__vs__deepcpg_dna_locus.csv,1cb7844dcfc990ed7447d0503e34fdb76b9a17e8af37c9da06e94c7fc62e584a,frozen,stat_class=descriptive; supports_regulatory=nan
604,v2_frozen,v2_frozen/loyfer_profile,spearman_all_pairs,regulatory_histone_dnase_v1,regulatory_histone_dnase_v1,functional_annotations_pca,functional_annotations_pca,-0.02059050762,-0.02320044948,-0.01801358893,"95% percentile bootstrap over 22 chromosome blocks (B=1000, seed 17); coarse by design (frozen protocol sec.0)",0.001998001998,,False,delta = regulatory_histone_dnase_v1 - comparator (higher-is-better metric),outputs/biological_validation_v2/bioval-v2-protocol-freeze-v1/contrasts/regulatory_histone_dnase_v1__vs__functional_annotations_pca.csv,474b40d32c6b29c806ad1da59dd3e3c4482d4853338ac09904cbab3ab7692d25,frozen,stat_class=descriptive; supports_regulatory=nan
605,v2_frozen,v2_frozen/loyfer_profile,spearman_interchromosomal,regulatory_histone_dnase_v1,regulatory_histone_dnase_v1,cpgpt_large_locus,cpgpt_large_locus,-0.169580217,-0.1787787182,-0.1612305534,"95% percentile bootstrap over 22 chromosome blocks (B=1000, seed 17); coarse by design (frozen protocol sec.0)",0.001998001998,,False,delta = regulatory_histone_dnase_v1 - comparator (higher-is-better metric),outputs/biological_validation_v2/bioval-v2-protocol-freeze-v1/contrasts/regulatory_histone_dnase_v1__vs__cpgpt_large_locus.csv,31bc77010f6819c37e3c9f4991b7ac7c019b7a3e02b59c4fc37d053b884d3d19,frozen,stat_class=descriptive; supports_regulatory=nan
606,v2_frozen,v2_frozen/loyfer_profile,spearman_interchromosomal,regulatory_histone_dnase_v1,regulatory_histone_dnase_v1,deepcpg_dna_locus,deepcpg_dna_locus,-0.1807346914,-0.1910163624,-0.1708607157,"95% percentile bootstrap over 22 chromosome blocks (B=1000, seed 17); coarse by design (frozen protocol sec.0)",0.001998001998,,False,delta = regulatory_histone_dnase_v1 - comparator (higher-is-better metric),outputs/biological_validation_v2/bioval-v2-protocol-freeze-v1/contrasts/regulatory_histone_dnase_v1__vs__deepcpg_dna_locus.csv,1cb7844dcfc990ed7447d0503e34fdb76b9a17e8af37c9da06e94c7fc62e584a,frozen,stat_class=descriptive; supports_regulatory=nan
607,v2_frozen,v2_frozen/loyfer_profile,spearman_interchromosomal,regulatory_histone_dnase_v1,regulatory_histone_dnase_v1,functional_annotations_pca,functional_annotations_pca,-0.02522378442,-0.02845995473,-0.02249778025,"95% percentile bootstrap over 22 chromosome blocks (B=1000, seed 17); coarse by design (frozen protocol sec.0)",0.001998001998,,False,delta = regulatory_histone_dnase_v1 - comparator (higher-is-better metric),outputs/biological_validation_v2/bioval-v2-protocol-freeze-v1/contrasts/regulatory_histone_dnase_v1__vs__functional_annotations_pca.csv,474b40d32c6b29c806ad1da59dd3e3c4482d4853338ac09904cbab3ab7692d25,frozen,stat_class=descriptive; supports_regulatory=nan
608,v2_frozen,v2_frozen/loyfer_profile,spearman_mean_of_gt1Mb_and_inter,regulatory_histone_dnase_v1,regulatory_histone_dnase_v1,cpgpt_large_locus,cpgpt_large_locus,-0.1693032976,-0.1804831715,-0.1571254872,"95% percentile bootstrap over 22 chromosome blocks (B=1000, seed 17); coarse by design (frozen protocol sec.0)",0.001998001998,,False,delta = regulatory_histone_dnase_v1 - comparator (higher-is-better metric),outputs/biological_validation_v2/bioval-v2-protocol-freeze-v1/contrasts/regulatory_histone_dnase_v1__vs__cpgpt_large_locus.csv,31bc77010f6819c37e3c9f4991b7ac7c019b7a3e02b59c4fc37d053b884d3d19,frozen,stat_class=descriptive; supports_regulatory=nan
609,v2_frozen,v2_frozen/loyfer_profile,spearman_mean_of_gt1Mb_and_inter,regulatory_histone_dnase_v1,regulatory_histone_dnase_v1,deepcpg_dna_locus,deepcpg_dna_locus,-0.1782726063,-0.192583913,-0.1622265456,"95% percentile bootstrap over 22 chromosome blocks (B=1000, seed 17); coarse by design (frozen protocol sec.0)",0.001998001998,,False,delta = regulatory_histone_dnase_v1 - comparator (higher-is-better metric),outputs/biological_validation_v2/bioval-v2-protocol-freeze-v1/contrasts/regulatory_histone_dnase_v1__vs__deepcpg_dna_locus.csv,1cb7844dcfc990ed7447d0503e34fdb76b9a17e8af37c9da06e94c7fc62e584a,frozen,stat_class=descriptive; supports_regulatory=nan
610,v2_frozen,v2_frozen/loyfer_profile,spearman_mean_of_gt1Mb_and_inter,regulatory_histone_dnase_v1,regulatory_histone_dnase_v1,functional_annotations_pca,functional_annotations_pca,-0.02466522232,-0.0284138058,-0.02125528791,"95% percentile bootstrap over 22 chromosome blocks (B=1000, seed 17); coarse by design (frozen protocol sec.0)",0.001998001998,,False,delta = regulatory_histone_dnase_v1 - comparator (higher-is-better metric),outputs/biological_validation_v2/bioval-v2-protocol-freeze-v1/contrasts/regulatory_histone_dnase_v1__vs__functional_annotations_pca.csv,474b40d32c6b29c806ad1da59dd3e3c4482d4853338ac09904cbab3ab7692d25,frozen,stat_class=descriptive; supports_regulatory=nan
611,v2_frozen,v2_frozen/loyfer_profile,spearman_pooled_eqw__min30_shared_groups,regulatory_histone_dnase_v1,regulatory_histone_dnase_v1,cpgpt_large_locus,cpgpt_large_locus,-0.1721251633,-0.1837927161,-0.1607582899,"95% percentile bootstrap over 22 chromosome blocks (B=1000, seed 17); coarse by design (frozen protocol sec.0)",0.001998001998,,False,delta = regulatory_histone_dnase_v1 - comparator (higher-is-better metric),outputs/biological_validation_v2/bioval-v2-protocol-freeze-v1/contrasts/regulatory_histone_dnase_v1__vs__cpgpt_large_locus.csv,31bc77010f6819c37e3c9f4991b7ac7c019b7a3e02b59c4fc37d053b884d3d19,frozen,stat_class=sensitivity; supports_regulatory=nan
612,v2_frozen,v2_frozen/loyfer_profile,spearman_pooled_eqw__min30_shared_groups,regulatory_histone_dnase_v1,regulatory_histone_dnase_v1,deepcpg_dna_locus,deepcpg_dna_locus,-0.1794130636,-0.1941755701,-0.1638755181,"95% percentile bootstrap over 22 chromosome blocks (B=1000, seed 17); coarse by design (frozen protocol sec.0)",0.001998001998,,False,delta = regulatory_histone_dnase_v1 - comparator (higher-is-better metric),outputs/biological_validation_v2/bioval-v2-protocol-freeze-v1/contrasts/regulatory_histone_dnase_v1__vs__deepcpg_dna_locus.csv,1cb7844dcfc990ed7447d0503e34fdb76b9a17e8af37c9da06e94c7fc62e584a,frozen,stat_class=sensitivity; supports_regulatory=nan
613,v2_frozen,v2_frozen/loyfer_profile,spearman_pooled_eqw__min30_shared_groups,regulatory_histone_dnase_v1,regulatory_histone_dnase_v1,functional_annotations_pca,functional_annotations_pca,-0.02515874557,-0.02897609836,-0.02175859391,"95% percentile bootstrap over 22 chromosome blocks (B=1000, seed 17); coarse by design (frozen protocol sec.0)",0.001998001998,,False,delta = regulatory_histone_dnase_v1 - comparator (higher-is-better metric),outputs/biological_validation_v2/bioval-v2-protocol-freeze-v1/contrasts/regulatory_histone_dnase_v1__vs__functional_annotations_pca.csv,474b40d32c6b29c806ad1da59dd3e3c4482d4853338ac09904cbab3ab7692d25,frozen,stat_class=sensitivity; supports_regulatory=nan
614,v2_frozen,v2_frozen/loyfer_profile,spearman_pooled_eqw__profile_spearman,regulatory_histone_dnase_v1,regulatory_histone_dnase_v1,cpgpt_large_locus,cpgpt_large_locus,-0.1652649202,-0.1765803623,-0.1547104208,"95% percentile bootstrap over 22 chromosome blocks (B=1000, seed 17); coarse by design (frozen protocol sec.0)",0.001998001998,,False,delta = regulatory_histone_dnase_v1 - comparator (higher-is-better metric),outputs/biological_validation_v2/bioval-v2-protocol-freeze-v1/contrasts/regulatory_histone_dnase_v1__vs__cpgpt_large_locus.csv,31bc77010f6819c37e3c9f4991b7ac7c019b7a3e02b59c4fc37d053b884d3d19,frozen,stat_class=sensitivity; supports_regulatory=nan
615,v2_frozen,v2_frozen/loyfer_profile,spearman_pooled_eqw__profile_spearman,regulatory_histone_dnase_v1,regulatory_histone_dnase_v1,deepcpg_dna_locus,deepcpg_dna_locus,-0.1689158048,-0.1846554062,-0.1531169675,"95% percentile bootstrap over 22 chromosome blocks (B=1000, seed 17); coarse by design (frozen protocol sec.0)",0.001998001998,,False,delta = regulatory_histone_dnase_v1 - comparator (higher-is-better metric),outputs/biological_validation_v2/bioval-v2-protocol-freeze-v1/contrasts/regulatory_histone_dnase_v1__vs__deepcpg_dna_locus.csv,1cb7844dcfc990ed7447d0503e34fdb76b9a17e8af37c9da06e94c7fc62e584a,frozen,stat_class=sensitivity; supports_regulatory=nan
616,v2_frozen,v2_frozen/loyfer_profile,spearman_pooled_eqw__profile_spearman,regulatory_histone_dnase_v1,regulatory_histone_dnase_v1,functional_annotations_pca,functional_annotations_pca,-0.02378317938,-0.02709466504,-0.02080072087,"95% percentile bootstrap over 22 chromosome blocks (B=1000, seed 17); coarse by design (frozen protocol sec.0)",0.001998001998,,False,delta = regulatory_histone_dnase_v1 - comparator (higher-is-better metric),outputs/biological_validation_v2/bioval-v2-protocol-freeze-v1/contrasts/regulatory_histone_dnase_v1__vs__functional_annotations_pca.csv,474b40d32c6b29c806ad1da59dd3e3c4482d4853338ac09904cbab3ab7692d25,frozen,stat_class=sensitivity; supports_regulatory=nan
617,v2_frozen,v2_frozen/loyfer_profile,spearman_pooled_gt1Mb_inter_eqw,regulatory_histone_dnase_v1,regulatory_histone_dnase_v1,cpgpt_large_locus,cpgpt_large_locus,-0.1692690962,-0.1809573578,-0.1578120543,"95% percentile bootstrap over 22 chromosome blocks (B=1000, seed 17); coarse by design (frozen protocol sec.0)",0.001998001998,0.0079920079920079,True,delta = regulatory_histone_dnase_v1 - comparator (higher-is-better metric),outputs/biological_validation_v2/bioval-v2-protocol-freeze-v1/contrasts/regulatory_histone_dnase_v1__vs__cpgpt_large_locus.csv,31bc77010f6819c37e3c9f4991b7ac7c019b7a3e02b59c4fc37d053b884d3d19,frozen,stat_class=primary; supports_regulatory=False
618,v2_frozen,v2_frozen/loyfer_profile,spearman_pooled_gt1Mb_inter_eqw,regulatory_histone_dnase_v1,regulatory_histone_dnase_v1,deepcpg_dna_locus,deepcpg_dna_locus,-0.1782480222,-0.1928670765,-0.1627002912,"95% percentile bootstrap over 22 chromosome blocks (B=1000, seed 17); coarse by design (frozen protocol sec.0)",0.001998001998,0.0079920079920079,True,delta = regulatory_histone_dnase_v1 - comparator (higher-is-better metric),outputs/biological_validation_v2/bioval-v2-protocol-freeze-v1/contrasts/regulatory_histone_dnase_v1__vs__deepcpg_dna_locus.csv,1cb7844dcfc990ed7447d0503e34fdb76b9a17e8af37c9da06e94c7fc62e584a,frozen,stat_class=primary; supports_regulatory=False
619,v2_frozen,v2_frozen/loyfer_profile,spearman_pooled_gt1Mb_inter_eqw,regulatory_histone_dnase_v1,regulatory_histone_dnase_v1,functional_annotations_pca,functional_annotations_pca,-0.02465413869,-0.02841788631,-0.02131865112,"95% percentile bootstrap over 22 chromosome blocks (B=1000, seed 17); coarse by design (frozen protocol sec.0)",0.001998001998,0.0079920079920079,True,delta = regulatory_histone_dnase_v1 - comparator (higher-is-better metric),outputs/biological_validation_v2/bioval-v2-protocol-freeze-v1/contrasts/regulatory_histone_dnase_v1__vs__functional_annotations_pca.csv,474b40d32c6b29c806ad1da59dd3e3c4482d4853338ac09904cbab3ab7692d25,frozen,stat_class=primary; supports_regulatory=False
620,v2_frozen,v2_frozen/microc_H1_inter1Mb,auroc_contact_vs_noncontact,regulatory_histone_dnase_v1,regulatory_histone_dnase_v1,cpgpt_large_locus,cpgpt_large_locus,0.007426175879,-0.01137768105,0.02510525254,"95% percentile bootstrap over 22 chromosome blocks (B=1000, seed 17); coarse by design (frozen protocol sec.0)",0.4235764236,,False,delta = regulatory_histone_dnase_v1 - comparator (higher-is-better metric),outputs/biological_validation_v2/bioval-v2-protocol-freeze-v1/contrasts/regulatory_histone_dnase_v1__vs__cpgpt_large_locus.csv,31bc77010f6819c37e3c9f4991b7ac7c019b7a3e02b59c4fc37d053b884d3d19,frozen,stat_class=exploratory; supports_regulatory=nan
621,v2_frozen,v2_frozen/microc_H1_inter1Mb,auroc_contact_vs_noncontact,regulatory_histone_dnase_v1,regulatory_histone_dnase_v1,deepcpg_dna_locus,deepcpg_dna_locus,0.05059447083,0.01795489496,0.0811449042,"95% percentile bootstrap over 22 chromosome blocks (B=1000, seed 17); coarse by design (frozen protocol sec.0)",0.003996003996,,False,delta = regulatory_histone_dnase_v1 - comparator (higher-is-better metric),outputs/biological_validation_v2/bioval-v2-protocol-freeze-v1/contrasts/regulatory_histone_dnase_v1__vs__deepcpg_dna_locus.csv,1cb7844dcfc990ed7447d0503e34fdb76b9a17e8af37c9da06e94c7fc62e584a,frozen,stat_class=exploratory; supports_regulatory=nan
622,v2_frozen,v2_frozen/microc_H1_inter1Mb,auroc_contact_vs_noncontact,regulatory_histone_dnase_v1,regulatory_histone_dnase_v1,functional_annotations_pca,functional_annotations_pca,-0.004905509378,-0.01015805899,-7.606340616e-05,"95% percentile bootstrap over 22 chromosome blocks (B=1000, seed 17); coarse by design (frozen protocol sec.0)",0.04795204795,,False,delta = regulatory_histone_dnase_v1 - comparator (higher-is-better metric),outputs/biological_validation_v2/bioval-v2-protocol-freeze-v1/contrasts/regulatory_histone_dnase_v1__vs__functional_annotations_pca.csv,474b40d32c6b29c806ad1da59dd3e3c4482d4853338ac09904cbab3ab7692d25,frozen,stat_class=exploratory; supports_regulatory=nan
623,v2_frozen,v2_frozen/microc_H1_inter1Mb,delta_cosine_paired_mean,regulatory_histone_dnase_v1,regulatory_histone_dnase_v1,cpgpt_large_locus,cpgpt_large_locus,0.007935677252,-0.004960947812,0.01898522099,"95% percentile bootstrap over 22 chromosome blocks (B=1000, seed 17); coarse by design (frozen protocol sec.0)",0.2317682318,,False,delta = regulatory_histone_dnase_v1 - comparator (higher-is-better metric),outputs/biological_validation_v2/bioval-v2-protocol-freeze-v1/contrasts/regulatory_histone_dnase_v1__vs__cpgpt_large_locus.csv,31bc77010f6819c37e3c9f4991b7ac7c019b7a3e02b59c4fc37d053b884d3d19,frozen,stat_class=exploratory; supports_regulatory=nan
624,v2_frozen,v2_frozen/microc_H1_inter1Mb,delta_cosine_paired_mean,regulatory_histone_dnase_v1,regulatory_histone_dnase_v1,deepcpg_dna_locus,deepcpg_dna_locus,0.03665371804,0.01066208329,0.05773485684,"95% percentile bootstrap over 22 chromosome blocks (B=1000, seed 17); coarse by design (frozen protocol sec.0)",0.001998001998,,False,delta = regulatory_histone_dnase_v1 - comparator (higher-is-better metric),outputs/biological_validation_v2/bioval-v2-protocol-freeze-v1/contrasts/regulatory_histone_dnase_v1__vs__deepcpg_dna_locus.csv,1cb7844dcfc990ed7447d0503e34fdb76b9a17e8af37c9da06e94c7fc62e584a,frozen,stat_class=exploratory; supports_regulatory=nan
625,v2_frozen,v2_frozen/microc_H1_inter1Mb,delta_cosine_paired_mean,regulatory_histone_dnase_v1,regulatory_histone_dnase_v1,functional_annotations_pca,functional_annotations_pca,-0.002310829883,-0.004347699837,-0.0003541825286,"95% percentile bootstrap over 22 chromosome blocks (B=1000, seed 17); coarse by design (frozen protocol sec.0)",0.02197802198,,False,delta = regulatory_histone_dnase_v1 - comparator (higher-is-better metric),outputs/biological_validation_v2/bioval-v2-protocol-freeze-v1/contrasts/regulatory_histone_dnase_v1__vs__functional_annotations_pca.csv,474b40d32c6b29c806ad1da59dd3e3c4482d4853338ac09904cbab3ab7692d25,frozen,stat_class=exploratory; supports_regulatory=nan
626,v2_frozen,v2_frozen/microc_H1_intra10kb,auroc_contact_vs_noncontact,regulatory_histone_dnase_v1,regulatory_histone_dnase_v1,cpgpt_large_locus,cpgpt_large_locus,0.03701157098,0.02805328525,0.04729285721,"95% percentile bootstrap over 22 chromosome blocks (B=1000, seed 17); coarse by design (frozen protocol sec.0)",0.001998001998,0.0079920079920079,True,delta = regulatory_histone_dnase_v1 - comparator (higher-is-better metric),outputs/biological_validation_v2/bioval-v2-protocol-freeze-v1/contrasts/regulatory_histone_dnase_v1__vs__cpgpt_large_locus.csv,31bc77010f6819c37e3c9f4991b7ac7c019b7a3e02b59c4fc37d053b884d3d19,frozen,stat_class=primary; supports_regulatory=True
627,v2_frozen,v2_frozen/microc_H1_intra10kb,auroc_contact_vs_noncontact,regulatory_histone_dnase_v1,regulatory_histone_dnase_v1,deepcpg_dna_locus,deepcpg_dna_locus,0.06599752062,0.05542504438,0.07690730648,"95% percentile bootstrap over 22 chromosome blocks (B=1000, seed 17); coarse by design (frozen protocol sec.0)",0.001998001998,0.0079920079920079,True,delta = regulatory_histone_dnase_v1 - comparator (higher-is-better metric),outputs/biological_validation_v2/bioval-v2-protocol-freeze-v1/contrasts/regulatory_histone_dnase_v1__vs__deepcpg_dna_locus.csv,1cb7844dcfc990ed7447d0503e34fdb76b9a17e8af37c9da06e94c7fc62e584a,frozen,stat_class=primary; supports_regulatory=True
628,v2_frozen,v2_frozen/microc_H1_intra10kb,auroc_contact_vs_noncontact,regulatory_histone_dnase_v1,regulatory_histone_dnase_v1,functional_annotations_pca,functional_annotations_pca,0.0008161981747,-0.0002957449673,0.00210584469,"95% percentile bootstrap over 22 chromosome blocks (B=1000, seed 17); coarse by design (frozen protocol sec.0)",0.1598401598,0.1598401598401598,True,delta = regulatory_histone_dnase_v1 - comparator (higher-is-better metric),outputs/biological_validation_v2/bioval-v2-protocol-freeze-v1/contrasts/regulatory_histone_dnase_v1__vs__functional_annotations_pca.csv,474b40d32c6b29c806ad1da59dd3e3c4482d4853338ac09904cbab3ab7692d25,frozen,stat_class=primary; supports_regulatory=False
629,v2_frozen,v2_frozen/microc_H1_intra10kb,"auroc_distance_bin_[10000,100000)",regulatory_histone_dnase_v1,regulatory_histone_dnase_v1,cpgpt_large_locus,cpgpt_large_locus,0.1028383805,0.09151689186,0.1141970931,"95% percentile bootstrap over 22 chromosome blocks (B=1000, seed 17); coarse by design (frozen protocol sec.0)",0.001998001998,,False,delta = regulatory_histone_dnase_v1 - comparator (higher-is-better metric),outputs/biological_validation_v2/bioval-v2-protocol-freeze-v1/contrasts/regulatory_histone_dnase_v1__vs__cpgpt_large_locus.csv,31bc77010f6819c37e3c9f4991b7ac7c019b7a3e02b59c4fc37d053b884d3d19,frozen,stat_class=secondary; supports_regulatory=nan
630,v2_frozen,v2_frozen/microc_H1_intra10kb,"auroc_distance_bin_[10000,100000)",regulatory_histone_dnase_v1,regulatory_histone_dnase_v1,deepcpg_dna_locus,deepcpg_dna_locus,0.1291800132,0.1143583918,0.1439641109,"95% percentile bootstrap over 22 chromosome blocks (B=1000, seed 17); coarse by design (frozen protocol sec.0)",0.001998001998,,False,delta = regulatory_histone_dnase_v1 - comparator (higher-is-better metric),outputs/biological_validation_v2/bioval-v2-protocol-freeze-v1/contrasts/regulatory_histone_dnase_v1__vs__deepcpg_dna_locus.csv,1cb7844dcfc990ed7447d0503e34fdb76b9a17e8af37c9da06e94c7fc62e584a,frozen,stat_class=secondary; supports_regulatory=nan
631,v2_frozen,v2_frozen/microc_H1_intra10kb,"auroc_distance_bin_[10000,100000)",regulatory_histone_dnase_v1,regulatory_histone_dnase_v1,functional_annotations_pca,functional_annotations_pca,0.003269264306,0.00213377403,0.004780297378,"95% percentile bootstrap over 22 chromosome blocks (B=1000, seed 17); coarse by design (frozen protocol sec.0)",0.001998001998,,False,delta = regulatory_histone_dnase_v1 - comparator (higher-is-better metric),outputs/biological_validation_v2/bioval-v2-protocol-freeze-v1/contrasts/regulatory_histone_dnase_v1__vs__functional_annotations_pca.csv,474b40d32c6b29c806ad1da59dd3e3c4482d4853338ac09904cbab3ab7692d25,frozen,stat_class=secondary; supports_regulatory=nan
632,v2_frozen,v2_frozen/microc_H1_intra10kb,"auroc_distance_bin_[100000,1e+06)",regulatory_histone_dnase_v1,regulatory_histone_dnase_v1,cpgpt_large_locus,cpgpt_large_locus,0.04707890806,0.03709706635,0.05701311604,"95% percentile bootstrap over 22 chromosome blocks (B=1000, seed 17); coarse by design (frozen protocol sec.0)",0.001998001998,,False,delta = regulatory_histone_dnase_v1 - comparator (higher-is-better metric),outputs/biological_validation_v2/bioval-v2-protocol-freeze-v1/contrasts/regulatory_histone_dnase_v1__vs__cpgpt_large_locus.csv,31bc77010f6819c37e3c9f4991b7ac7c019b7a3e02b59c4fc37d053b884d3d19,frozen,stat_class=secondary; supports_regulatory=nan
633,v2_frozen,v2_frozen/microc_H1_intra10kb,"auroc_distance_bin_[100000,1e+06)",regulatory_histone_dnase_v1,regulatory_histone_dnase_v1,deepcpg_dna_locus,deepcpg_dna_locus,0.07559544591,0.06432777597,0.08662413708,"95% percentile bootstrap over 22 chromosome blocks (B=1000, seed 17); coarse by design (frozen protocol sec.0)",0.001998001998,,False,delta = regulatory_histone_dnase_v1 - comparator (higher-is-better metric),outputs/biological_validation_v2/bioval-v2-protocol-freeze-v1/contrasts/regulatory_histone_dnase_v1__vs__deepcpg_dna_locus.csv,1cb7844dcfc990ed7447d0503e34fdb76b9a17e8af37c9da06e94c7fc62e584a,frozen,stat_class=secondary; supports_regulatory=nan
634,v2_frozen,v2_frozen/microc_H1_intra10kb,"auroc_distance_bin_[100000,1e+06)",regulatory_histone_dnase_v1,regulatory_histone_dnase_v1,functional_annotations_pca,functional_annotations_pca,0.002510909878,0.001459372418,0.003758054044,"95% percentile bootstrap over 22 chromosome blocks (B=1000, seed 17); coarse by design (frozen protocol sec.0)",0.001998001998,,False,delta = regulatory_histone_dnase_v1 - comparator (higher-is-better metric),outputs/biological_validation_v2/bioval-v2-protocol-freeze-v1/contrasts/regulatory_histone_dnase_v1__vs__functional_annotations_pca.csv,474b40d32c6b29c806ad1da59dd3e3c4482d4853338ac09904cbab3ab7692d25,frozen,stat_class=secondary; supports_regulatory=nan
635,v2_frozen,v2_frozen/microc_H1_intra10kb,"auroc_distance_bin_[1e+06,1e+07)",regulatory_histone_dnase_v1,regulatory_histone_dnase_v1,cpgpt_large_locus,cpgpt_large_locus,0.01438449556,-0.0006647504206,0.03243794206,"95% percentile bootstrap over 22 chromosome blocks (B=1000, seed 17); coarse by design (frozen protocol sec.0)",0.07192807193,,False,delta = regulatory_histone_dnase_v1 - comparator (higher-is-better metric),outputs/biological_validation_v2/bioval-v2-protocol-freeze-v1/contrasts/regulatory_histone_dnase_v1__vs__cpgpt_large_locus.csv,31bc77010f6819c37e3c9f4991b7ac7c019b7a3e02b59c4fc37d053b884d3d19,frozen,stat_class=secondary; supports_regulatory=nan
636,v2_frozen,v2_frozen/microc_H1_intra10kb,"auroc_distance_bin_[1e+06,1e+07)",regulatory_histone_dnase_v1,regulatory_histone_dnase_v1,deepcpg_dna_locus,deepcpg_dna_locus,0.04435940368,0.02924392667,0.06264056769,"95% percentile bootstrap over 22 chromosome blocks (B=1000, seed 17); coarse by design (frozen protocol sec.0)",0.001998001998,,False,delta = regulatory_histone_dnase_v1 - comparator (higher-is-better metric),outputs/biological_validation_v2/bioval-v2-protocol-freeze-v1/contrasts/regulatory_histone_dnase_v1__vs__deepcpg_dna_locus.csv,1cb7844dcfc990ed7447d0503e34fdb76b9a17e8af37c9da06e94c7fc62e584a,frozen,stat_class=secondary; supports_regulatory=nan
637,v2_frozen,v2_frozen/microc_H1_intra10kb,"auroc_distance_bin_[1e+06,1e+07)",regulatory_histone_dnase_v1,regulatory_histone_dnase_v1,functional_annotations_pca,functional_annotations_pca,-0.002368083002,-0.003823245224,-0.0007715443886,"95% percentile bootstrap over 22 chromosome blocks (B=1000, seed 17); coarse by design (frozen protocol sec.0)",0.007992007992,,False,delta = regulatory_histone_dnase_v1 - comparator (higher-is-better metric),outputs/biological_validation_v2/bioval-v2-protocol-freeze-v1/contrasts/regulatory_histone_dnase_v1__vs__functional_annotations_pca.csv,474b40d32c6b29c806ad1da59dd3e3c4482d4853338ac09904cbab3ab7692d25,frozen,stat_class=secondary; supports_regulatory=nan
638,v2_frozen,v2_frozen/microc_H1_intra10kb,delta_cosine_paired_mean,regulatory_histone_dnase_v1,regulatory_histone_dnase_v1,cpgpt_large_locus,cpgpt_large_locus,0.03269267125,0.02580976035,0.04054973469,"95% percentile bootstrap over 22 chromosome blocks (B=1000, seed 17); coarse by design (frozen protocol sec.0)",0.001998001998,,False,delta = regulatory_histone_dnase_v1 - comparator (higher-is-better metric),outputs/biological_validation_v2/bioval-v2-protocol-freeze-v1/contrasts/regulatory_histone_dnase_v1__vs__cpgpt_large_locus.csv,31bc77010f6819c37e3c9f4991b7ac7c019b7a3e02b59c4fc37d053b884d3d19,frozen,stat_class=secondary; supports_regulatory=nan
639,v2_frozen,v2_frozen/microc_H1_intra10kb,delta_cosine_paired_mean,regulatory_histone_dnase_v1,regulatory_histone_dnase_v1,deepcpg_dna_locus,deepcpg_dna_locus,0.04784183216,0.03977292434,0.05692142114,"95% percentile bootstrap over 22 chromosome blocks (B=1000, seed 17); coarse by design (frozen protocol sec.0)",0.001998001998,,False,delta = regulatory_histone_dnase_v1 - comparator (higher-is-better metric),outputs/biological_validation_v2/bioval-v2-protocol-freeze-v1/contrasts/regulatory_histone_dnase_v1__vs__deepcpg_dna_locus.csv,1cb7844dcfc990ed7447d0503e34fdb76b9a17e8af37c9da06e94c7fc62e584a,frozen,stat_class=secondary; supports_regulatory=nan
640,v2_frozen,v2_frozen/microc_H1_intra10kb,delta_cosine_paired_mean,regulatory_histone_dnase_v1,regulatory_histone_dnase_v1,functional_annotations_pca,functional_annotations_pca,0.001671409892,0.0009885743427,0.002477065314,"95% percentile bootstrap over 22 chromosome blocks (B=1000, seed 17); coarse by design (frozen protocol sec.0)",0.001998001998,,False,delta = regulatory_histone_dnase_v1 - comparator (higher-is-better metric),outputs/biological_validation_v2/bioval-v2-protocol-freeze-v1/contrasts/regulatory_histone_dnase_v1__vs__functional_annotations_pca.csv,474b40d32c6b29c806ad1da59dd3e3c4482d4853338ac09904cbab3ab7692d25,frozen,stat_class=secondary; supports_regulatory=nan
641,v2_frozen,v2_frozen/microc_HFFc6_intra10kb,auroc_contact_vs_noncontact,regulatory_histone_dnase_v1,regulatory_histone_dnase_v1,cpgpt_large_locus,cpgpt_large_locus,0.06810195616,0.05883659344,0.07705089527,"95% percentile bootstrap over 22 chromosome blocks (B=1000, seed 17); coarse by design (frozen protocol sec.0)",0.001998001998,,False,delta = regulatory_histone_dnase_v1 - comparator (higher-is-better metric),outputs/biological_validation_v2/bioval-v2-protocol-freeze-v1/contrasts/regulatory_histone_dnase_v1__vs__cpgpt_large_locus.csv,31bc77010f6819c37e3c9f4991b7ac7c019b7a3e02b59c4fc37d053b884d3d19,frozen,stat_class=sensitivity; supports_regulatory=nan
642,v2_frozen,v2_frozen/microc_HFFc6_intra10kb,auroc_contact_vs_noncontact,regulatory_histone_dnase_v1,regulatory_histone_dnase_v1,deepcpg_dna_locus,deepcpg_dna_locus,0.09776545873,0.08628688735,0.1088637678,"95% percentile bootstrap over 22 chromosome blocks (B=1000, seed 17); coarse by design (frozen protocol sec.0)",0.001998001998,,False,delta = regulatory_histone_dnase_v1 - comparator (higher-is-better metric),outputs/biological_validation_v2/bioval-v2-protocol-freeze-v1/contrasts/regulatory_histone_dnase_v1__vs__deepcpg_dna_locus.csv,1cb7844dcfc990ed7447d0503e34fdb76b9a17e8af37c9da06e94c7fc62e584a,frozen,stat_class=sensitivity; supports_regulatory=nan
643,v2_frozen,v2_frozen/microc_HFFc6_intra10kb,auroc_contact_vs_noncontact,regulatory_histone_dnase_v1,regulatory_histone_dnase_v1,functional_annotations_pca,functional_annotations_pca,0.00315935111,0.002099430166,0.004178076587,"95% percentile bootstrap over 22 chromosome blocks (B=1000, seed 17); coarse by design (frozen protocol sec.0)",0.001998001998,,False,delta = regulatory_histone_dnase_v1 - comparator (higher-is-better metric),outputs/biological_validation_v2/bioval-v2-protocol-freeze-v1/contrasts/regulatory_histone_dnase_v1__vs__functional_annotations_pca.csv,474b40d32c6b29c806ad1da59dd3e3c4482d4853338ac09904cbab3ab7692d25,frozen,stat_class=sensitivity; supports_regulatory=nan
644,v2_frozen,v2_frozen/microc_HFFc6_intra10kb,delta_cosine_paired_mean,regulatory_histone_dnase_v1,regulatory_histone_dnase_v1,cpgpt_large_locus,cpgpt_large_locus,0.05213905627,0.04573464642,0.05908201195,"95% percentile bootstrap over 22 chromosome blocks (B=1000, seed 17); coarse by design (frozen protocol sec.0)",0.001998001998,,False,delta = regulatory_histone_dnase_v1 - comparator (higher-is-better metric),outputs/biological_validation_v2/bioval-v2-protocol-freeze-v1/contrasts/regulatory_histone_dnase_v1__vs__cpgpt_large_locus.csv,31bc77010f6819c37e3c9f4991b7ac7c019b7a3e02b59c4fc37d053b884d3d19,frozen,stat_class=sensitivity; supports_regulatory=nan
645,v2_frozen,v2_frozen/microc_HFFc6_intra10kb,delta_cosine_paired_mean,regulatory_histone_dnase_v1,regulatory_histone_dnase_v1,deepcpg_dna_locus,deepcpg_dna_locus,0.06862703589,0.06028207261,0.07671931395,"95% percentile bootstrap over 22 chromosome blocks (B=1000, seed 17); coarse by design (frozen protocol sec.0)",0.001998001998,,False,delta = regulatory_histone_dnase_v1 - comparator (higher-is-better metric),outputs/biological_validation_v2/bioval-v2-protocol-freeze-v1/contrasts/regulatory_histone_dnase_v1__vs__deepcpg_dna_locus.csv,1cb7844dcfc990ed7447d0503e34fdb76b9a17e8af37c9da06e94c7fc62e584a,frozen,stat_class=sensitivity; supports_regulatory=nan
646,v2_frozen,v2_frozen/microc_HFFc6_intra10kb,delta_cosine_paired_mean,regulatory_histone_dnase_v1,regulatory_histone_dnase_v1,functional_annotations_pca,functional_annotations_pca,0.003557731599,0.002875109717,0.004219356737,"95% percentile bootstrap over 22 chromosome blocks (B=1000, seed 17); coarse by design (frozen protocol sec.0)",0.001998001998,,False,delta = regulatory_histone_dnase_v1 - comparator (higher-is-better metric),outputs/biological_validation_v2/bioval-v2-protocol-freeze-v1/contrasts/regulatory_histone_dnase_v1__vs__functional_annotations_pca.csv,474b40d32c6b29c806ad1da59dd3e3c4482d4853338ac09904cbab3ab7692d25,frozen,stat_class=sensitivity; supports_regulatory=nan
647,v2_frozen,v2_frozen/pmd_probe,auroc_oof_pmd_in_any,regulatory_histone_dnase_v1,regulatory_histone_dnase_v1,cpgpt_large_locus,cpgpt_large_locus,0.1224286101,0.117278754,0.1283772052,"95% percentile bootstrap over 22 chromosome blocks (B=1000, seed 17); coarse by design (frozen protocol sec.0)",0.001998001998,,False,delta = regulatory_histone_dnase_v1 - comparator (higher-is-better metric),outputs/biological_validation_v2/bioval-v2-protocol-freeze-v1/contrasts/regulatory_histone_dnase_v1__vs__cpgpt_large_locus.csv,31bc77010f6819c37e3c9f4991b7ac7c019b7a3e02b59c4fc37d053b884d3d19,frozen,stat_class=exploratory; supports_regulatory=nan
648,v2_frozen,v2_frozen/pmd_probe,auroc_oof_pmd_in_any,regulatory_histone_dnase_v1,regulatory_histone_dnase_v1,deepcpg_dna_locus,deepcpg_dna_locus,0.198806083,0.1917590684,0.2072345675,"95% percentile bootstrap over 22 chromosome blocks (B=1000, seed 17); coarse by design (frozen protocol sec.0)",0.001998001998,,False,delta = regulatory_histone_dnase_v1 - comparator (higher-is-better metric),outputs/biological_validation_v2/bioval-v2-protocol-freeze-v1/contrasts/regulatory_histone_dnase_v1__vs__deepcpg_dna_locus.csv,1cb7844dcfc990ed7447d0503e34fdb76b9a17e8af37c9da06e94c7fc62e584a,frozen,stat_class=exploratory; supports_regulatory=nan
649,v2_frozen,v2_frozen/pmd_probe,auroc_oof_pmd_in_any,regulatory_histone_dnase_v1,regulatory_histone_dnase_v1,functional_annotations_pca,functional_annotations_pca,-0.0001020254054,-0.001512569368,0.001301048485,"95% percentile bootstrap over 22 chromosome blocks (B=1000, seed 17); coarse by design (frozen protocol sec.0)",0.9190809191,,False,delta = regulatory_histone_dnase_v1 - comparator (higher-is-better metric),outputs/biological_validation_v2/bioval-v2-protocol-freeze-v1/contrasts/regulatory_histone_dnase_v1__vs__functional_annotations_pca.csv,474b40d32c6b29c806ad1da59dd3e3c4482d4853338ac09904cbab3ab7692d25,frozen,stat_class=exploratory; supports_regulatory=nan
650,v2_frozen,v2_frozen/rt_consensus,r2_oof_consensus,regulatory_histone_dnase_v1,regulatory_histone_dnase_v1,cpgpt_large_locus,cpgpt_large_locus,0.3314582797,0.3141258185,0.3527929503,"95% percentile bootstrap over 22 chromosome blocks (B=1000, seed 17); coarse by design (frozen protocol sec.0)",0.001998001998,,False,delta = regulatory_histone_dnase_v1 - comparator (higher-is-better metric),outputs/biological_validation_v2/bioval-v2-protocol-freeze-v1/contrasts/regulatory_histone_dnase_v1__vs__cpgpt_large_locus.csv,31bc77010f6819c37e3c9f4991b7ac7c019b7a3e02b59c4fc37d053b884d3d19,frozen,stat_class=secondary; supports_regulatory=nan
651,v2_frozen,v2_frozen/rt_consensus,r2_oof_consensus,regulatory_histone_dnase_v1,regulatory_histone_dnase_v1,deepcpg_dna_locus,deepcpg_dna_locus,0.3836411531,0.3604365962,0.4107358872,"95% percentile bootstrap over 22 chromosome blocks (B=1000, seed 17); coarse by design (frozen protocol sec.0)",0.001998001998,,False,delta = regulatory_histone_dnase_v1 - comparator (higher-is-better metric),outputs/biological_validation_v2/bioval-v2-protocol-freeze-v1/contrasts/regulatory_histone_dnase_v1__vs__deepcpg_dna_locus.csv,1cb7844dcfc990ed7447d0503e34fdb76b9a17e8af37c9da06e94c7fc62e584a,frozen,stat_class=secondary; supports_regulatory=nan
652,v2_frozen,v2_frozen/rt_consensus,r2_oof_consensus,regulatory_histone_dnase_v1,regulatory_histone_dnase_v1,functional_annotations_pca,functional_annotations_pca,-0.01348825575,-0.01638380782,-0.010615088,"95% percentile bootstrap over 22 chromosome blocks (B=1000, seed 17); coarse by design (frozen protocol sec.0)",0.001998001998,,False,delta = regulatory_histone_dnase_v1 - comparator (higher-is-better metric),outputs/biological_validation_v2/bioval-v2-protocol-freeze-v1/contrasts/regulatory_histone_dnase_v1__vs__functional_annotations_pca.csv,474b40d32c6b29c806ad1da59dd3e3c4482d4853338ac09904cbab3ab7692d25,frozen,stat_class=secondary; supports_regulatory=nan
653,v2_frozen,v2_frozen/rt_consensus,r2_oof_line_BG02ES,regulatory_histone_dnase_v1,regulatory_histone_dnase_v1,cpgpt_large_locus,cpgpt_large_locus,0.2508769291,0.2315128715,0.2736050804,"95% percentile bootstrap over 22 chromosome blocks (B=1000, seed 17); coarse by design (frozen protocol sec.0)",0.001998001998,,False,delta = regulatory_histone_dnase_v1 - comparator (higher-is-better metric),outputs/biological_validation_v2/bioval-v2-protocol-freeze-v1/contrasts/regulatory_histone_dnase_v1__vs__cpgpt_large_locus.csv,31bc77010f6819c37e3c9f4991b7ac7c019b7a3e02b59c4fc37d053b884d3d19,frozen,stat_class=sensitivity; supports_regulatory=nan
654,v2_frozen,v2_frozen/rt_consensus,r2_oof_line_BG02ES,regulatory_histone_dnase_v1,regulatory_histone_dnase_v1,deepcpg_dna_locus,deepcpg_dna_locus,0.2988433868,0.2721514937,0.3250744909,"95% percentile bootstrap over 22 chromosome blocks (B=1000, seed 17); coarse by design (frozen protocol sec.0)",0.001998001998,,False,delta = regulatory_histone_dnase_v1 - comparator (higher-is-better metric),outputs/biological_validation_v2/bioval-v2-protocol-freeze-v1/contrasts/regulatory_histone_dnase_v1__vs__deepcpg_dna_locus.csv,1cb7844dcfc990ed7447d0503e34fdb76b9a17e8af37c9da06e94c7fc62e584a,frozen,stat_class=sensitivity; supports_regulatory=nan
655,v2_frozen,v2_frozen/rt_consensus,r2_oof_line_BG02ES,regulatory_histone_dnase_v1,regulatory_histone_dnase_v1,functional_annotations_pca,functional_annotations_pca,-0.01352546363,-0.01639258812,-0.01110147869,"95% percentile bootstrap over 22 chromosome blocks (B=1000, seed 17); coarse by design (frozen protocol sec.0)",0.001998001998,,False,delta = regulatory_histone_dnase_v1 - comparator (higher-is-better metric),outputs/biological_validation_v2/bioval-v2-protocol-freeze-v1/contrasts/regulatory_histone_dnase_v1__vs__functional_annotations_pca.csv,474b40d32c6b29c806ad1da59dd3e3c4482d4853338ac09904cbab3ab7692d25,frozen,stat_class=sensitivity; supports_regulatory=nan
656,v2_frozen,v2_frozen/rt_consensus,r2_oof_line_BJ,regulatory_histone_dnase_v1,regulatory_histone_dnase_v1,cpgpt_large_locus,cpgpt_large_locus,0.3173328718,0.2940691498,0.3405537778,"95% percentile bootstrap over 22 chromosome blocks (B=1000, seed 17); coarse by design (frozen protocol sec.0)",0.001998001998,,False,delta = regulatory_histone_dnase_v1 - comparator (higher-is-better metric),outputs/biological_validation_v2/bioval-v2-protocol-freeze-v1/contrasts/regulatory_histone_dnase_v1__vs__cpgpt_large_locus.csv,31bc77010f6819c37e3c9f4991b7ac7c019b7a3e02b59c4fc37d053b884d3d19,frozen,stat_class=sensitivity; supports_regulatory=nan
657,v2_frozen,v2_frozen/rt_consensus,r2_oof_line_BJ,regulatory_histone_dnase_v1,regulatory_histone_dnase_v1,deepcpg_dna_locus,deepcpg_dna_locus,0.3617844283,0.3348521282,0.3895113044,"95% percentile bootstrap over 22 chromosome blocks (B=1000, seed 17); coarse by design (frozen protocol sec.0)",0.001998001998,,False,delta = regulatory_histone_dnase_v1 - comparator (higher-is-better metric),outputs/biological_validation_v2/bioval-v2-protocol-freeze-v1/contrasts/regulatory_histone_dnase_v1__vs__deepcpg_dna_locus.csv,1cb7844dcfc990ed7447d0503e34fdb76b9a17e8af37c9da06e94c7fc62e584a,frozen,stat_class=sensitivity; supports_regulatory=nan
658,v2_frozen,v2_frozen/rt_consensus,r2_oof_line_BJ,regulatory_histone_dnase_v1,regulatory_histone_dnase_v1,functional_annotations_pca,functional_annotations_pca,-0.003839712242,-0.005782310002,-0.001679177763,"95% percentile bootstrap over 22 chromosome blocks (B=1000, seed 17); coarse by design (frozen protocol sec.0)",0.001998001998,,False,delta = regulatory_histone_dnase_v1 - comparator (higher-is-better metric),outputs/biological_validation_v2/bioval-v2-protocol-freeze-v1/contrasts/regulatory_histone_dnase_v1__vs__functional_annotations_pca.csv,474b40d32c6b29c806ad1da59dd3e3c4482d4853338ac09904cbab3ab7692d25,frozen,stat_class=sensitivity; supports_regulatory=nan
659,v2_frozen,v2_frozen/rt_consensus,r2_oof_line_GM06990,regulatory_histone_dnase_v1,regulatory_histone_dnase_v1,cpgpt_large_locus,cpgpt_large_locus,0.2817809099,0.2701782027,0.2975881309,"95% percentile bootstrap over 22 chromosome blocks (B=1000, seed 17); coarse by design (frozen protocol sec.0)",0.001998001998,,False,delta = regulatory_histone_dnase_v1 - comparator (higher-is-better metric),outputs/biological_validation_v2/bioval-v2-protocol-freeze-v1/contrasts/regulatory_histone_dnase_v1__vs__cpgpt_large_locus.csv,31bc77010f6819c37e3c9f4991b7ac7c019b7a3e02b59c4fc37d053b884d3d19,frozen,stat_class=sensitivity; supports_regulatory=nan
660,v2_frozen,v2_frozen/rt_consensus,r2_oof_line_GM06990,regulatory_histone_dnase_v1,regulatory_histone_dnase_v1,deepcpg_dna_locus,deepcpg_dna_locus,0.3341274081,0.3130114679,0.3548406099,"95% percentile bootstrap over 22 chromosome blocks (B=1000, seed 17); coarse by design (frozen protocol sec.0)",0.001998001998,,False,delta = regulatory_histone_dnase_v1 - comparator (higher-is-better metric),outputs/biological_validation_v2/bioval-v2-protocol-freeze-v1/contrasts/regulatory_histone_dnase_v1__vs__deepcpg_dna_locus.csv,1cb7844dcfc990ed7447d0503e34fdb76b9a17e8af37c9da06e94c7fc62e584a,frozen,stat_class=sensitivity; supports_regulatory=nan
661,v2_frozen,v2_frozen/rt_consensus,r2_oof_line_GM06990,regulatory_histone_dnase_v1,regulatory_histone_dnase_v1,functional_annotations_pca,functional_annotations_pca,-0.01260529697,-0.01504972258,-0.01008120091,"95% percentile bootstrap over 22 chromosome blocks (B=1000, seed 17); coarse by design (frozen protocol sec.0)",0.001998001998,,False,delta = regulatory_histone_dnase_v1 - comparator (higher-is-better metric),outputs/biological_validation_v2/bioval-v2-protocol-freeze-v1/contrasts/regulatory_histone_dnase_v1__vs__functional_annotations_pca.csv,474b40d32c6b29c806ad1da59dd3e3c4482d4853338ac09904cbab3ab7692d25,frozen,stat_class=sensitivity; supports_regulatory=nan
662,v2_frozen,v2_frozen/rt_consensus,r2_oof_line_GM12801,regulatory_histone_dnase_v1,regulatory_histone_dnase_v1,cpgpt_large_locus,cpgpt_large_locus,0.2795339839,0.2664162585,0.297445473,"95% percentile bootstrap over 22 chromosome blocks (B=1000, seed 17); coarse by design (frozen protocol sec.0)",0.001998001998,,False,delta = regulatory_histone_dnase_v1 - comparator (higher-is-better metric),outputs/biological_validation_v2/bioval-v2-protocol-freeze-v1/contrasts/regulatory_histone_dnase_v1__vs__cpgpt_large_locus.csv,31bc77010f6819c37e3c9f4991b7ac7c019b7a3e02b59c4fc37d053b884d3d19,frozen,stat_class=sensitivity; supports_regulatory=nan
663,v2_frozen,v2_frozen/rt_consensus,r2_oof_line_GM12801,regulatory_histone_dnase_v1,regulatory_histone_dnase_v1,deepcpg_dna_locus,deepcpg_dna_locus,0.3282099503,0.3059024531,0.3521275272,"95% percentile bootstrap over 22 chromosome blocks (B=1000, seed 17); coarse by design (frozen protocol sec.0)",0.001998001998,,False,delta = regulatory_histone_dnase_v1 - comparator (higher-is-better metric),outputs/biological_validation_v2/bioval-v2-protocol-freeze-v1/contrasts/regulatory_histone_dnase_v1__vs__deepcpg_dna_locus.csv,1cb7844dcfc990ed7447d0503e34fdb76b9a17e8af37c9da06e94c7fc62e584a,frozen,stat_class=sensitivity; supports_regulatory=nan
664,v2_frozen,v2_frozen/rt_consensus,r2_oof_line_GM12801,regulatory_histone_dnase_v1,regulatory_histone_dnase_v1,functional_annotations_pca,functional_annotations_pca,-0.01250605633,-0.01533723976,-0.009893366177,"95% percentile bootstrap over 22 chromosome blocks (B=1000, seed 17); coarse by design (frozen protocol sec.0)",0.001998001998,,False,delta = regulatory_histone_dnase_v1 - comparator (higher-is-better metric),outputs/biological_validation_v2/bioval-v2-protocol-freeze-v1/contrasts/regulatory_histone_dnase_v1__vs__functional_annotations_pca.csv,474b40d32c6b29c806ad1da59dd3e3c4482d4853338ac09904cbab3ab7692d25,frozen,stat_class=sensitivity; supports_regulatory=nan
665,v2_frozen,v2_frozen/rt_consensus,r2_oof_line_GM12812,regulatory_histone_dnase_v1,regulatory_histone_dnase_v1,cpgpt_large_locus,cpgpt_large_locus,0.2701803158,0.2585133219,0.2857519296,"95% percentile bootstrap over 22 chromosome blocks (B=1000, seed 17); coarse by design (frozen protocol sec.0)",0.001998001998,,False,delta = regulatory_histone_dnase_v1 - comparator (higher-is-better metric),outputs/biological_validation_v2/bioval-v2-protocol-freeze-v1/contrasts/regulatory_histone_dnase_v1__vs__cpgpt_large_locus.csv,31bc77010f6819c37e3c9f4991b7ac7c019b7a3e02b59c4fc37d053b884d3d19,frozen,stat_class=sensitivity; supports_regulatory=nan
666,v2_frozen,v2_frozen/rt_consensus,r2_oof_line_GM12812,regulatory_histone_dnase_v1,regulatory_histone_dnase_v1,deepcpg_dna_locus,deepcpg_dna_locus,0.3181721837,0.2985713027,0.3381217231,"95% percentile bootstrap over 22 chromosome blocks (B=1000, seed 17); coarse by design (frozen protocol sec.0)",0.001998001998,,False,delta = regulatory_histone_dnase_v1 - comparator (higher-is-better metric),outputs/biological_validation_v2/bioval-v2-protocol-freeze-v1/contrasts/regulatory_histone_dnase_v1__vs__deepcpg_dna_locus.csv,1cb7844dcfc990ed7447d0503e34fdb76b9a17e8af37c9da06e94c7fc62e584a,frozen,stat_class=sensitivity; supports_regulatory=nan
667,v2_frozen,v2_frozen/rt_consensus,r2_oof_line_GM12812,regulatory_histone_dnase_v1,regulatory_histone_dnase_v1,functional_annotations_pca,functional_annotations_pca,-0.01101500919,-0.01319284337,-0.008888789456,"95% percentile bootstrap over 22 chromosome blocks (B=1000, seed 17); coarse by design (frozen protocol sec.0)",0.001998001998,,False,delta = regulatory_histone_dnase_v1 - comparator (higher-is-better metric),outputs/biological_validation_v2/bioval-v2-protocol-freeze-v1/contrasts/regulatory_histone_dnase_v1__vs__functional_annotations_pca.csv,474b40d32c6b29c806ad1da59dd3e3c4482d4853338ac09904cbab3ab7692d25,frozen,stat_class=sensitivity; supports_regulatory=nan
668,v2_frozen,v2_frozen/rt_consensus,r2_oof_line_GM12813,regulatory_histone_dnase_v1,regulatory_histone_dnase_v1,cpgpt_large_locus,cpgpt_large_locus,0.2731493483,0.2615048059,0.288256726,"95% percentile bootstrap over 22 chromosome blocks (B=1000, seed 17); coarse by design (frozen protocol sec.0)",0.001998001998,,False,delta = regulatory_histone_dnase_v1 - comparator (higher-is-better metric),outputs/biological_validation_v2/bioval-v2-protocol-freeze-v1/contrasts/regulatory_histone_dnase_v1__vs__cpgpt_large_locus.csv,31bc77010f6819c37e3c9f4991b7ac7c019b7a3e02b59c4fc37d053b884d3d19,frozen,stat_class=sensitivity; supports_regulatory=nan
669,v2_frozen,v2_frozen/rt_consensus,r2_oof_line_GM12813,regulatory_histone_dnase_v1,regulatory_histone_dnase_v1,deepcpg_dna_locus,deepcpg_dna_locus,0.3183494302,0.2979318266,0.3387203969,"95% percentile bootstrap over 22 chromosome blocks (B=1000, seed 17); coarse by design (frozen protocol sec.0)",0.001998001998,,False,delta = regulatory_histone_dnase_v1 - comparator (higher-is-better metric),outputs/biological_validation_v2/bioval-v2-protocol-freeze-v1/contrasts/regulatory_histone_dnase_v1__vs__deepcpg_dna_locus.csv,1cb7844dcfc990ed7447d0503e34fdb76b9a17e8af37c9da06e94c7fc62e584a,frozen,stat_class=sensitivity; supports_regulatory=nan
670,v2_frozen,v2_frozen/rt_consensus,r2_oof_line_GM12813,regulatory_histone_dnase_v1,regulatory_histone_dnase_v1,functional_annotations_pca,functional_annotations_pca,-0.01062834663,-0.01293301089,-0.008388654706,"95% percentile bootstrap over 22 chromosome blocks (B=1000, seed 17); coarse by design (frozen protocol sec.0)",0.001998001998,,False,delta = regulatory_histone_dnase_v1 - comparator (higher-is-better metric),outputs/biological_validation_v2/bioval-v2-protocol-freeze-v1/contrasts/regulatory_histone_dnase_v1__vs__functional_annotations_pca.csv,474b40d32c6b29c806ad1da59dd3e3c4482d4853338ac09904cbab3ab7692d25,frozen,stat_class=sensitivity; supports_regulatory=nan
671,v2_frozen,v2_frozen/rt_consensus,r2_oof_line_GM12878,regulatory_histone_dnase_v1,regulatory_histone_dnase_v1,cpgpt_large_locus,cpgpt_large_locus,0.2714036178,0.2598893547,0.2866998847,"95% percentile bootstrap over 22 chromosome blocks (B=1000, seed 17); coarse by design (frozen protocol sec.0)",0.001998001998,,False,delta = regulatory_histone_dnase_v1 - comparator (higher-is-better metric),outputs/biological_validation_v2/bioval-v2-protocol-freeze-v1/contrasts/regulatory_histone_dnase_v1__vs__cpgpt_large_locus.csv,31bc77010f6819c37e3c9f4991b7ac7c019b7a3e02b59c4fc37d053b884d3d19,frozen,stat_class=sensitivity; supports_regulatory=nan
672,v2_frozen,v2_frozen/rt_consensus,r2_oof_line_GM12878,regulatory_histone_dnase_v1,regulatory_histone_dnase_v1,deepcpg_dna_locus,deepcpg_dna_locus,0.3168061851,0.29681793,0.3367929198,"95% percentile bootstrap over 22 chromosome blocks (B=1000, seed 17); coarse by design (frozen protocol sec.0)",0.001998001998,,False,delta = regulatory_histone_dnase_v1 - comparator (higher-is-better metric),outputs/biological_validation_v2/bioval-v2-protocol-freeze-v1/contrasts/regulatory_histone_dnase_v1__vs__deepcpg_dna_locus.csv,1cb7844dcfc990ed7447d0503e34fdb76b9a17e8af37c9da06e94c7fc62e584a,frozen,stat_class=sensitivity; supports_regulatory=nan
673,v2_frozen,v2_frozen/rt_consensus,r2_oof_line_GM12878,regulatory_histone_dnase_v1,regulatory_histone_dnase_v1,functional_annotations_pca,functional_annotations_pca,-0.01095005942,-0.01351075921,-0.008209433356,"95% percentile bootstrap over 22 chromosome blocks (B=1000, seed 17); coarse by design (frozen protocol sec.0)",0.001998001998,,False,delta = regulatory_histone_dnase_v1 - comparator (higher-is-better metric),outputs/biological_validation_v2/bioval-v2-protocol-freeze-v1/contrasts/regulatory_histone_dnase_v1__vs__functional_annotations_pca.csv,474b40d32c6b29c806ad1da59dd3e3c4482d4853338ac09904cbab3ab7692d25,frozen,stat_class=sensitivity; supports_regulatory=nan
674,v2_frozen,v2_frozen/rt_consensus,r2_oof_line_HELAS3,regulatory_histone_dnase_v1,regulatory_histone_dnase_v1,cpgpt_large_locus,cpgpt_large_locus,0.3071192853,0.2914311504,0.3268112701,"95% percentile bootstrap over 22 chromosome blocks (B=1000, seed 17); coarse by design (frozen protocol sec.0)",0.001998001998,,False,delta = regulatory_histone_dnase_v1 - comparator (higher-is-better metric),outputs/biological_validation_v2/bioval-v2-protocol-freeze-v1/contrasts/regulatory_histone_dnase_v1__vs__cpgpt_large_locus.csv,31bc77010f6819c37e3c9f4991b7ac7c019b7a3e02b59c4fc37d053b884d3d19,frozen,stat_class=sensitivity; supports_regulatory=nan
675,v2_frozen,v2_frozen/rt_consensus,r2_oof_line_HELAS3,regulatory_histone_dnase_v1,regulatory_histone_dnase_v1,deepcpg_dna_locus,deepcpg_dna_locus,0.3517683787,0.3318518439,0.3733394292,"95% percentile bootstrap over 22 chromosome blocks (B=1000, seed 17); coarse by design (frozen protocol sec.0)",0.001998001998,,False,delta = regulatory_histone_dnase_v1 - comparator (higher-is-better metric),outputs/biological_validation_v2/bioval-v2-protocol-freeze-v1/contrasts/regulatory_histone_dnase_v1__vs__deepcpg_dna_locus.csv,1cb7844dcfc990ed7447d0503e34fdb76b9a17e8af37c9da06e94c7fc62e584a,frozen,stat_class=sensitivity; supports_regulatory=nan
676,v2_frozen,v2_frozen/rt_consensus,r2_oof_line_HELAS3,regulatory_histone_dnase_v1,regulatory_histone_dnase_v1,functional_annotations_pca,functional_annotations_pca,-0.007595320803,-0.009874645973,-0.005227752358,"95% percentile bootstrap over 22 chromosome blocks (B=1000, seed 17); coarse by design (frozen protocol sec.0)",0.001998001998,,False,delta = regulatory_histone_dnase_v1 - comparator (higher-is-better metric),outputs/biological_validation_v2/bioval-v2-protocol-freeze-v1/contrasts/regulatory_histone_dnase_v1__vs__functional_annotations_pca.csv,474b40d32c6b29c806ad1da59dd3e3c4482d4853338ac09904cbab3ab7692d25,frozen,stat_class=sensitivity; supports_regulatory=nan
677,v2_frozen,v2_frozen/rt_consensus,r2_oof_line_HEPG2,regulatory_histone_dnase_v1,regulatory_histone_dnase_v1,cpgpt_large_locus,cpgpt_large_locus,0.2464007497,0.2269696169,0.2667258054,"95% percentile bootstrap over 22 chromosome blocks (B=1000, seed 17); coarse by design (frozen protocol sec.0)",0.001998001998,,False,delta = regulatory_histone_dnase_v1 - comparator (higher-is-better metric),outputs/biological_validation_v2/bioval-v2-protocol-freeze-v1/contrasts/regulatory_histone_dnase_v1__vs__cpgpt_large_locus.csv,31bc77010f6819c37e3c9f4991b7ac7c019b7a3e02b59c4fc37d053b884d3d19,frozen,stat_class=sensitivity; supports_regulatory=nan
678,v2_frozen,v2_frozen/rt_consensus,r2_oof_line_HEPG2,regulatory_histone_dnase_v1,regulatory_histone_dnase_v1,deepcpg_dna_locus,deepcpg_dna_locus,0.2787652576,0.2583379998,0.3013757037,"95% percentile bootstrap over 22 chromosome blocks (B=1000, seed 17); coarse by design (frozen protocol sec.0)",0.001998001998,,False,delta = regulatory_histone_dnase_v1 - comparator (higher-is-better metric),outputs/biological_validation_v2/bioval-v2-protocol-freeze-v1/contrasts/regulatory_histone_dnase_v1__vs__deepcpg_dna_locus.csv,1cb7844dcfc990ed7447d0503e34fdb76b9a17e8af37c9da06e94c7fc62e584a,frozen,stat_class=sensitivity; supports_regulatory=nan
679,v2_frozen,v2_frozen/rt_consensus,r2_oof_line_HEPG2,regulatory_histone_dnase_v1,regulatory_histone_dnase_v1,functional_annotations_pca,functional_annotations_pca,-0.01123886843,-0.01431684728,-0.008318444112,"95% percentile bootstrap over 22 chromosome blocks (B=1000, seed 17); coarse by design (frozen protocol sec.0)",0.001998001998,,False,delta = regulatory_histone_dnase_v1 - comparator (higher-is-better metric),outputs/biological_validation_v2/bioval-v2-protocol-freeze-v1/contrasts/regulatory_histone_dnase_v1__vs__functional_annotations_pca.csv,474b40d32c6b29c806ad1da59dd3e3c4482d4853338ac09904cbab3ab7692d25,frozen,stat_class=sensitivity; supports_regulatory=nan
680,v2_frozen,v2_frozen/rt_consensus,r2_oof_line_HUVEC,regulatory_histone_dnase_v1,regulatory_histone_dnase_v1,cpgpt_large_locus,cpgpt_large_locus,0.3073966188,0.28710204,0.3307286911,"95% percentile bootstrap over 22 chromosome blocks (B=1000, seed 17); coarse by design (frozen protocol sec.0)",0.001998001998,,False,delta = regulatory_histone_dnase_v1 - comparator (higher-is-better metric),outputs/biological_validation_v2/bioval-v2-protocol-freeze-v1/contrasts/regulatory_histone_dnase_v1__vs__cpgpt_large_locus.csv,31bc77010f6819c37e3c9f4991b7ac7c019b7a3e02b59c4fc37d053b884d3d19,frozen,stat_class=sensitivity; supports_regulatory=nan
681,v2_frozen,v2_frozen/rt_consensus,r2_oof_line_HUVEC,regulatory_histone_dnase_v1,regulatory_histone_dnase_v1,deepcpg_dna_locus,deepcpg_dna_locus,0.3505381459,0.3259304175,0.3764843552,"95% percentile bootstrap over 22 chromosome blocks (B=1000, seed 17); coarse by design (frozen protocol sec.0)",0.001998001998,,False,delta = regulatory_histone_dnase_v1 - comparator (higher-is-better metric),outputs/biological_validation_v2/bioval-v2-protocol-freeze-v1/contrasts/regulatory_histone_dnase_v1__vs__deepcpg_dna_locus.csv,1cb7844dcfc990ed7447d0503e34fdb76b9a17e8af37c9da06e94c7fc62e584a,frozen,stat_class=sensitivity; supports_regulatory=nan
682,v2_frozen,v2_frozen/rt_consensus,r2_oof_line_HUVEC,regulatory_histone_dnase_v1,regulatory_histone_dnase_v1,functional_annotations_pca,functional_annotations_pca,-0.01101241214,-0.01337463947,-0.008798115836,"95% percentile bootstrap over 22 chromosome blocks (B=1000, seed 17); coarse by design (frozen protocol sec.0)",0.001998001998,,False,delta = regulatory_histone_dnase_v1 - comparator (higher-is-better metric),outputs/biological_validation_v2/bioval-v2-protocol-freeze-v1/contrasts/regulatory_histone_dnase_v1__vs__functional_annotations_pca.csv,474b40d32c6b29c806ad1da59dd3e3c4482d4853338ac09904cbab3ab7692d25,frozen,stat_class=sensitivity; supports_regulatory=nan
683,v2_frozen,v2_frozen/rt_consensus,r2_oof_line_IMR90,regulatory_histone_dnase_v1,regulatory_histone_dnase_v1,cpgpt_large_locus,cpgpt_large_locus,0.312782322,0.2876497492,0.3362991188,"95% percentile bootstrap over 22 chromosome blocks (B=1000, seed 17); coarse by design (frozen protocol sec.0)",0.001998001998,,False,delta = regulatory_histone_dnase_v1 - comparator (higher-is-better metric),outputs/biological_validation_v2/bioval-v2-protocol-freeze-v1/contrasts/regulatory_histone_dnase_v1__vs__cpgpt_large_locus.csv,31bc77010f6819c37e3c9f4991b7ac7c019b7a3e02b59c4fc37d053b884d3d19,frozen,stat_class=sensitivity; supports_regulatory=nan
684,v2_frozen,v2_frozen/rt_consensus,r2_oof_line_IMR90,regulatory_histone_dnase_v1,regulatory_histone_dnase_v1,deepcpg_dna_locus,deepcpg_dna_locus,0.3509049561,0.3235645158,0.3796445931,"95% percentile bootstrap over 22 chromosome blocks (B=1000, seed 17); coarse by design (frozen protocol sec.0)",0.001998001998,,False,delta = regulatory_histone_dnase_v1 - comparator (higher-is-better metric),outputs/biological_validation_v2/bioval-v2-protocol-freeze-v1/contrasts/regulatory_histone_dnase_v1__vs__deepcpg_dna_locus.csv,1cb7844dcfc990ed7447d0503e34fdb76b9a17e8af37c9da06e94c7fc62e584a,frozen,stat_class=sensitivity; supports_regulatory=nan
685,v2_frozen,v2_frozen/rt_consensus,r2_oof_line_IMR90,regulatory_histone_dnase_v1,regulatory_histone_dnase_v1,functional_annotations_pca,functional_annotations_pca,-0.006124809107,-0.008291085967,-0.003937510197,"95% percentile bootstrap over 22 chromosome blocks (B=1000, seed 17); coarse by design (frozen protocol sec.0)",0.001998001998,,False,delta = regulatory_histone_dnase_v1 - comparator (higher-is-better metric),outputs/biological_validation_v2/bioval-v2-protocol-freeze-v1/contrasts/regulatory_histone_dnase_v1__vs__functional_annotations_pca.csv,474b40d32c6b29c806ad1da59dd3e3c4482d4853338ac09904cbab3ab7692d25,frozen,stat_class=sensitivity; supports_regulatory=nan
686,v2_frozen,v2_frozen/rt_consensus,r2_oof_line_K562,regulatory_histone_dnase_v1,regulatory_histone_dnase_v1,cpgpt_large_locus,cpgpt_large_locus,0.2660074475,0.2539006081,0.2874539119,"95% percentile bootstrap over 22 chromosome blocks (B=1000, seed 17); coarse by design (frozen protocol sec.0)",0.001998001998,,False,delta = regulatory_histone_dnase_v1 - comparator (higher-is-better metric),outputs/biological_validation_v2/bioval-v2-protocol-freeze-v1/contrasts/regulatory_histone_dnase_v1__vs__cpgpt_large_locus.csv,31bc77010f6819c37e3c9f4991b7ac7c019b7a3e02b59c4fc37d053b884d3d19,frozen,stat_class=sensitivity; supports_regulatory=nan
687,v2_frozen,v2_frozen/rt_consensus,r2_oof_line_K562,regulatory_histone_dnase_v1,regulatory_histone_dnase_v1,deepcpg_dna_locus,deepcpg_dna_locus,0.306095128,0.2888771464,0.3279221701,"95% percentile bootstrap over 22 chromosome blocks (B=1000, seed 17); coarse by design (frozen protocol sec.0)",0.001998001998,,False,delta = regulatory_histone_dnase_v1 - comparator (higher-is-better metric),outputs/biological_validation_v2/bioval-v2-protocol-freeze-v1/contrasts/regulatory_histone_dnase_v1__vs__deepcpg_dna_locus.csv,1cb7844dcfc990ed7447d0503e34fdb76b9a17e8af37c9da06e94c7fc62e584a,frozen,stat_class=sensitivity; supports_regulatory=nan
688,v2_frozen,v2_frozen/rt_consensus,r2_oof_line_K562,regulatory_histone_dnase_v1,regulatory_histone_dnase_v1,functional_annotations_pca,functional_annotations_pca,-0.01696140344,-0.02017142977,-0.01411746672,"95% percentile bootstrap over 22 chromosome blocks (B=1000, seed 17); coarse by design (frozen protocol sec.0)",0.001998001998,,False,delta = regulatory_histone_dnase_v1 - comparator (higher-is-better metric),outputs/biological_validation_v2/bioval-v2-protocol-freeze-v1/contrasts/regulatory_histone_dnase_v1__vs__functional_annotations_pca.csv,474b40d32c6b29c806ad1da59dd3e3c4482d4853338ac09904cbab3ab7692d25,frozen,stat_class=sensitivity; supports_regulatory=nan
689,v2_frozen,v2_frozen/rt_consensus,r2_oof_line_MCF7,regulatory_histone_dnase_v1,regulatory_histone_dnase_v1,cpgpt_large_locus,cpgpt_large_locus,0.2489424765,0.2321439654,0.2737379965,"95% percentile bootstrap over 22 chromosome blocks (B=1000, seed 17); coarse by design (frozen protocol sec.0)",0.001998001998,,False,delta = regulatory_histone_dnase_v1 - comparator (higher-is-better metric),outputs/biological_validation_v2/bioval-v2-protocol-freeze-v1/contrasts/regulatory_histone_dnase_v1__vs__cpgpt_large_locus.csv,31bc77010f6819c37e3c9f4991b7ac7c019b7a3e02b59c4fc37d053b884d3d19,frozen,stat_class=sensitivity; supports_regulatory=nan
690,v2_frozen,v2_frozen/rt_consensus,r2_oof_line_MCF7,regulatory_histone_dnase_v1,regulatory_histone_dnase_v1,deepcpg_dna_locus,deepcpg_dna_locus,0.2723526956,0.2509469718,0.2999328373,"95% percentile bootstrap over 22 chromosome blocks (B=1000, seed 17); coarse by design (frozen protocol sec.0)",0.001998001998,,False,delta = regulatory_histone_dnase_v1 - comparator (higher-is-better metric),outputs/biological_validation_v2/bioval-v2-protocol-freeze-v1/contrasts/regulatory_histone_dnase_v1__vs__deepcpg_dna_locus.csv,1cb7844dcfc990ed7447d0503e34fdb76b9a17e8af37c9da06e94c7fc62e584a,frozen,stat_class=sensitivity; supports_regulatory=nan
691,v2_frozen,v2_frozen/rt_consensus,r2_oof_line_MCF7,regulatory_histone_dnase_v1,regulatory_histone_dnase_v1,functional_annotations_pca,functional_annotations_pca,-0.01145095527,-0.01431807111,-0.008939530375,"95% percentile bootstrap over 22 chromosome blocks (B=1000, seed 17); coarse by design (frozen protocol sec.0)",0.001998001998,,False,delta = regulatory_histone_dnase_v1 - comparator (higher-is-better metric),outputs/biological_validation_v2/bioval-v2-protocol-freeze-v1/contrasts/regulatory_histone_dnase_v1__vs__functional_annotations_pca.csv,474b40d32c6b29c806ad1da59dd3e3c4482d4853338ac09904cbab3ab7692d25,frozen,stat_class=sensitivity; supports_regulatory=nan
692,v2_frozen,v2_frozen/rt_consensus,r2_oof_line_NHEK,regulatory_histone_dnase_v1,regulatory_histone_dnase_v1,cpgpt_large_locus,cpgpt_large_locus,0.3047152838,0.2873251394,0.3255415632,"95% percentile bootstrap over 22 chromosome blocks (B=1000, seed 17); coarse by design (frozen protocol sec.0)",0.001998001998,,False,delta = regulatory_histone_dnase_v1 - comparator (higher-is-better metric),outputs/biological_validation_v2/bioval-v2-protocol-freeze-v1/contrasts/regulatory_histone_dnase_v1__vs__cpgpt_large_locus.csv,31bc77010f6819c37e3c9f4991b7ac7c019b7a3e02b59c4fc37d053b884d3d19,frozen,stat_class=sensitivity; supports_regulatory=nan
693,v2_frozen,v2_frozen/rt_consensus,r2_oof_line_NHEK,regulatory_histone_dnase_v1,regulatory_histone_dnase_v1,deepcpg_dna_locus,deepcpg_dna_locus,0.3453059354,0.3227041503,0.3709937804,"95% percentile bootstrap over 22 chromosome blocks (B=1000, seed 17); coarse by design (frozen protocol sec.0)",0.001998001998,,False,delta = regulatory_histone_dnase_v1 - comparator (higher-is-better metric),outputs/biological_validation_v2/bioval-v2-protocol-freeze-v1/contrasts/regulatory_histone_dnase_v1__vs__deepcpg_dna_locus.csv,1cb7844dcfc990ed7447d0503e34fdb76b9a17e8af37c9da06e94c7fc62e584a,frozen,stat_class=sensitivity; supports_regulatory=nan
694,v2_frozen,v2_frozen/rt_consensus,r2_oof_line_NHEK,regulatory_histone_dnase_v1,regulatory_histone_dnase_v1,functional_annotations_pca,functional_annotations_pca,-0.007797990209,-0.009934422979,-0.005643310821,"95% percentile bootstrap over 22 chromosome blocks (B=1000, seed 17); coarse by design (frozen protocol sec.0)",0.001998001998,,False,delta = regulatory_histone_dnase_v1 - comparator (higher-is-better metric),outputs/biological_validation_v2/bioval-v2-protocol-freeze-v1/contrasts/regulatory_histone_dnase_v1__vs__functional_annotations_pca.csv,474b40d32c6b29c806ad1da59dd3e3c4482d4853338ac09904cbab3ab7692d25,frozen,stat_class=sensitivity; supports_regulatory=nan
695,v2_frozen,v2_frozen/rt_consensus,r2_oof_line_SKNSH,regulatory_histone_dnase_v1,regulatory_histone_dnase_v1,cpgpt_large_locus,cpgpt_large_locus,0.2007907404,0.1776874173,0.2279108665,"95% percentile bootstrap over 22 chromosome blocks (B=1000, seed 17); coarse by design (frozen protocol sec.0)",0.001998001998,,False,delta = regulatory_histone_dnase_v1 - comparator (higher-is-better metric),outputs/biological_validation_v2/bioval-v2-protocol-freeze-v1/contrasts/regulatory_histone_dnase_v1__vs__cpgpt_large_locus.csv,31bc77010f6819c37e3c9f4991b7ac7c019b7a3e02b59c4fc37d053b884d3d19,frozen,stat_class=sensitivity; supports_regulatory=nan
696,v2_frozen,v2_frozen/rt_consensus,r2_oof_line_SKNSH,regulatory_histone_dnase_v1,regulatory_histone_dnase_v1,deepcpg_dna_locus,deepcpg_dna_locus,0.2177079982,0.1913613651,0.2482857794,"95% percentile bootstrap over 22 chromosome blocks (B=1000, seed 17); coarse by design (frozen protocol sec.0)",0.001998001998,,False,delta = regulatory_histone_dnase_v1 - comparator (higher-is-better metric),outputs/biological_validation_v2/bioval-v2-protocol-freeze-v1/contrasts/regulatory_histone_dnase_v1__vs__deepcpg_dna_locus.csv,1cb7844dcfc990ed7447d0503e34fdb76b9a17e8af37c9da06e94c7fc62e584a,frozen,stat_class=sensitivity; supports_regulatory=nan
697,v2_frozen,v2_frozen/rt_consensus,r2_oof_line_SKNSH,regulatory_histone_dnase_v1,regulatory_histone_dnase_v1,functional_annotations_pca,functional_annotations_pca,-0.008029412566,-0.01289600798,-0.003955623085,"95% percentile bootstrap over 22 chromosome blocks (B=1000, seed 17); coarse by design (frozen protocol sec.0)",0.001998001998,,False,delta = regulatory_histone_dnase_v1 - comparator (higher-is-better metric),outputs/biological_validation_v2/bioval-v2-protocol-freeze-v1/contrasts/regulatory_histone_dnase_v1__vs__functional_annotations_pca.csv,474b40d32c6b29c806ad1da59dd3e3c4482d4853338ac09904cbab3ab7692d25,frozen,stat_class=sensitivity; supports_regulatory=nan
698,v2_frozen,v2_frozen/rt_consensus,spearman_oof_consensus,regulatory_histone_dnase_v1,regulatory_histone_dnase_v1,cpgpt_large_locus,cpgpt_large_locus,0.216746248,0.1963959956,0.2343274318,"95% percentile bootstrap over 22 chromosome blocks (B=1000, seed 17); coarse by design (frozen protocol sec.0)",0.001998001998,0.0079920079920079,True,delta = regulatory_histone_dnase_v1 - comparator (higher-is-better metric),outputs/biological_validation_v2/bioval-v2-protocol-freeze-v1/contrasts/regulatory_histone_dnase_v1__vs__cpgpt_large_locus.csv,31bc77010f6819c37e3c9f4991b7ac7c019b7a3e02b59c4fc37d053b884d3d19,frozen,stat_class=primary; supports_regulatory=True
699,v2_frozen,v2_frozen/rt_consensus,spearman_oof_consensus,regulatory_histone_dnase_v1,regulatory_histone_dnase_v1,deepcpg_dna_locus,deepcpg_dna_locus,0.3437808193,0.3076419683,0.3758285416,"95% percentile bootstrap over 22 chromosome blocks (B=1000, seed 17); coarse by design (frozen protocol sec.0)",0.001998001998,0.0079920079920079,True,delta = regulatory_histone_dnase_v1 - comparator (higher-is-better metric),outputs/biological_validation_v2/bioval-v2-protocol-freeze-v1/contrasts/regulatory_histone_dnase_v1__vs__deepcpg_dna_locus.csv,1cb7844dcfc990ed7447d0503e34fdb76b9a17e8af37c9da06e94c7fc62e584a,frozen,stat_class=primary; supports_regulatory=True
700,v2_frozen,v2_frozen/rt_consensus,spearman_oof_consensus,regulatory_histone_dnase_v1,regulatory_histone_dnase_v1,functional_annotations_pca,functional_annotations_pca,-0.01487949167,-0.01761828114,-0.01194196975,"95% percentile bootstrap over 22 chromosome blocks (B=1000, seed 17); coarse by design (frozen protocol sec.0)",0.001998001998,0.0079920079920079,True,delta = regulatory_histone_dnase_v1 - comparator (higher-is-better metric),outputs/biological_validation_v2/bioval-v2-protocol-freeze-v1/contrasts/regulatory_histone_dnase_v1__vs__functional_annotations_pca.csv,474b40d32c6b29c806ad1da59dd3e3c4482d4853338ac09904cbab3ab7692d25,frozen,stat_class=primary; supports_regulatory=False
701,v2_frozen,v2_frozen/rt_consensus,spearman_oof_line_BG02ES,regulatory_histone_dnase_v1,regulatory_histone_dnase_v1,cpgpt_large_locus,cpgpt_large_locus,0.2175113361,0.202692425,0.2299062383,"95% percentile bootstrap over 22 chromosome blocks (B=1000, seed 17); coarse by design (frozen protocol sec.0)",0.001998001998,,False,delta = regulatory_histone_dnase_v1 - comparator (higher-is-better metric),outputs/biological_validation_v2/bioval-v2-protocol-freeze-v1/contrasts/regulatory_histone_dnase_v1__vs__cpgpt_large_locus.csv,31bc77010f6819c37e3c9f4991b7ac7c019b7a3e02b59c4fc37d053b884d3d19,frozen,stat_class=sensitivity; supports_regulatory=nan
702,v2_frozen,v2_frozen/rt_consensus,spearman_oof_line_BG02ES,regulatory_histone_dnase_v1,regulatory_histone_dnase_v1,deepcpg_dna_locus,deepcpg_dna_locus,0.3638427488,0.3326291861,0.3906154432,"95% percentile bootstrap over 22 chromosome blocks (B=1000, seed 17); coarse by design (frozen protocol sec.0)",0.001998001998,,False,delta = regulatory_histone_dnase_v1 - comparator (higher-is-better metric),outputs/biological_validation_v2/bioval-v2-protocol-freeze-v1/contrasts/regulatory_histone_dnase_v1__vs__deepcpg_dna_locus.csv,1cb7844dcfc990ed7447d0503e34fdb76b9a17e8af37c9da06e94c7fc62e584a,frozen,stat_class=sensitivity; supports_regulatory=nan
703,v2_frozen,v2_frozen/rt_consensus,spearman_oof_line_BG02ES,regulatory_histone_dnase_v1,regulatory_histone_dnase_v1,functional_annotations_pca,functional_annotations_pca,-0.01357619339,-0.01644340953,-0.01065858423,"95% percentile bootstrap over 22 chromosome blocks (B=1000, seed 17); coarse by design (frozen protocol sec.0)",0.001998001998,,False,delta = regulatory_histone_dnase_v1 - comparator (higher-is-better metric),outputs/biological_validation_v2/bioval-v2-protocol-freeze-v1/contrasts/regulatory_histone_dnase_v1__vs__functional_annotations_pca.csv,474b40d32c6b29c806ad1da59dd3e3c4482d4853338ac09904cbab3ab7692d25,frozen,stat_class=sensitivity; supports_regulatory=nan
704,v2_frozen,v2_frozen/rt_consensus,spearman_oof_line_BJ,regulatory_histone_dnase_v1,regulatory_histone_dnase_v1,cpgpt_large_locus,cpgpt_large_locus,0.2401801207,0.2161659545,0.2623693664,"95% percentile bootstrap over 22 chromosome blocks (B=1000, seed 17); coarse by design (frozen protocol sec.0)",0.001998001998,,False,delta = regulatory_histone_dnase_v1 - comparator (higher-is-better metric),outputs/biological_validation_v2/bioval-v2-protocol-freeze-v1/contrasts/regulatory_histone_dnase_v1__vs__cpgpt_large_locus.csv,31bc77010f6819c37e3c9f4991b7ac7c019b7a3e02b59c4fc37d053b884d3d19,frozen,stat_class=sensitivity; supports_regulatory=nan
705,v2_frozen,v2_frozen/rt_consensus,spearman_oof_line_BJ,regulatory_histone_dnase_v1,regulatory_histone_dnase_v1,deepcpg_dna_locus,deepcpg_dna_locus,0.3738604802,0.3346258761,0.4076050601,"95% percentile bootstrap over 22 chromosome blocks (B=1000, seed 17); coarse by design (frozen protocol sec.0)",0.001998001998,,False,delta = regulatory_histone_dnase_v1 - comparator (higher-is-better metric),outputs/biological_validation_v2/bioval-v2-protocol-freeze-v1/contrasts/regulatory_histone_dnase_v1__vs__deepcpg_dna_locus.csv,1cb7844dcfc990ed7447d0503e34fdb76b9a17e8af37c9da06e94c7fc62e584a,frozen,stat_class=sensitivity; supports_regulatory=nan
706,v2_frozen,v2_frozen/rt_consensus,spearman_oof_line_BJ,regulatory_histone_dnase_v1,regulatory_histone_dnase_v1,functional_annotations_pca,functional_annotations_pca,-0.007761024809,-0.009769769417,-0.005551840198,"95% percentile bootstrap over 22 chromosome blocks (B=1000, seed 17); coarse by design (frozen protocol sec.0)",0.001998001998,,False,delta = regulatory_histone_dnase_v1 - comparator (higher-is-better metric),outputs/biological_validation_v2/bioval-v2-protocol-freeze-v1/contrasts/regulatory_histone_dnase_v1__vs__functional_annotations_pca.csv,474b40d32c6b29c806ad1da59dd3e3c4482d4853338ac09904cbab3ab7692d25,frozen,stat_class=sensitivity; supports_regulatory=nan
707,v2_frozen,v2_frozen/rt_consensus,spearman_oof_line_GM06990,regulatory_histone_dnase_v1,regulatory_histone_dnase_v1,cpgpt_large_locus,cpgpt_large_locus,0.2140725254,0.1993218276,0.2260940306,"95% percentile bootstrap over 22 chromosome blocks (B=1000, seed 17); coarse by design (frozen protocol sec.0)",0.001998001998,,False,delta = regulatory_histone_dnase_v1 - comparator (higher-is-better metric),outputs/biological_validation_v2/bioval-v2-protocol-freeze-v1/contrasts/regulatory_histone_dnase_v1__vs__cpgpt_large_locus.csv,31bc77010f6819c37e3c9f4991b7ac7c019b7a3e02b59c4fc37d053b884d3d19,frozen,stat_class=sensitivity; supports_regulatory=nan
708,v2_frozen,v2_frozen/rt_consensus,spearman_oof_line_GM06990,regulatory_histone_dnase_v1,regulatory_histone_dnase_v1,deepcpg_dna_locus,deepcpg_dna_locus,0.3608081683,0.3260465315,0.389340952,"95% percentile bootstrap over 22 chromosome blocks (B=1000, seed 17); coarse by design (frozen protocol sec.0)",0.001998001998,,False,delta = regulatory_histone_dnase_v1 - comparator (higher-is-better metric),outputs/biological_validation_v2/bioval-v2-protocol-freeze-v1/contrasts/regulatory_histone_dnase_v1__vs__deepcpg_dna_locus.csv,1cb7844dcfc990ed7447d0503e34fdb76b9a17e8af37c9da06e94c7fc62e584a,frozen,stat_class=sensitivity; supports_regulatory=nan
709,v2_frozen,v2_frozen/rt_consensus,spearman_oof_line_GM06990,regulatory_histone_dnase_v1,regulatory_histone_dnase_v1,functional_annotations_pca,functional_annotations_pca,-0.015822638,-0.01842230403,-0.01278041229,"95% percentile bootstrap over 22 chromosome blocks (B=1000, seed 17); coarse by design (frozen protocol sec.0)",0.001998001998,,False,delta = regulatory_histone_dnase_v1 - comparator (higher-is-better metric),outputs/biological_validation_v2/bioval-v2-protocol-freeze-v1/contrasts/regulatory_histone_dnase_v1__vs__functional_annotations_pca.csv,474b40d32c6b29c806ad1da59dd3e3c4482d4853338ac09904cbab3ab7692d25,frozen,stat_class=sensitivity; supports_regulatory=nan
710,v2_frozen,v2_frozen/rt_consensus,spearman_oof_line_GM12801,regulatory_histone_dnase_v1,regulatory_histone_dnase_v1,cpgpt_large_locus,cpgpt_large_locus,0.202696265,0.1856186391,0.2165946748,"95% percentile bootstrap over 22 chromosome blocks (B=1000, seed 17); coarse by design (frozen protocol sec.0)",0.001998001998,,False,delta = regulatory_histone_dnase_v1 - comparator (higher-is-better metric),outputs/biological_validation_v2/bioval-v2-protocol-freeze-v1/contrasts/regulatory_histone_dnase_v1__vs__cpgpt_large_locus.csv,31bc77010f6819c37e3c9f4991b7ac7c019b7a3e02b59c4fc37d053b884d3d19,frozen,stat_class=sensitivity; supports_regulatory=nan
711,v2_frozen,v2_frozen/rt_consensus,spearman_oof_line_GM12801,regulatory_histone_dnase_v1,regulatory_histone_dnase_v1,deepcpg_dna_locus,deepcpg_dna_locus,0.3340835279,0.2971165459,0.3651068515,"95% percentile bootstrap over 22 chromosome blocks (B=1000, seed 17); coarse by design (frozen protocol sec.0)",0.001998001998,,False,delta = regulatory_histone_dnase_v1 - comparator (higher-is-better metric),outputs/biological_validation_v2/bioval-v2-protocol-freeze-v1/contrasts/regulatory_histone_dnase_v1__vs__deepcpg_dna_locus.csv,1cb7844dcfc990ed7447d0503e34fdb76b9a17e8af37c9da06e94c7fc62e584a,frozen,stat_class=sensitivity; supports_regulatory=nan
712,v2_frozen,v2_frozen/rt_consensus,spearman_oof_line_GM12801,regulatory_histone_dnase_v1,regulatory_histone_dnase_v1,functional_annotations_pca,functional_annotations_pca,-0.0163442857,-0.01897313157,-0.01329872934,"95% percentile bootstrap over 22 chromosome blocks (B=1000, seed 17); coarse by design (frozen protocol sec.0)",0.001998001998,,False,delta = regulatory_histone_dnase_v1 - comparator (higher-is-better metric),outputs/biological_validation_v2/bioval-v2-protocol-freeze-v1/contrasts/regulatory_histone_dnase_v1__vs__functional_annotations_pca.csv,474b40d32c6b29c806ad1da59dd3e3c4482d4853338ac09904cbab3ab7692d25,frozen,stat_class=sensitivity; supports_regulatory=nan
713,v2_frozen,v2_frozen/rt_consensus,spearman_oof_line_GM12812,regulatory_histone_dnase_v1,regulatory_histone_dnase_v1,cpgpt_large_locus,cpgpt_large_locus,0.2074063521,0.1916752784,0.2204644101,"95% percentile bootstrap over 22 chromosome blocks (B=1000, seed 17); coarse by design (frozen protocol sec.0)",0.001998001998,,False,delta = regulatory_histone_dnase_v1 - comparator (higher-is-better metric),outputs/biological_validation_v2/bioval-v2-protocol-freeze-v1/contrasts/regulatory_histone_dnase_v1__vs__cpgpt_large_locus.csv,31bc77010f6819c37e3c9f4991b7ac7c019b7a3e02b59c4fc37d053b884d3d19,frozen,stat_class=sensitivity; supports_regulatory=nan
714,v2_frozen,v2_frozen/rt_consensus,spearman_oof_line_GM12812,regulatory_histone_dnase_v1,regulatory_histone_dnase_v1,deepcpg_dna_locus,deepcpg_dna_locus,0.3465788696,0.3089825954,0.375960996,"95% percentile bootstrap over 22 chromosome blocks (B=1000, seed 17); coarse by design (frozen protocol sec.0)",0.001998001998,,False,delta = regulatory_histone_dnase_v1 - comparator (higher-is-better metric),outputs/biological_validation_v2/bioval-v2-protocol-freeze-v1/contrasts/regulatory_histone_dnase_v1__vs__deepcpg_dna_locus.csv,1cb7844dcfc990ed7447d0503e34fdb76b9a17e8af37c9da06e94c7fc62e584a,frozen,stat_class=sensitivity; supports_regulatory=nan
715,v2_frozen,v2_frozen/rt_consensus,spearman_oof_line_GM12812,regulatory_histone_dnase_v1,regulatory_histone_dnase_v1,functional_annotations_pca,functional_annotations_pca,-0.01507143304,-0.01740304314,-0.0120401142,"95% percentile bootstrap over 22 chromosome blocks (B=1000, seed 17); coarse by design (frozen protocol sec.0)",0.001998001998,,False,delta = regulatory_histone_dnase_v1 - comparator (higher-is-better metric),outputs/biological_validation_v2/bioval-v2-protocol-freeze-v1/contrasts/regulatory_histone_dnase_v1__vs__functional_annotations_pca.csv,474b40d32c6b29c806ad1da59dd3e3c4482d4853338ac09904cbab3ab7692d25,frozen,stat_class=sensitivity; supports_regulatory=nan
716,v2_frozen,v2_frozen/rt_consensus,spearman_oof_line_GM12813,regulatory_histone_dnase_v1,regulatory_histone_dnase_v1,cpgpt_large_locus,cpgpt_large_locus,0.206255828,0.1894736078,0.219663922,"95% percentile bootstrap over 22 chromosome blocks (B=1000, seed 17); coarse by design (frozen protocol sec.0)",0.001998001998,,False,delta = regulatory_histone_dnase_v1 - comparator (higher-is-better metric),outputs/biological_validation_v2/bioval-v2-protocol-freeze-v1/contrasts/regulatory_histone_dnase_v1__vs__cpgpt_large_locus.csv,31bc77010f6819c37e3c9f4991b7ac7c019b7a3e02b59c4fc37d053b884d3d19,frozen,stat_class=sensitivity; supports_regulatory=nan
717,v2_frozen,v2_frozen/rt_consensus,spearman_oof_line_GM12813,regulatory_histone_dnase_v1,regulatory_histone_dnase_v1,deepcpg_dna_locus,deepcpg_dna_locus,0.3356309935,0.2978387422,0.3645842508,"95% percentile bootstrap over 22 chromosome blocks (B=1000, seed 17); coarse by design (frozen protocol sec.0)",0.001998001998,,False,delta = regulatory_histone_dnase_v1 - comparator (higher-is-better metric),outputs/biological_validation_v2/bioval-v2-protocol-freeze-v1/contrasts/regulatory_histone_dnase_v1__vs__deepcpg_dna_locus.csv,1cb7844dcfc990ed7447d0503e34fdb76b9a17e8af37c9da06e94c7fc62e584a,frozen,stat_class=sensitivity; supports_regulatory=nan
718,v2_frozen,v2_frozen/rt_consensus,spearman_oof_line_GM12813,regulatory_histone_dnase_v1,regulatory_histone_dnase_v1,functional_annotations_pca,functional_annotations_pca,-0.01497789004,-0.01744734183,-0.01200406517,"95% percentile bootstrap over 22 chromosome blocks (B=1000, seed 17); coarse by design (frozen protocol sec.0)",0.001998001998,,False,delta = regulatory_histone_dnase_v1 - comparator (higher-is-better metric),outputs/biological_validation_v2/bioval-v2-protocol-freeze-v1/contrasts/regulatory_histone_dnase_v1__vs__functional_annotations_pca.csv,474b40d32c6b29c806ad1da59dd3e3c4482d4853338ac09904cbab3ab7692d25,frozen,stat_class=sensitivity; supports_regulatory=nan
719,v2_frozen,v2_frozen/rt_consensus,spearman_oof_line_GM12878,regulatory_histone_dnase_v1,regulatory_histone_dnase_v1,cpgpt_large_locus,cpgpt_large_locus,0.2011468293,0.1817662298,0.2165404035,"95% percentile bootstrap over 22 chromosome blocks (B=1000, seed 17); coarse by design (frozen protocol sec.0)",0.001998001998,,False,delta = regulatory_histone_dnase_v1 - comparator (higher-is-better metric),outputs/biological_validation_v2/bioval-v2-protocol-freeze-v1/contrasts/regulatory_histone_dnase_v1__vs__cpgpt_large_locus.csv,31bc77010f6819c37e3c9f4991b7ac7c019b7a3e02b59c4fc37d053b884d3d19,frozen,stat_class=sensitivity; supports_regulatory=nan
720,v2_frozen,v2_frozen/rt_consensus,spearman_oof_line_GM12878,regulatory_histone_dnase_v1,regulatory_histone_dnase_v1,deepcpg_dna_locus,deepcpg_dna_locus,0.3321450762,0.2960373271,0.3617610402,"95% percentile bootstrap over 22 chromosome blocks (B=1000, seed 17); coarse by design (frozen protocol sec.0)",0.001998001998,,False,delta = regulatory_histone_dnase_v1 - comparator (higher-is-better metric),outputs/biological_validation_v2/bioval-v2-protocol-freeze-v1/contrasts/regulatory_histone_dnase_v1__vs__deepcpg_dna_locus.csv,1cb7844dcfc990ed7447d0503e34fdb76b9a17e8af37c9da06e94c7fc62e584a,frozen,stat_class=sensitivity; supports_regulatory=nan
721,v2_frozen,v2_frozen/rt_consensus,spearman_oof_line_GM12878,regulatory_histone_dnase_v1,regulatory_histone_dnase_v1,functional_annotations_pca,functional_annotations_pca,-0.0156874787,-0.01854756063,-0.01224235358,"95% percentile bootstrap over 22 chromosome blocks (B=1000, seed 17); coarse by design (frozen protocol sec.0)",0.001998001998,,False,delta = regulatory_histone_dnase_v1 - comparator (higher-is-better metric),outputs/biological_validation_v2/bioval-v2-protocol-freeze-v1/contrasts/regulatory_histone_dnase_v1__vs__functional_annotations_pca.csv,474b40d32c6b29c806ad1da59dd3e3c4482d4853338ac09904cbab3ab7692d25,frozen,stat_class=sensitivity; supports_regulatory=nan
722,v2_frozen,v2_frozen/rt_consensus,spearman_oof_line_HELAS3,regulatory_histone_dnase_v1,regulatory_histone_dnase_v1,cpgpt_large_locus,cpgpt_large_locus,0.22771335,0.2081885785,0.2451877455,"95% percentile bootstrap over 22 chromosome blocks (B=1000, seed 17); coarse by design (frozen protocol sec.0)",0.001998001998,,False,delta = regulatory_histone_dnase_v1 - comparator (higher-is-better metric),outputs/biological_validation_v2/bioval-v2-protocol-freeze-v1/contrasts/regulatory_histone_dnase_v1__vs__cpgpt_large_locus.csv,31bc77010f6819c37e3c9f4991b7ac7c019b7a3e02b59c4fc37d053b884d3d19,frozen,stat_class=sensitivity; supports_regulatory=nan
723,v2_frozen,v2_frozen/rt_consensus,spearman_oof_line_HELAS3,regulatory_histone_dnase_v1,regulatory_histone_dnase_v1,deepcpg_dna_locus,deepcpg_dna_locus,0.3547778975,0.322332342,0.3850665724,"95% percentile bootstrap over 22 chromosome blocks (B=1000, seed 17); coarse by design (frozen protocol sec.0)",0.001998001998,,False,delta = regulatory_histone_dnase_v1 - comparator (higher-is-better metric),outputs/biological_validation_v2/bioval-v2-protocol-freeze-v1/contrasts/regulatory_histone_dnase_v1__vs__deepcpg_dna_locus.csv,1cb7844dcfc990ed7447d0503e34fdb76b9a17e8af37c9da06e94c7fc62e584a,frozen,stat_class=sensitivity; supports_regulatory=nan
724,v2_frozen,v2_frozen/rt_consensus,spearman_oof_line_HELAS3,regulatory_histone_dnase_v1,regulatory_histone_dnase_v1,functional_annotations_pca,functional_annotations_pca,-0.01030939632,-0.01278537526,-0.007676207176,"95% percentile bootstrap over 22 chromosome blocks (B=1000, seed 17); coarse by design (frozen protocol sec.0)",0.001998001998,,False,delta = regulatory_histone_dnase_v1 - comparator (higher-is-better metric),outputs/biological_validation_v2/bioval-v2-protocol-freeze-v1/contrasts/regulatory_histone_dnase_v1__vs__functional_annotations_pca.csv,474b40d32c6b29c806ad1da59dd3e3c4482d4853338ac09904cbab3ab7692d25,frozen,stat_class=sensitivity; supports_regulatory=nan
725,v2_frozen,v2_frozen/rt_consensus,spearman_oof_line_HEPG2,regulatory_histone_dnase_v1,regulatory_histone_dnase_v1,cpgpt_large_locus,cpgpt_large_locus,0.177093766,0.1532446694,0.1964575757,"95% percentile bootstrap over 22 chromosome blocks (B=1000, seed 17); coarse by design (frozen protocol sec.0)",0.001998001998,,False,delta = regulatory_histone_dnase_v1 - comparator (higher-is-better metric),outputs/biological_validation_v2/bioval-v2-protocol-freeze-v1/contrasts/regulatory_histone_dnase_v1__vs__cpgpt_large_locus.csv,31bc77010f6819c37e3c9f4991b7ac7c019b7a3e02b59c4fc37d053b884d3d19,frozen,stat_class=sensitivity; supports_regulatory=nan
726,v2_frozen,v2_frozen/rt_consensus,spearman_oof_line_HEPG2,regulatory_histone_dnase_v1,regulatory_histone_dnase_v1,deepcpg_dna_locus,deepcpg_dna_locus,0.2720922726,0.2394176211,0.2994670608,"95% percentile bootstrap over 22 chromosome blocks (B=1000, seed 17); coarse by design (frozen protocol sec.0)",0.001998001998,,False,delta = regulatory_histone_dnase_v1 - comparator (higher-is-better metric),outputs/biological_validation_v2/bioval-v2-protocol-freeze-v1/contrasts/regulatory_histone_dnase_v1__vs__deepcpg_dna_locus.csv,1cb7844dcfc990ed7447d0503e34fdb76b9a17e8af37c9da06e94c7fc62e584a,frozen,stat_class=sensitivity; supports_regulatory=nan
727,v2_frozen,v2_frozen/rt_consensus,spearman_oof_line_HEPG2,regulatory_histone_dnase_v1,regulatory_histone_dnase_v1,functional_annotations_pca,functional_annotations_pca,-0.01472830018,-0.0179014557,-0.01182876088,"95% percentile bootstrap over 22 chromosome blocks (B=1000, seed 17); coarse by design (frozen protocol sec.0)",0.001998001998,,False,delta = regulatory_histone_dnase_v1 - comparator (higher-is-better metric),outputs/biological_validation_v2/bioval-v2-protocol-freeze-v1/contrasts/regulatory_histone_dnase_v1__vs__functional_annotations_pca.csv,474b40d32c6b29c806ad1da59dd3e3c4482d4853338ac09904cbab3ab7692d25,frozen,stat_class=sensitivity; supports_regulatory=nan
728,v2_frozen,v2_frozen/rt_consensus,spearman_oof_line_HUVEC,regulatory_histone_dnase_v1,regulatory_histone_dnase_v1,cpgpt_large_locus,cpgpt_large_locus,0.2302006016,0.2093569557,0.2495925381,"95% percentile bootstrap over 22 chromosome blocks (B=1000, seed 17); coarse by design (frozen protocol sec.0)",0.001998001998,,False,delta = regulatory_histone_dnase_v1 - comparator (higher-is-better metric),outputs/biological_validation_v2/bioval-v2-protocol-freeze-v1/contrasts/regulatory_histone_dnase_v1__vs__cpgpt_large_locus.csv,31bc77010f6819c37e3c9f4991b7ac7c019b7a3e02b59c4fc37d053b884d3d19,frozen,stat_class=sensitivity; supports_regulatory=nan
729,v2_frozen,v2_frozen/rt_consensus,spearman_oof_line_HUVEC,regulatory_histone_dnase_v1,regulatory_histone_dnase_v1,deepcpg_dna_locus,deepcpg_dna_locus,0.3473359069,0.3127300494,0.3816497266,"95% percentile bootstrap over 22 chromosome blocks (B=1000, seed 17); coarse by design (frozen protocol sec.0)",0.001998001998,,False,delta = regulatory_histone_dnase_v1 - comparator (higher-is-better metric),outputs/biological_validation_v2/bioval-v2-protocol-freeze-v1/contrasts/regulatory_histone_dnase_v1__vs__deepcpg_dna_locus.csv,1cb7844dcfc990ed7447d0503e34fdb76b9a17e8af37c9da06e94c7fc62e584a,frozen,stat_class=sensitivity; supports_regulatory=nan
730,v2_frozen,v2_frozen/rt_consensus,spearman_oof_line_HUVEC,regulatory_histone_dnase_v1,regulatory_histone_dnase_v1,functional_annotations_pca,functional_annotations_pca,-0.01200091267,-0.01407844844,-0.009758967151,"95% percentile bootstrap over 22 chromosome blocks (B=1000, seed 17); coarse by design (frozen protocol sec.0)",0.001998001998,,False,delta = regulatory_histone_dnase_v1 - comparator (higher-is-better metric),outputs/biological_validation_v2/bioval-v2-protocol-freeze-v1/contrasts/regulatory_histone_dnase_v1__vs__functional_annotations_pca.csv,474b40d32c6b29c806ad1da59dd3e3c4482d4853338ac09904cbab3ab7692d25,frozen,stat_class=sensitivity; supports_regulatory=nan
731,v2_frozen,v2_frozen/rt_consensus,spearman_oof_line_IMR90,regulatory_histone_dnase_v1,regulatory_histone_dnase_v1,cpgpt_large_locus,cpgpt_large_locus,0.2503460443,0.2237501682,0.2752216782,"95% percentile bootstrap over 22 chromosome blocks (B=1000, seed 17); coarse by design (frozen protocol sec.0)",0.001998001998,,False,delta = regulatory_histone_dnase_v1 - comparator (higher-is-better metric),outputs/biological_validation_v2/bioval-v2-protocol-freeze-v1/contrasts/regulatory_histone_dnase_v1__vs__cpgpt_large_locus.csv,31bc77010f6819c37e3c9f4991b7ac7c019b7a3e02b59c4fc37d053b884d3d19,frozen,stat_class=sensitivity; supports_regulatory=nan
732,v2_frozen,v2_frozen/rt_consensus,spearman_oof_line_IMR90,regulatory_histone_dnase_v1,regulatory_histone_dnase_v1,deepcpg_dna_locus,deepcpg_dna_locus,0.3632670046,0.3250885856,0.4001605943,"95% percentile bootstrap over 22 chromosome blocks (B=1000, seed 17); coarse by design (frozen protocol sec.0)",0.001998001998,,False,delta = regulatory_histone_dnase_v1 - comparator (higher-is-better metric),outputs/biological_validation_v2/bioval-v2-protocol-freeze-v1/contrasts/regulatory_histone_dnase_v1__vs__deepcpg_dna_locus.csv,1cb7844dcfc990ed7447d0503e34fdb76b9a17e8af37c9da06e94c7fc62e584a,frozen,stat_class=sensitivity; supports_regulatory=nan
733,v2_frozen,v2_frozen/rt_consensus,spearman_oof_line_IMR90,regulatory_histone_dnase_v1,regulatory_histone_dnase_v1,functional_annotations_pca,functional_annotations_pca,-0.009073982648,-0.01108805133,-0.006613640903,"95% percentile bootstrap over 22 chromosome blocks (B=1000, seed 17); coarse by design (frozen protocol sec.0)",0.001998001998,,False,delta = regulatory_histone_dnase_v1 - comparator (higher-is-better metric),outputs/biological_validation_v2/bioval-v2-protocol-freeze-v1/contrasts/regulatory_histone_dnase_v1__vs__functional_annotations_pca.csv,474b40d32c6b29c806ad1da59dd3e3c4482d4853338ac09904cbab3ab7692d25,frozen,stat_class=sensitivity; supports_regulatory=nan
734,v2_frozen,v2_frozen/rt_consensus,spearman_oof_line_K562,regulatory_histone_dnase_v1,regulatory_histone_dnase_v1,cpgpt_large_locus,cpgpt_large_locus,0.2080631902,0.1904595213,0.2239219339,"95% percentile bootstrap over 22 chromosome blocks (B=1000, seed 17); coarse by design (frozen protocol sec.0)",0.001998001998,,False,delta = regulatory_histone_dnase_v1 - comparator (higher-is-better metric),outputs/biological_validation_v2/bioval-v2-protocol-freeze-v1/contrasts/regulatory_histone_dnase_v1__vs__cpgpt_large_locus.csv,31bc77010f6819c37e3c9f4991b7ac7c019b7a3e02b59c4fc37d053b884d3d19,frozen,stat_class=sensitivity; supports_regulatory=nan
735,v2_frozen,v2_frozen/rt_consensus,spearman_oof_line_K562,regulatory_histone_dnase_v1,regulatory_histone_dnase_v1,deepcpg_dna_locus,deepcpg_dna_locus,0.3236479992,0.2931277709,0.3496956041,"95% percentile bootstrap over 22 chromosome blocks (B=1000, seed 17); coarse by design (frozen protocol sec.0)",0.001998001998,,False,delta = regulatory_histone_dnase_v1 - comparator (higher-is-better metric),outputs/biological_validation_v2/bioval-v2-protocol-freeze-v1/contrasts/regulatory_histone_dnase_v1__vs__deepcpg_dna_locus.csv,1cb7844dcfc990ed7447d0503e34fdb76b9a17e8af37c9da06e94c7fc62e584a,frozen,stat_class=sensitivity; supports_regulatory=nan
736,v2_frozen,v2_frozen/rt_consensus,spearman_oof_line_K562,regulatory_histone_dnase_v1,regulatory_histone_dnase_v1,functional_annotations_pca,functional_annotations_pca,-0.01722888879,-0.02039571945,-0.01410799583,"95% percentile bootstrap over 22 chromosome blocks (B=1000, seed 17); coarse by design (frozen protocol sec.0)",0.001998001998,,False,delta = regulatory_histone_dnase_v1 - comparator (higher-is-better metric),outputs/biological_validation_v2/bioval-v2-protocol-freeze-v1/contrasts/regulatory_histone_dnase_v1__vs__functional_annotations_pca.csv,474b40d32c6b29c806ad1da59dd3e3c4482d4853338ac09904cbab3ab7692d25,frozen,stat_class=sensitivity; supports_regulatory=nan
737,v2_frozen,v2_frozen/rt_consensus,spearman_oof_line_MCF7,regulatory_histone_dnase_v1,regulatory_histone_dnase_v1,cpgpt_large_locus,cpgpt_large_locus,0.1788654344,0.1595992918,0.1971105635,"95% percentile bootstrap over 22 chromosome blocks (B=1000, seed 17); coarse by design (frozen protocol sec.0)",0.001998001998,,False,delta = regulatory_histone_dnase_v1 - comparator (higher-is-better metric),outputs/biological_validation_v2/bioval-v2-protocol-freeze-v1/contrasts/regulatory_histone_dnase_v1__vs__cpgpt_large_locus.csv,31bc77010f6819c37e3c9f4991b7ac7c019b7a3e02b59c4fc37d053b884d3d19,frozen,stat_class=sensitivity; supports_regulatory=nan
738,v2_frozen,v2_frozen/rt_consensus,spearman_oof_line_MCF7,regulatory_histone_dnase_v1,regulatory_histone_dnase_v1,deepcpg_dna_locus,deepcpg_dna_locus,0.2524390427,0.2231325172,0.278690564,"95% percentile bootstrap over 22 chromosome blocks (B=1000, seed 17); coarse by design (frozen protocol sec.0)",0.001998001998,,False,delta = regulatory_histone_dnase_v1 - comparator (higher-is-better metric),outputs/biological_validation_v2/bioval-v2-protocol-freeze-v1/contrasts/regulatory_histone_dnase_v1__vs__deepcpg_dna_locus.csv,1cb7844dcfc990ed7447d0503e34fdb76b9a17e8af37c9da06e94c7fc62e584a,frozen,stat_class=sensitivity; supports_regulatory=nan
739,v2_frozen,v2_frozen/rt_consensus,spearman_oof_line_MCF7,regulatory_histone_dnase_v1,regulatory_histone_dnase_v1,functional_annotations_pca,functional_annotations_pca,-0.01302735699,-0.01560934101,-0.01044453994,"95% percentile bootstrap over 22 chromosome blocks (B=1000, seed 17); coarse by design (frozen protocol sec.0)",0.001998001998,,False,delta = regulatory_histone_dnase_v1 - comparator (higher-is-better metric),outputs/biological_validation_v2/bioval-v2-protocol-freeze-v1/contrasts/regulatory_histone_dnase_v1__vs__functional_annotations_pca.csv,474b40d32c6b29c806ad1da59dd3e3c4482d4853338ac09904cbab3ab7692d25,frozen,stat_class=sensitivity; supports_regulatory=nan
740,v2_frozen,v2_frozen/rt_consensus,spearman_oof_line_NHEK,regulatory_histone_dnase_v1,regulatory_histone_dnase_v1,cpgpt_large_locus,cpgpt_large_locus,0.2076552736,0.1828282302,0.2299535436,"95% percentile bootstrap over 22 chromosome blocks (B=1000, seed 17); coarse by design (frozen protocol sec.0)",0.001998001998,,False,delta = regulatory_histone_dnase_v1 - comparator (higher-is-better metric),outputs/biological_validation_v2/bioval-v2-protocol-freeze-v1/contrasts/regulatory_histone_dnase_v1__vs__cpgpt_large_locus.csv,31bc77010f6819c37e3c9f4991b7ac7c019b7a3e02b59c4fc37d053b884d3d19,frozen,stat_class=sensitivity; supports_regulatory=nan
741,v2_frozen,v2_frozen/rt_consensus,spearman_oof_line_NHEK,regulatory_histone_dnase_v1,regulatory_histone_dnase_v1,deepcpg_dna_locus,deepcpg_dna_locus,0.311713326,0.2733989725,0.3458901654,"95% percentile bootstrap over 22 chromosome blocks (B=1000, seed 17); coarse by design (frozen protocol sec.0)",0.001998001998,,False,delta = regulatory_histone_dnase_v1 - comparator (higher-is-better metric),outputs/biological_validation_v2/bioval-v2-protocol-freeze-v1/contrasts/regulatory_histone_dnase_v1__vs__deepcpg_dna_locus.csv,1cb7844dcfc990ed7447d0503e34fdb76b9a17e8af37c9da06e94c7fc62e584a,frozen,stat_class=sensitivity; supports_regulatory=nan
742,v2_frozen,v2_frozen/rt_consensus,spearman_oof_line_NHEK,regulatory_histone_dnase_v1,regulatory_histone_dnase_v1,functional_annotations_pca,functional_annotations_pca,-0.01053004121,-0.01248341109,-0.008264835305,"95% percentile bootstrap over 22 chromosome blocks (B=1000, seed 17); coarse by design (frozen protocol sec.0)",0.001998001998,,False,delta = regulatory_histone_dnase_v1 - comparator (higher-is-better metric),outputs/biological_validation_v2/bioval-v2-protocol-freeze-v1/contrasts/regulatory_histone_dnase_v1__vs__functional_annotations_pca.csv,474b40d32c6b29c806ad1da59dd3e3c4482d4853338ac09904cbab3ab7692d25,frozen,stat_class=sensitivity; supports_regulatory=nan
743,v2_frozen,v2_frozen/rt_consensus,spearman_oof_line_SKNSH,regulatory_histone_dnase_v1,regulatory_histone_dnase_v1,cpgpt_large_locus,cpgpt_large_locus,0.1465980805,0.1246086167,0.1686820575,"95% percentile bootstrap over 22 chromosome blocks (B=1000, seed 17); coarse by design (frozen protocol sec.0)",0.001998001998,,False,delta = regulatory_histone_dnase_v1 - comparator (higher-is-better metric),outputs/biological_validation_v2/bioval-v2-protocol-freeze-v1/contrasts/regulatory_histone_dnase_v1__vs__cpgpt_large_locus.csv,31bc77010f6819c37e3c9f4991b7ac7c019b7a3e02b59c4fc37d053b884d3d19,frozen,stat_class=sensitivity; supports_regulatory=nan
744,v2_frozen,v2_frozen/rt_consensus,spearman_oof_line_SKNSH,regulatory_histone_dnase_v1,regulatory_histone_dnase_v1,deepcpg_dna_locus,deepcpg_dna_locus,0.2027642055,0.1735685544,0.2306787222,"95% percentile bootstrap over 22 chromosome blocks (B=1000, seed 17); coarse by design (frozen protocol sec.0)",0.001998001998,,False,delta = regulatory_histone_dnase_v1 - comparator (higher-is-better metric),outputs/biological_validation_v2/bioval-v2-protocol-freeze-v1/contrasts/regulatory_histone_dnase_v1__vs__deepcpg_dna_locus.csv,1cb7844dcfc990ed7447d0503e34fdb76b9a17e8af37c9da06e94c7fc62e584a,frozen,stat_class=sensitivity; supports_regulatory=nan
745,v2_frozen,v2_frozen/rt_consensus,spearman_oof_line_SKNSH,regulatory_histone_dnase_v1,regulatory_histone_dnase_v1,functional_annotations_pca,functional_annotations_pca,-0.0127173994,-0.01632960413,-0.009026014266,"95% percentile bootstrap over 22 chromosome blocks (B=1000, seed 17); coarse by design (frozen protocol sec.0)",0.001998001998,,False,delta = regulatory_histone_dnase_v1 - comparator (higher-is-better metric),outputs/biological_validation_v2/bioval-v2-protocol-freeze-v1/contrasts/regulatory_histone_dnase_v1__vs__functional_annotations_pca.csv,474b40d32c6b29c806ad1da59dd3e3c4482d4853338ac09904cbab3ab7692d25,frozen,stat_class=sensitivity; supports_regulatory=nan
746,v2_sensitivity,v2_sensitivity/compartment_E1_probe_GM12878_50kb,r2_oof,regulatory_histone_dnase_v1,regulatory_histone_dnase_v1,cpgpt_large_locus,cpgpt_large_locus,0.2827736683,0.2325127901,0.3239234892,"95% percentile bootstrap over 22 chromosome blocks (B=1000, seed 17); coarse by design (frozen protocol sec.0)",0.001998001998,,False,delta = regulatory_histone_dnase_v1 - comparator (higher-is-better metric),outputs/biological_validation_v2/bioval-v2-protocol-freeze-v1/sensitivity/contrasts/regulatory_histone_dnase_v1__vs__cpgpt_large_locus.csv,695e9842b45d60c7a6e3a39e11a03fa17bc757ede43049f6fb7e58f6956a7352,preregistered,descriptive; raw p; no Holm
747,v2_sensitivity,v2_sensitivity/compartment_E1_probe_GM12878_50kb,r2_oof,regulatory_histone_dnase_v1,regulatory_histone_dnase_v1,deepcpg_dna_locus,deepcpg_dna_locus,0.329947547,0.2645083641,0.3851525792,"95% percentile bootstrap over 22 chromosome blocks (B=1000, seed 17); coarse by design (frozen protocol sec.0)",0.001998001998,,False,delta = regulatory_histone_dnase_v1 - comparator (higher-is-better metric),outputs/biological_validation_v2/bioval-v2-protocol-freeze-v1/sensitivity/contrasts/regulatory_histone_dnase_v1__vs__deepcpg_dna_locus.csv,b0c5d647edcd782d6b92ba0304dca62b8fe6940647b816f9a5384cdb6846b2aa,preregistered,descriptive; raw p; no Holm
748,v2_sensitivity,v2_sensitivity/compartment_E1_probe_GM12878_50kb,r2_oof,regulatory_histone_dnase_v1,regulatory_histone_dnase_v1,functional_annotations_pca,functional_annotations_pca,-0.003972355402,-0.007639268739,0.0007455263743,"95% percentile bootstrap over 22 chromosome blocks (B=1000, seed 17); coarse by design (frozen protocol sec.0)",0.1158841159,,False,delta = regulatory_histone_dnase_v1 - comparator (higher-is-better metric),outputs/biological_validation_v2/bioval-v2-protocol-freeze-v1/sensitivity/contrasts/regulatory_histone_dnase_v1__vs__functional_annotations_pca.csv,d43648760ad2d89cdb5cc2a779eebd283ef540c588daaa618f16d92dd2fa8584,preregistered,descriptive; raw p; no Holm
749,v2_sensitivity,v2_sensitivity/compartment_E1_probe_GM12878_50kb,spearman_E1_vs_oof_pred,regulatory_histone_dnase_v1,regulatory_histone_dnase_v1,cpgpt_large_locus,cpgpt_large_locus,0.2229284159,0.1994612702,0.250797137,"95% percentile bootstrap over 22 chromosome blocks (B=1000, seed 17); coarse by design (frozen protocol sec.0)",0.001998001998,,False,delta = regulatory_histone_dnase_v1 - comparator (higher-is-better metric),outputs/biological_validation_v2/bioval-v2-protocol-freeze-v1/sensitivity/contrasts/regulatory_histone_dnase_v1__vs__cpgpt_large_locus.csv,695e9842b45d60c7a6e3a39e11a03fa17bc757ede43049f6fb7e58f6956a7352,preregistered,descriptive; raw p; no Holm
750,v2_sensitivity,v2_sensitivity/compartment_E1_probe_GM12878_50kb,spearman_E1_vs_oof_pred,regulatory_histone_dnase_v1,regulatory_histone_dnase_v1,deepcpg_dna_locus,deepcpg_dna_locus,0.3565547067,0.3101113671,0.4036929541,"95% percentile bootstrap over 22 chromosome blocks (B=1000, seed 17); coarse by design (frozen protocol sec.0)",0.001998001998,,False,delta = regulatory_histone_dnase_v1 - comparator (higher-is-better metric),outputs/biological_validation_v2/bioval-v2-protocol-freeze-v1/sensitivity/contrasts/regulatory_histone_dnase_v1__vs__deepcpg_dna_locus.csv,b0c5d647edcd782d6b92ba0304dca62b8fe6940647b816f9a5384cdb6846b2aa,preregistered,descriptive; raw p; no Holm
751,v2_sensitivity,v2_sensitivity/compartment_E1_probe_GM12878_50kb,spearman_E1_vs_oof_pred,regulatory_histone_dnase_v1,regulatory_histone_dnase_v1,functional_annotations_pca,functional_annotations_pca,-0.008421252157,-0.01212010248,-0.004694311882,"95% percentile bootstrap over 22 chromosome blocks (B=1000, seed 17); coarse by design (frozen protocol sec.0)",0.001998001998,,False,delta = regulatory_histone_dnase_v1 - comparator (higher-is-better metric),outputs/biological_validation_v2/bioval-v2-protocol-freeze-v1/sensitivity/contrasts/regulatory_histone_dnase_v1__vs__functional_annotations_pca.csv,d43648760ad2d89cdb5cc2a779eebd283ef540c588daaa618f16d92dd2fa8584,preregistered,descriptive; raw p; no Holm
752,v2_sensitivity,v2_sensitivity/compartment_E1_probe_H1_50kb,r2_oof,regulatory_histone_dnase_v1,regulatory_histone_dnase_v1,cpgpt_large_locus,cpgpt_large_locus,0.1052225171,0.06091472592,0.1364232659,"95% percentile bootstrap over 22 chromosome blocks (B=1000, seed 17); coarse by design (frozen protocol sec.0)",0.001998001998,,False,delta = regulatory_histone_dnase_v1 - comparator (higher-is-better metric),outputs/biological_validation_v2/bioval-v2-protocol-freeze-v1/sensitivity/contrasts/regulatory_histone_dnase_v1__vs__cpgpt_large_locus.csv,695e9842b45d60c7a6e3a39e11a03fa17bc757ede43049f6fb7e58f6956a7352,preregistered,descriptive; raw p; no Holm
753,v2_sensitivity,v2_sensitivity/compartment_E1_probe_H1_50kb,r2_oof,regulatory_histone_dnase_v1,regulatory_histone_dnase_v1,deepcpg_dna_locus,deepcpg_dna_locus,0.1093844818,0.05794331907,0.143936228,"95% percentile bootstrap over 22 chromosome blocks (B=1000, seed 17); coarse by design (frozen protocol sec.0)",0.001998001998,,False,delta = regulatory_histone_dnase_v1 - comparator (higher-is-better metric),outputs/biological_validation_v2/bioval-v2-protocol-freeze-v1/sensitivity/contrasts/regulatory_histone_dnase_v1__vs__deepcpg_dna_locus.csv,b0c5d647edcd782d6b92ba0304dca62b8fe6940647b816f9a5384cdb6846b2aa,preregistered,descriptive; raw p; no Holm
754,v2_sensitivity,v2_sensitivity/compartment_E1_probe_H1_50kb,r2_oof,regulatory_histone_dnase_v1,regulatory_histone_dnase_v1,functional_annotations_pca,functional_annotations_pca,-0.003078406973,-0.01070237039,0.008070558082,"95% percentile bootstrap over 22 chromosome blocks (B=1000, seed 17); coarse by design (frozen protocol sec.0)",0.4955044955,,False,delta = regulatory_histone_dnase_v1 - comparator (higher-is-better metric),outputs/biological_validation_v2/bioval-v2-protocol-freeze-v1/sensitivity/contrasts/regulatory_histone_dnase_v1__vs__functional_annotations_pca.csv,d43648760ad2d89cdb5cc2a779eebd283ef540c588daaa618f16d92dd2fa8584,preregistered,descriptive; raw p; no Holm
755,v2_sensitivity,v2_sensitivity/compartment_E1_probe_H1_50kb,spearman_E1_vs_oof_pred,regulatory_histone_dnase_v1,regulatory_histone_dnase_v1,cpgpt_large_locus,cpgpt_large_locus,0.1126908632,0.09607676935,0.1293565456,"95% percentile bootstrap over 22 chromosome blocks (B=1000, seed 17); coarse by design (frozen protocol sec.0)",0.001998001998,,False,delta = regulatory_histone_dnase_v1 - comparator (higher-is-better metric),outputs/biological_validation_v2/bioval-v2-protocol-freeze-v1/sensitivity/contrasts/regulatory_histone_dnase_v1__vs__cpgpt_large_locus.csv,695e9842b45d60c7a6e3a39e11a03fa17bc757ede43049f6fb7e58f6956a7352,preregistered,descriptive; raw p; no Holm
756,v2_sensitivity,v2_sensitivity/compartment_E1_probe_H1_50kb,spearman_E1_vs_oof_pred,regulatory_histone_dnase_v1,regulatory_histone_dnase_v1,deepcpg_dna_locus,deepcpg_dna_locus,0.1536308213,0.1285500221,0.1794378426,"95% percentile bootstrap over 22 chromosome blocks (B=1000, seed 17); coarse by design (frozen protocol sec.0)",0.001998001998,,False,delta = regulatory_histone_dnase_v1 - comparator (higher-is-better metric),outputs/biological_validation_v2/bioval-v2-protocol-freeze-v1/sensitivity/contrasts/regulatory_histone_dnase_v1__vs__deepcpg_dna_locus.csv,b0c5d647edcd782d6b92ba0304dca62b8fe6940647b816f9a5384cdb6846b2aa,preregistered,descriptive; raw p; no Holm
757,v2_sensitivity,v2_sensitivity/compartment_E1_probe_H1_50kb,spearman_E1_vs_oof_pred,regulatory_histone_dnase_v1,regulatory_histone_dnase_v1,functional_annotations_pca,functional_annotations_pca,-0.008052588007,-0.01404335016,-0.002323415411,"95% percentile bootstrap over 22 chromosome blocks (B=1000, seed 17); coarse by design (frozen protocol sec.0)",0.01198801199,,False,delta = regulatory_histone_dnase_v1 - comparator (higher-is-better metric),outputs/biological_validation_v2/bioval-v2-protocol-freeze-v1/sensitivity/contrasts/regulatory_histone_dnase_v1__vs__functional_annotations_pca.csv,d43648760ad2d89cdb5cc2a779eebd283ef540c588daaa618f16d92dd2fa8584,preregistered,descriptive; raw p; no Holm
758,v2_sensitivity,v2_sensitivity/fantom5_activity_cat_cell_lines,spearman_all_pairs,regulatory_histone_dnase_v1,regulatory_histone_dnase_v1,cpgpt_large_locus,cpgpt_large_locus,0.1024203051,0.09166687431,0.1124324426,"95% percentile bootstrap over 22 chromosome blocks (B=1000, seed 17); coarse by design (frozen protocol sec.0)",0.001998001998,,False,delta = regulatory_histone_dnase_v1 - comparator (higher-is-better metric),outputs/biological_validation_v2/bioval-v2-protocol-freeze-v1/sensitivity/contrasts/regulatory_histone_dnase_v1__vs__cpgpt_large_locus.csv,695e9842b45d60c7a6e3a39e11a03fa17bc757ede43049f6fb7e58f6956a7352,preregistered,descriptive; raw p; no Holm
759,v2_sensitivity,v2_sensitivity/fantom5_activity_cat_cell_lines,spearman_all_pairs,regulatory_histone_dnase_v1,regulatory_histone_dnase_v1,deepcpg_dna_locus,deepcpg_dna_locus,0.1990704624,0.1778509586,0.2206953904,"95% percentile bootstrap over 22 chromosome blocks (B=1000, seed 17); coarse by design (frozen protocol sec.0)",0.001998001998,,False,delta = regulatory_histone_dnase_v1 - comparator (higher-is-better metric),outputs/biological_validation_v2/bioval-v2-protocol-freeze-v1/sensitivity/contrasts/regulatory_histone_dnase_v1__vs__deepcpg_dna_locus.csv,b0c5d647edcd782d6b92ba0304dca62b8fe6940647b816f9a5384cdb6846b2aa,preregistered,descriptive; raw p; no Holm
760,v2_sensitivity,v2_sensitivity/fantom5_activity_cat_cell_lines,spearman_all_pairs,regulatory_histone_dnase_v1,regulatory_histone_dnase_v1,functional_annotations_pca,functional_annotations_pca,-0.005085346116,-0.006328184838,-0.003797007424,"95% percentile bootstrap over 22 chromosome blocks (B=1000, seed 17); coarse by design (frozen protocol sec.0)",0.001998001998,,False,delta = regulatory_histone_dnase_v1 - comparator (higher-is-better metric),outputs/biological_validation_v2/bioval-v2-protocol-freeze-v1/sensitivity/contrasts/regulatory_histone_dnase_v1__vs__functional_annotations_pca.csv,d43648760ad2d89cdb5cc2a779eebd283ef540c588daaa618f16d92dd2fa8584,preregistered,descriptive; raw p; no Holm
761,v2_sensitivity,v2_sensitivity/fantom5_activity_cat_cell_lines,spearman_inter,regulatory_histone_dnase_v1,regulatory_histone_dnase_v1,cpgpt_large_locus,cpgpt_large_locus,0.06453408581,0.05737359097,0.07206139233,"95% percentile bootstrap over 22 chromosome blocks (B=1000, seed 17); coarse by design (frozen protocol sec.0)",0.001998001998,,False,delta = regulatory_histone_dnase_v1 - comparator (higher-is-better metric),outputs/biological_validation_v2/bioval-v2-protocol-freeze-v1/sensitivity/contrasts/regulatory_histone_dnase_v1__vs__cpgpt_large_locus.csv,695e9842b45d60c7a6e3a39e11a03fa17bc757ede43049f6fb7e58f6956a7352,preregistered,descriptive; raw p; no Holm
762,v2_sensitivity,v2_sensitivity/fantom5_activity_cat_cell_lines,spearman_inter,regulatory_histone_dnase_v1,regulatory_histone_dnase_v1,deepcpg_dna_locus,deepcpg_dna_locus,0.1181476028,0.109361019,0.1255082269,"95% percentile bootstrap over 22 chromosome blocks (B=1000, seed 17); coarse by design (frozen protocol sec.0)",0.001998001998,,False,delta = regulatory_histone_dnase_v1 - comparator (higher-is-better metric),outputs/biological_validation_v2/bioval-v2-protocol-freeze-v1/sensitivity/contrasts/regulatory_histone_dnase_v1__vs__deepcpg_dna_locus.csv,b0c5d647edcd782d6b92ba0304dca62b8fe6940647b816f9a5384cdb6846b2aa,preregistered,descriptive; raw p; no Holm
763,v2_sensitivity,v2_sensitivity/fantom5_activity_cat_cell_lines,spearman_inter,regulatory_histone_dnase_v1,regulatory_histone_dnase_v1,functional_annotations_pca,functional_annotations_pca,-0.004358057348,-0.005300361857,-0.003424697849,"95% percentile bootstrap over 22 chromosome blocks (B=1000, seed 17); coarse by design (frozen protocol sec.0)",0.001998001998,,False,delta = regulatory_histone_dnase_v1 - comparator (higher-is-better metric),outputs/biological_validation_v2/bioval-v2-protocol-freeze-v1/sensitivity/contrasts/regulatory_histone_dnase_v1__vs__functional_annotations_pca.csv,d43648760ad2d89cdb5cc2a779eebd283ef540c588daaa618f16d92dd2fa8584,preregistered,descriptive; raw p; no Holm
764,v2_sensitivity,v2_sensitivity/fantom5_activity_cat_cell_lines,spearman_intra,regulatory_histone_dnase_v1,regulatory_histone_dnase_v1,cpgpt_large_locus,cpgpt_large_locus,0.1446681973,0.1267631888,0.161920478,"95% percentile bootstrap over 22 chromosome blocks (B=1000, seed 17); coarse by design (frozen protocol sec.0)",0.001998001998,,False,delta = regulatory_histone_dnase_v1 - comparator (higher-is-better metric),outputs/biological_validation_v2/bioval-v2-protocol-freeze-v1/sensitivity/contrasts/regulatory_histone_dnase_v1__vs__cpgpt_large_locus.csv,695e9842b45d60c7a6e3a39e11a03fa17bc757ede43049f6fb7e58f6956a7352,preregistered,descriptive; raw p; no Holm
765,v2_sensitivity,v2_sensitivity/fantom5_activity_cat_cell_lines,spearman_intra,regulatory_histone_dnase_v1,regulatory_histone_dnase_v1,deepcpg_dna_locus,deepcpg_dna_locus,0.2929789055,0.2592740056,0.3242382021,"95% percentile bootstrap over 22 chromosome blocks (B=1000, seed 17); coarse by design (frozen protocol sec.0)",0.001998001998,,False,delta = regulatory_histone_dnase_v1 - comparator (higher-is-better metric),outputs/biological_validation_v2/bioval-v2-protocol-freeze-v1/sensitivity/contrasts/regulatory_histone_dnase_v1__vs__deepcpg_dna_locus.csv,b0c5d647edcd782d6b92ba0304dca62b8fe6940647b816f9a5384cdb6846b2aa,preregistered,descriptive; raw p; no Holm
766,v2_sensitivity,v2_sensitivity/fantom5_activity_cat_cell_lines,spearman_intra,regulatory_histone_dnase_v1,regulatory_histone_dnase_v1,functional_annotations_pca,functional_annotations_pca,-0.005240887989,-0.007250479465,-0.002981509538,"95% percentile bootstrap over 22 chromosome blocks (B=1000, seed 17); coarse by design (frozen protocol sec.0)",0.001998001998,,False,delta = regulatory_histone_dnase_v1 - comparator (higher-is-better metric),outputs/biological_validation_v2/bioval-v2-protocol-freeze-v1/sensitivity/contrasts/regulatory_histone_dnase_v1__vs__functional_annotations_pca.csv,d43648760ad2d89cdb5cc2a779eebd283ef540c588daaa618f16d92dd2fa8584,preregistered,descriptive; raw p; no Holm
767,v2_sensitivity,v2_sensitivity/fantom5_activity_cat_primary_cells,spearman_all_pairs,regulatory_histone_dnase_v1,regulatory_histone_dnase_v1,cpgpt_large_locus,cpgpt_large_locus,0.1170754032,0.1091542371,0.1266771932,"95% percentile bootstrap over 22 chromosome blocks (B=1000, seed 17); coarse by design (frozen protocol sec.0)",0.001998001998,,False,delta = regulatory_histone_dnase_v1 - comparator (higher-is-better metric),outputs/biological_validation_v2/bioval-v2-protocol-freeze-v1/sensitivity/contrasts/regulatory_histone_dnase_v1__vs__cpgpt_large_locus.csv,695e9842b45d60c7a6e3a39e11a03fa17bc757ede43049f6fb7e58f6956a7352,preregistered,descriptive; raw p; no Holm
768,v2_sensitivity,v2_sensitivity/fantom5_activity_cat_primary_cells,spearman_all_pairs,regulatory_histone_dnase_v1,regulatory_histone_dnase_v1,deepcpg_dna_locus,deepcpg_dna_locus,0.1576435079,0.1414037204,0.1763259186,"95% percentile bootstrap over 22 chromosome blocks (B=1000, seed 17); coarse by design (frozen protocol sec.0)",0.001998001998,,False,delta = regulatory_histone_dnase_v1 - comparator (higher-is-better metric),outputs/biological_validation_v2/bioval-v2-protocol-freeze-v1/sensitivity/contrasts/regulatory_histone_dnase_v1__vs__deepcpg_dna_locus.csv,b0c5d647edcd782d6b92ba0304dca62b8fe6940647b816f9a5384cdb6846b2aa,preregistered,descriptive; raw p; no Holm
769,v2_sensitivity,v2_sensitivity/fantom5_activity_cat_primary_cells,spearman_all_pairs,regulatory_histone_dnase_v1,regulatory_histone_dnase_v1,functional_annotations_pca,functional_annotations_pca,-0.00401020984,-0.005238409069,-0.002553544642,"95% percentile bootstrap over 22 chromosome blocks (B=1000, seed 17); coarse by design (frozen protocol sec.0)",0.001998001998,,False,delta = regulatory_histone_dnase_v1 - comparator (higher-is-better metric),outputs/biological_validation_v2/bioval-v2-protocol-freeze-v1/sensitivity/contrasts/regulatory_histone_dnase_v1__vs__functional_annotations_pca.csv,d43648760ad2d89cdb5cc2a779eebd283ef540c588daaa618f16d92dd2fa8584,preregistered,descriptive; raw p; no Holm
770,v2_sensitivity,v2_sensitivity/fantom5_activity_cat_primary_cells,spearman_inter,regulatory_histone_dnase_v1,regulatory_histone_dnase_v1,cpgpt_large_locus,cpgpt_large_locus,0.08296577109,0.07220700085,0.09453873657,"95% percentile bootstrap over 22 chromosome blocks (B=1000, seed 17); coarse by design (frozen protocol sec.0)",0.001998001998,,False,delta = regulatory_histone_dnase_v1 - comparator (higher-is-better metric),outputs/biological_validation_v2/bioval-v2-protocol-freeze-v1/sensitivity/contrasts/regulatory_histone_dnase_v1__vs__cpgpt_large_locus.csv,695e9842b45d60c7a6e3a39e11a03fa17bc757ede43049f6fb7e58f6956a7352,preregistered,descriptive; raw p; no Holm
771,v2_sensitivity,v2_sensitivity/fantom5_activity_cat_primary_cells,spearman_inter,regulatory_histone_dnase_v1,regulatory_histone_dnase_v1,deepcpg_dna_locus,deepcpg_dna_locus,0.1001439086,0.08939861797,0.112039703,"95% percentile bootstrap over 22 chromosome blocks (B=1000, seed 17); coarse by design (frozen protocol sec.0)",0.001998001998,,False,delta = regulatory_histone_dnase_v1 - comparator (higher-is-better metric),outputs/biological_validation_v2/bioval-v2-protocol-freeze-v1/sensitivity/contrasts/regulatory_histone_dnase_v1__vs__deepcpg_dna_locus.csv,b0c5d647edcd782d6b92ba0304dca62b8fe6940647b816f9a5384cdb6846b2aa,preregistered,descriptive; raw p; no Holm
772,v2_sensitivity,v2_sensitivity/fantom5_activity_cat_primary_cells,spearman_inter,regulatory_histone_dnase_v1,regulatory_histone_dnase_v1,functional_annotations_pca,functional_annotations_pca,-0.002919106333,-0.004159211666,-0.001756592882,"95% percentile bootstrap over 22 chromosome blocks (B=1000, seed 17); coarse by design (frozen protocol sec.0)",0.001998001998,,False,delta = regulatory_histone_dnase_v1 - comparator (higher-is-better metric),outputs/biological_validation_v2/bioval-v2-protocol-freeze-v1/sensitivity/contrasts/regulatory_histone_dnase_v1__vs__functional_annotations_pca.csv,d43648760ad2d89cdb5cc2a779eebd283ef540c588daaa618f16d92dd2fa8584,preregistered,descriptive; raw p; no Holm
773,v2_sensitivity,v2_sensitivity/fantom5_activity_cat_primary_cells,spearman_intra,regulatory_histone_dnase_v1,regulatory_histone_dnase_v1,cpgpt_large_locus,cpgpt_large_locus,0.1548416931,0.1396343206,0.1705030463,"95% percentile bootstrap over 22 chromosome blocks (B=1000, seed 17); coarse by design (frozen protocol sec.0)",0.001998001998,,False,delta = regulatory_histone_dnase_v1 - comparator (higher-is-better metric),outputs/biological_validation_v2/bioval-v2-protocol-freeze-v1/sensitivity/contrasts/regulatory_histone_dnase_v1__vs__cpgpt_large_locus.csv,695e9842b45d60c7a6e3a39e11a03fa17bc757ede43049f6fb7e58f6956a7352,preregistered,descriptive; raw p; no Holm
774,v2_sensitivity,v2_sensitivity/fantom5_activity_cat_primary_cells,spearman_intra,regulatory_histone_dnase_v1,regulatory_histone_dnase_v1,deepcpg_dna_locus,deepcpg_dna_locus,0.2184102988,0.1855608212,0.2561338055,"95% percentile bootstrap over 22 chromosome blocks (B=1000, seed 17); coarse by design (frozen protocol sec.0)",0.001998001998,,False,delta = regulatory_histone_dnase_v1 - comparator (higher-is-better metric),outputs/biological_validation_v2/bioval-v2-protocol-freeze-v1/sensitivity/contrasts/regulatory_histone_dnase_v1__vs__deepcpg_dna_locus.csv,b0c5d647edcd782d6b92ba0304dca62b8fe6940647b816f9a5384cdb6846b2aa,preregistered,descriptive; raw p; no Holm
775,v2_sensitivity,v2_sensitivity/fantom5_activity_cat_primary_cells,spearman_intra,regulatory_histone_dnase_v1,regulatory_histone_dnase_v1,functional_annotations_pca,functional_annotations_pca,-0.004731535249,-0.006424844958,-0.002781443672,"95% percentile bootstrap over 22 chromosome blocks (B=1000, seed 17); coarse by design (frozen protocol sec.0)",0.001998001998,,False,delta = regulatory_histone_dnase_v1 - comparator (higher-is-better metric),outputs/biological_validation_v2/bioval-v2-protocol-freeze-v1/sensitivity/contrasts/regulatory_histone_dnase_v1__vs__functional_annotations_pca.csv,d43648760ad2d89cdb5cc2a779eebd283ef540c588daaa618f16d92dd2fa8584,preregistered,descriptive; raw p; no Holm
776,v2_sensitivity,v2_sensitivity/fantom5_activity_cat_tissues,spearman_all_pairs,regulatory_histone_dnase_v1,regulatory_histone_dnase_v1,cpgpt_large_locus,cpgpt_large_locus,0.1493914546,0.1403186099,0.1597556492,"95% percentile bootstrap over 22 chromosome blocks (B=1000, seed 17); coarse by design (frozen protocol sec.0)",0.001998001998,,False,delta = regulatory_histone_dnase_v1 - comparator (higher-is-better metric),outputs/biological_validation_v2/bioval-v2-protocol-freeze-v1/sensitivity/contrasts/regulatory_histone_dnase_v1__vs__cpgpt_large_locus.csv,695e9842b45d60c7a6e3a39e11a03fa17bc757ede43049f6fb7e58f6956a7352,preregistered,descriptive; raw p; no Holm
777,v2_sensitivity,v2_sensitivity/fantom5_activity_cat_tissues,spearman_all_pairs,regulatory_histone_dnase_v1,regulatory_histone_dnase_v1,deepcpg_dna_locus,deepcpg_dna_locus,0.3034880726,0.2878304104,0.3205946785,"95% percentile bootstrap over 22 chromosome blocks (B=1000, seed 17); coarse by design (frozen protocol sec.0)",0.001998001998,,False,delta = regulatory_histone_dnase_v1 - comparator (higher-is-better metric),outputs/biological_validation_v2/bioval-v2-protocol-freeze-v1/sensitivity/contrasts/regulatory_histone_dnase_v1__vs__deepcpg_dna_locus.csv,b0c5d647edcd782d6b92ba0304dca62b8fe6940647b816f9a5384cdb6846b2aa,preregistered,descriptive; raw p; no Holm
778,v2_sensitivity,v2_sensitivity/fantom5_activity_cat_tissues,spearman_all_pairs,regulatory_histone_dnase_v1,regulatory_histone_dnase_v1,functional_annotations_pca,functional_annotations_pca,-0.0008594847939,-0.002103351122,0.0001006786103,"95% percentile bootstrap over 22 chromosome blocks (B=1000, seed 17); coarse by design (frozen protocol sec.0)",0.1018981019,,False,delta = regulatory_histone_dnase_v1 - comparator (higher-is-better metric),outputs/biological_validation_v2/bioval-v2-protocol-freeze-v1/sensitivity/contrasts/regulatory_histone_dnase_v1__vs__functional_annotations_pca.csv,d43648760ad2d89cdb5cc2a779eebd283ef540c588daaa618f16d92dd2fa8584,preregistered,descriptive; raw p; no Holm
779,v2_sensitivity,v2_sensitivity/fantom5_activity_cat_tissues,spearman_inter,regulatory_histone_dnase_v1,regulatory_histone_dnase_v1,cpgpt_large_locus,cpgpt_large_locus,0.1391048489,0.1298271239,0.1483499115,"95% percentile bootstrap over 22 chromosome blocks (B=1000, seed 17); coarse by design (frozen protocol sec.0)",0.001998001998,,False,delta = regulatory_histone_dnase_v1 - comparator (higher-is-better metric),outputs/biological_validation_v2/bioval-v2-protocol-freeze-v1/sensitivity/contrasts/regulatory_histone_dnase_v1__vs__cpgpt_large_locus.csv,695e9842b45d60c7a6e3a39e11a03fa17bc757ede43049f6fb7e58f6956a7352,preregistered,descriptive; raw p; no Holm
780,v2_sensitivity,v2_sensitivity/fantom5_activity_cat_tissues,spearman_inter,regulatory_histone_dnase_v1,regulatory_histone_dnase_v1,deepcpg_dna_locus,deepcpg_dna_locus,0.2674010104,0.257349671,0.2786568487,"95% percentile bootstrap over 22 chromosome blocks (B=1000, seed 17); coarse by design (frozen protocol sec.0)",0.001998001998,,False,delta = regulatory_histone_dnase_v1 - comparator (higher-is-better metric),outputs/biological_validation_v2/bioval-v2-protocol-freeze-v1/sensitivity/contrasts/regulatory_histone_dnase_v1__vs__deepcpg_dna_locus.csv,b0c5d647edcd782d6b92ba0304dca62b8fe6940647b816f9a5384cdb6846b2aa,preregistered,descriptive; raw p; no Holm
781,v2_sensitivity,v2_sensitivity/fantom5_activity_cat_tissues,spearman_inter,regulatory_histone_dnase_v1,regulatory_histone_dnase_v1,functional_annotations_pca,functional_annotations_pca,-0.0005810467066,-0.001937416661,0.0004808815966,"95% percentile bootstrap over 22 chromosome blocks (B=1000, seed 17); coarse by design (frozen protocol sec.0)",0.2837162837,,False,delta = regulatory_histone_dnase_v1 - comparator (higher-is-better metric),outputs/biological_validation_v2/bioval-v2-protocol-freeze-v1/sensitivity/contrasts/regulatory_histone_dnase_v1__vs__functional_annotations_pca.csv,d43648760ad2d89cdb5cc2a779eebd283ef540c588daaa618f16d92dd2fa8584,preregistered,descriptive; raw p; no Holm
782,v2_sensitivity,v2_sensitivity/fantom5_activity_cat_tissues,spearman_intra,regulatory_histone_dnase_v1,regulatory_histone_dnase_v1,cpgpt_large_locus,cpgpt_large_locus,0.1589163421,0.1454885177,0.1753763178,"95% percentile bootstrap over 22 chromosome blocks (B=1000, seed 17); coarse by design (frozen protocol sec.0)",0.001998001998,,False,delta = regulatory_histone_dnase_v1 - comparator (higher-is-better metric),outputs/biological_validation_v2/bioval-v2-protocol-freeze-v1/sensitivity/contrasts/regulatory_histone_dnase_v1__vs__cpgpt_large_locus.csv,695e9842b45d60c7a6e3a39e11a03fa17bc757ede43049f6fb7e58f6956a7352,preregistered,descriptive; raw p; no Holm
783,v2_sensitivity,v2_sensitivity/fantom5_activity_cat_tissues,spearman_intra,regulatory_histone_dnase_v1,regulatory_histone_dnase_v1,deepcpg_dna_locus,deepcpg_dna_locus,0.3447149588,0.3174809663,0.373324634,"95% percentile bootstrap over 22 chromosome blocks (B=1000, seed 17); coarse by design (frozen protocol sec.0)",0.001998001998,,False,delta = regulatory_histone_dnase_v1 - comparator (higher-is-better metric),outputs/biological_validation_v2/bioval-v2-protocol-freeze-v1/sensitivity/contrasts/regulatory_histone_dnase_v1__vs__deepcpg_dna_locus.csv,b0c5d647edcd782d6b92ba0304dca62b8fe6940647b816f9a5384cdb6846b2aa,preregistered,descriptive; raw p; no Holm
784,v2_sensitivity,v2_sensitivity/fantom5_activity_cat_tissues,spearman_intra,regulatory_histone_dnase_v1,regulatory_histone_dnase_v1,functional_annotations_pca,functional_annotations_pca,-0.0009560211731,-0.002674683315,0.000610223544,"95% percentile bootstrap over 22 chromosome blocks (B=1000, seed 17); coarse by design (frozen protocol sec.0)",0.2477522478,,False,delta = regulatory_histone_dnase_v1 - comparator (higher-is-better metric),outputs/biological_validation_v2/bioval-v2-protocol-freeze-v1/sensitivity/contrasts/regulatory_histone_dnase_v1__vs__functional_annotations_pca.csv,d43648760ad2d89cdb5cc2a779eebd283ef540c588daaa618f16d92dd2fa8584,preregistered,descriptive; raw p; no Holm
785,v2_sensitivity,v2_sensitivity/fantom5_activity_sample_level,spearman_all_pairs,regulatory_histone_dnase_v1,regulatory_histone_dnase_v1,cpgpt_large_locus,cpgpt_large_locus,0.1589024325,0.1500838627,0.1686238176,"95% percentile bootstrap over 22 chromosome blocks (B=1000, seed 17); coarse by design (frozen protocol sec.0)",0.001998001998,,False,delta = regulatory_histone_dnase_v1 - comparator (higher-is-better metric),outputs/biological_validation_v2/bioval-v2-protocol-freeze-v1/sensitivity/contrasts/regulatory_histone_dnase_v1__vs__cpgpt_large_locus.csv,695e9842b45d60c7a6e3a39e11a03fa17bc757ede43049f6fb7e58f6956a7352,preregistered,descriptive; raw p; no Holm
786,v2_sensitivity,v2_sensitivity/fantom5_activity_sample_level,spearman_all_pairs,regulatory_histone_dnase_v1,regulatory_histone_dnase_v1,deepcpg_dna_locus,deepcpg_dna_locus,0.2713422942,0.2565731747,0.2899115779,"95% percentile bootstrap over 22 chromosome blocks (B=1000, seed 17); coarse by design (frozen protocol sec.0)",0.001998001998,,False,delta = regulatory_histone_dnase_v1 - comparator (higher-is-better metric),outputs/biological_validation_v2/bioval-v2-protocol-freeze-v1/sensitivity/contrasts/regulatory_histone_dnase_v1__vs__deepcpg_dna_locus.csv,b0c5d647edcd782d6b92ba0304dca62b8fe6940647b816f9a5384cdb6846b2aa,preregistered,descriptive; raw p; no Holm
787,v2_sensitivity,v2_sensitivity/fantom5_activity_sample_level,spearman_all_pairs,regulatory_histone_dnase_v1,regulatory_histone_dnase_v1,functional_annotations_pca,functional_annotations_pca,-0.008351885755,-0.009597391604,-0.007181289554,"95% percentile bootstrap over 22 chromosome blocks (B=1000, seed 17); coarse by design (frozen protocol sec.0)",0.001998001998,,False,delta = regulatory_histone_dnase_v1 - comparator (higher-is-better metric),outputs/biological_validation_v2/bioval-v2-protocol-freeze-v1/sensitivity/contrasts/regulatory_histone_dnase_v1__vs__functional_annotations_pca.csv,d43648760ad2d89cdb5cc2a779eebd283ef540c588daaa618f16d92dd2fa8584,preregistered,descriptive; raw p; no Holm
788,v2_sensitivity,v2_sensitivity/fantom5_activity_sample_level,spearman_inter,regulatory_histone_dnase_v1,regulatory_histone_dnase_v1,cpgpt_large_locus,cpgpt_large_locus,0.1300859864,0.1211128198,0.1389905542,"95% percentile bootstrap over 22 chromosome blocks (B=1000, seed 17); coarse by design (frozen protocol sec.0)",0.001998001998,,False,delta = regulatory_histone_dnase_v1 - comparator (higher-is-better metric),outputs/biological_validation_v2/bioval-v2-protocol-freeze-v1/sensitivity/contrasts/regulatory_histone_dnase_v1__vs__cpgpt_large_locus.csv,695e9842b45d60c7a6e3a39e11a03fa17bc757ede43049f6fb7e58f6956a7352,preregistered,descriptive; raw p; no Holm
789,v2_sensitivity,v2_sensitivity/fantom5_activity_sample_level,spearman_inter,regulatory_histone_dnase_v1,regulatory_histone_dnase_v1,deepcpg_dna_locus,deepcpg_dna_locus,0.2106819173,0.2006137379,0.2231442359,"95% percentile bootstrap over 22 chromosome blocks (B=1000, seed 17); coarse by design (frozen protocol sec.0)",0.001998001998,,False,delta = regulatory_histone_dnase_v1 - comparator (higher-is-better metric),outputs/biological_validation_v2/bioval-v2-protocol-freeze-v1/sensitivity/contrasts/regulatory_histone_dnase_v1__vs__deepcpg_dna_locus.csv,b0c5d647edcd782d6b92ba0304dca62b8fe6940647b816f9a5384cdb6846b2aa,preregistered,descriptive; raw p; no Holm
790,v2_sensitivity,v2_sensitivity/fantom5_activity_sample_level,spearman_inter,regulatory_histone_dnase_v1,regulatory_histone_dnase_v1,functional_annotations_pca,functional_annotations_pca,-0.007589938359,-0.008871760605,-0.006618641175,"95% percentile bootstrap over 22 chromosome blocks (B=1000, seed 17); coarse by design (frozen protocol sec.0)",0.001998001998,,False,delta = regulatory_histone_dnase_v1 - comparator (higher-is-better metric),outputs/biological_validation_v2/bioval-v2-protocol-freeze-v1/sensitivity/contrasts/regulatory_histone_dnase_v1__vs__functional_annotations_pca.csv,d43648760ad2d89cdb5cc2a779eebd283ef540c588daaa618f16d92dd2fa8584,preregistered,descriptive; raw p; no Holm
791,v2_sensitivity,v2_sensitivity/fantom5_activity_sample_level,spearman_intra,regulatory_histone_dnase_v1,regulatory_histone_dnase_v1,cpgpt_large_locus,cpgpt_large_locus,0.1897351247,0.1767760556,0.2058320818,"95% percentile bootstrap over 22 chromosome blocks (B=1000, seed 17); coarse by design (frozen protocol sec.0)",0.001998001998,,False,delta = regulatory_histone_dnase_v1 - comparator (higher-is-better metric),outputs/biological_validation_v2/bioval-v2-protocol-freeze-v1/sensitivity/contrasts/regulatory_histone_dnase_v1__vs__cpgpt_large_locus.csv,695e9842b45d60c7a6e3a39e11a03fa17bc757ede43049f6fb7e58f6956a7352,preregistered,descriptive; raw p; no Holm
792,v2_sensitivity,v2_sensitivity/fantom5_activity_sample_level,spearman_intra,regulatory_histone_dnase_v1,regulatory_histone_dnase_v1,deepcpg_dna_locus,deepcpg_dna_locus,0.3373855473,0.310218886,0.3672421289,"95% percentile bootstrap over 22 chromosome blocks (B=1000, seed 17); coarse by design (frozen protocol sec.0)",0.001998001998,,False,delta = regulatory_histone_dnase_v1 - comparator (higher-is-better metric),outputs/biological_validation_v2/bioval-v2-protocol-freeze-v1/sensitivity/contrasts/regulatory_histone_dnase_v1__vs__deepcpg_dna_locus.csv,b0c5d647edcd782d6b92ba0304dca62b8fe6940647b816f9a5384cdb6846b2aa,preregistered,descriptive; raw p; no Holm
793,v2_sensitivity,v2_sensitivity/fantom5_activity_sample_level,spearman_intra,regulatory_histone_dnase_v1,regulatory_histone_dnase_v1,functional_annotations_pca,functional_annotations_pca,-0.008732485842,-0.01045939275,-0.007002275757,"95% percentile bootstrap over 22 chromosome blocks (B=1000, seed 17); coarse by design (frozen protocol sec.0)",0.001998001998,,False,delta = regulatory_histone_dnase_v1 - comparator (higher-is-better metric),outputs/biological_validation_v2/bioval-v2-protocol-freeze-v1/sensitivity/contrasts/regulatory_histone_dnase_v1__vs__functional_annotations_pca.csv,d43648760ad2d89cdb5cc2a779eebd283ef540c588daaa618f16d92dd2fa8584,preregistered,descriptive; raw p; no Holm
794,v2_sensitivity,v2_sensitivity/fantom5_membership_N1,auroc_oof__N1,regulatory_histone_dnase_v1,regulatory_histone_dnase_v1,cpgpt_large_locus,cpgpt_large_locus,0.13265147,0.1236091622,0.1414562318,"95% percentile bootstrap over 22 chromosome blocks (B=1000, seed 17); coarse by design (frozen protocol sec.0)",0.001998001998,,False,delta = regulatory_histone_dnase_v1 - comparator (higher-is-better metric),outputs/biological_validation_v2/bioval-v2-protocol-freeze-v1/sensitivity/contrasts/regulatory_histone_dnase_v1__vs__cpgpt_large_locus.csv,695e9842b45d60c7a6e3a39e11a03fa17bc757ede43049f6fb7e58f6956a7352,preregistered,descriptive; raw p; no Holm
795,v2_sensitivity,v2_sensitivity/fantom5_membership_N1,auroc_oof__N1,regulatory_histone_dnase_v1,regulatory_histone_dnase_v1,deepcpg_dna_locus,deepcpg_dna_locus,0.2103031677,0.1977970725,0.2235088438,"95% percentile bootstrap over 22 chromosome blocks (B=1000, seed 17); coarse by design (frozen protocol sec.0)",0.001998001998,,False,delta = regulatory_histone_dnase_v1 - comparator (higher-is-better metric),outputs/biological_validation_v2/bioval-v2-protocol-freeze-v1/sensitivity/contrasts/regulatory_histone_dnase_v1__vs__deepcpg_dna_locus.csv,b0c5d647edcd782d6b92ba0304dca62b8fe6940647b816f9a5384cdb6846b2aa,preregistered,descriptive; raw p; no Holm
796,v2_sensitivity,v2_sensitivity/fantom5_membership_N1,auroc_oof__N1,regulatory_histone_dnase_v1,regulatory_histone_dnase_v1,functional_annotations_pca,functional_annotations_pca,-0.01663025809,-0.02007423268,-0.01298411465,"95% percentile bootstrap over 22 chromosome blocks (B=1000, seed 17); coarse by design (frozen protocol sec.0)",0.001998001998,,False,delta = regulatory_histone_dnase_v1 - comparator (higher-is-better metric),outputs/biological_validation_v2/bioval-v2-protocol-freeze-v1/sensitivity/contrasts/regulatory_histone_dnase_v1__vs__functional_annotations_pca.csv,d43648760ad2d89cdb5cc2a779eebd283ef540c588daaa618f16d92dd2fa8584,preregistered,descriptive; raw p; no Holm
797,v2_sensitivity,v2_sensitivity/fantom5_membership_N10,auroc_oof__N10,regulatory_histone_dnase_v1,regulatory_histone_dnase_v1,cpgpt_large_locus,cpgpt_large_locus,0.1442552947,0.133798815,0.1548690384,"95% percentile bootstrap over 22 chromosome blocks (B=1000, seed 17); coarse by design (frozen protocol sec.0)",0.001998001998,,False,delta = regulatory_histone_dnase_v1 - comparator (higher-is-better metric),outputs/biological_validation_v2/bioval-v2-protocol-freeze-v1/sensitivity/contrasts/regulatory_histone_dnase_v1__vs__cpgpt_large_locus.csv,695e9842b45d60c7a6e3a39e11a03fa17bc757ede43049f6fb7e58f6956a7352,preregistered,descriptive; raw p; no Holm
798,v2_sensitivity,v2_sensitivity/fantom5_membership_N10,auroc_oof__N10,regulatory_histone_dnase_v1,regulatory_histone_dnase_v1,deepcpg_dna_locus,deepcpg_dna_locus,0.2324154202,0.2179687148,0.246853597,"95% percentile bootstrap over 22 chromosome blocks (B=1000, seed 17); coarse by design (frozen protocol sec.0)",0.001998001998,,False,delta = regulatory_histone_dnase_v1 - comparator (higher-is-better metric),outputs/biological_validation_v2/bioval-v2-protocol-freeze-v1/sensitivity/contrasts/regulatory_histone_dnase_v1__vs__deepcpg_dna_locus.csv,b0c5d647edcd782d6b92ba0304dca62b8fe6940647b816f9a5384cdb6846b2aa,preregistered,descriptive; raw p; no Holm
799,v2_sensitivity,v2_sensitivity/fantom5_membership_N10,auroc_oof__N10,regulatory_histone_dnase_v1,regulatory_histone_dnase_v1,functional_annotations_pca,functional_annotations_pca,-0.01227055404,-0.01591541719,-0.008734231719,"95% percentile bootstrap over 22 chromosome blocks (B=1000, seed 17); coarse by design (frozen protocol sec.0)",0.001998001998,,False,delta = regulatory_histone_dnase_v1 - comparator (higher-is-better metric),outputs/biological_validation_v2/bioval-v2-protocol-freeze-v1/sensitivity/contrasts/regulatory_histone_dnase_v1__vs__functional_annotations_pca.csv,d43648760ad2d89cdb5cc2a779eebd283ef540c588daaa618f16d92dd2fa8584,preregistered,descriptive; raw p; no Holm
800,v2_sensitivity,v2_sensitivity/fantom5_membership_N20,auroc_oof__N20,regulatory_histone_dnase_v1,regulatory_histone_dnase_v1,cpgpt_large_locus,cpgpt_large_locus,0.1507438798,0.1378378546,0.165191209,"95% percentile bootstrap over 22 chromosome blocks (B=1000, seed 17); coarse by design (frozen protocol sec.0)",0.001998001998,,False,delta = regulatory_histone_dnase_v1 - comparator (higher-is-better metric),outputs/biological_validation_v2/bioval-v2-protocol-freeze-v1/sensitivity/contrasts/regulatory_histone_dnase_v1__vs__cpgpt_large_locus.csv,695e9842b45d60c7a6e3a39e11a03fa17bc757ede43049f6fb7e58f6956a7352,preregistered,descriptive; raw p; no Holm
801,v2_sensitivity,v2_sensitivity/fantom5_membership_N20,auroc_oof__N20,regulatory_histone_dnase_v1,regulatory_histone_dnase_v1,deepcpg_dna_locus,deepcpg_dna_locus,0.2436199011,0.2260252494,0.2614082521,"95% percentile bootstrap over 22 chromosome blocks (B=1000, seed 17); coarse by design (frozen protocol sec.0)",0.001998001998,,False,delta = regulatory_histone_dnase_v1 - comparator (higher-is-better metric),outputs/biological_validation_v2/bioval-v2-protocol-freeze-v1/sensitivity/contrasts/regulatory_histone_dnase_v1__vs__deepcpg_dna_locus.csv,b0c5d647edcd782d6b92ba0304dca62b8fe6940647b816f9a5384cdb6846b2aa,preregistered,descriptive; raw p; no Holm
802,v2_sensitivity,v2_sensitivity/fantom5_membership_N20,auroc_oof__N20,regulatory_histone_dnase_v1,regulatory_histone_dnase_v1,functional_annotations_pca,functional_annotations_pca,-0.01277290573,-0.01575288957,-0.009738919562,"95% percentile bootstrap over 22 chromosome blocks (B=1000, seed 17); coarse by design (frozen protocol sec.0)",0.001998001998,,False,delta = regulatory_histone_dnase_v1 - comparator (higher-is-better metric),outputs/biological_validation_v2/bioval-v2-protocol-freeze-v1/sensitivity/contrasts/regulatory_histone_dnase_v1__vs__functional_annotations_pca.csv,d43648760ad2d89cdb5cc2a779eebd283ef540c588daaa618f16d92dd2fa8584,preregistered,descriptive; raw p; no Holm
803,v2_sensitivity,v2_sensitivity/fantom5_membership_N3,auroc_oof__N3,regulatory_histone_dnase_v1,regulatory_histone_dnase_v1,cpgpt_large_locus,cpgpt_large_locus,0.1347251616,0.1255865925,0.1435780869,"95% percentile bootstrap over 22 chromosome blocks (B=1000, seed 17); coarse by design (frozen protocol sec.0)",0.001998001998,,False,delta = regulatory_histone_dnase_v1 - comparator (higher-is-better metric),outputs/biological_validation_v2/bioval-v2-protocol-freeze-v1/sensitivity/contrasts/regulatory_histone_dnase_v1__vs__cpgpt_large_locus.csv,695e9842b45d60c7a6e3a39e11a03fa17bc757ede43049f6fb7e58f6956a7352,preregistered,descriptive; raw p; no Holm
804,v2_sensitivity,v2_sensitivity/fantom5_membership_N3,auroc_oof__N3,regulatory_histone_dnase_v1,regulatory_histone_dnase_v1,deepcpg_dna_locus,deepcpg_dna_locus,0.2148377063,0.2024056117,0.2273377197,"95% percentile bootstrap over 22 chromosome blocks (B=1000, seed 17); coarse by design (frozen protocol sec.0)",0.001998001998,,False,delta = regulatory_histone_dnase_v1 - comparator (higher-is-better metric),outputs/biological_validation_v2/bioval-v2-protocol-freeze-v1/sensitivity/contrasts/regulatory_histone_dnase_v1__vs__deepcpg_dna_locus.csv,b0c5d647edcd782d6b92ba0304dca62b8fe6940647b816f9a5384cdb6846b2aa,preregistered,descriptive; raw p; no Holm
805,v2_sensitivity,v2_sensitivity/fantom5_membership_N3,auroc_oof__N3,regulatory_histone_dnase_v1,regulatory_histone_dnase_v1,functional_annotations_pca,functional_annotations_pca,-0.01655790838,-0.02001737731,-0.01287418743,"95% percentile bootstrap over 22 chromosome blocks (B=1000, seed 17); coarse by design (frozen protocol sec.0)",0.001998001998,,False,delta = regulatory_histone_dnase_v1 - comparator (higher-is-better metric),outputs/biological_validation_v2/bioval-v2-protocol-freeze-v1/sensitivity/contrasts/regulatory_histone_dnase_v1__vs__functional_annotations_pca.csv,d43648760ad2d89cdb5cc2a779eebd283ef540c588daaa618f16d92dd2fa8584,preregistered,descriptive; raw p; no Holm
806,v2_sensitivity,v2_sensitivity/loyfer_drop_single_sample_groups,spearman_1-10kb,regulatory_histone_dnase_v1,regulatory_histone_dnase_v1,cpgpt_large_locus,cpgpt_large_locus,-0.04573228458,-0.05772776303,-0.03251981218,"95% percentile bootstrap over 22 chromosome blocks (B=1000, seed 17); coarse by design (frozen protocol sec.0)",0.001998001998,,False,delta = regulatory_histone_dnase_v1 - comparator (higher-is-better metric),outputs/biological_validation_v2/bioval-v2-protocol-freeze-v1/sensitivity/contrasts/regulatory_histone_dnase_v1__vs__cpgpt_large_locus.csv,695e9842b45d60c7a6e3a39e11a03fa17bc757ede43049f6fb7e58f6956a7352,preregistered,descriptive; raw p; no Holm
807,v2_sensitivity,v2_sensitivity/loyfer_drop_single_sample_groups,spearman_1-10kb,regulatory_histone_dnase_v1,regulatory_histone_dnase_v1,deepcpg_dna_locus,deepcpg_dna_locus,-0.04054231597,-0.05623212874,-0.02513960757,"95% percentile bootstrap over 22 chromosome blocks (B=1000, seed 17); coarse by design (frozen protocol sec.0)",0.001998001998,,False,delta = regulatory_histone_dnase_v1 - comparator (higher-is-better metric),outputs/biological_validation_v2/bioval-v2-protocol-freeze-v1/sensitivity/contrasts/regulatory_histone_dnase_v1__vs__deepcpg_dna_locus.csv,b0c5d647edcd782d6b92ba0304dca62b8fe6940647b816f9a5384cdb6846b2aa,preregistered,descriptive; raw p; no Holm
808,v2_sensitivity,v2_sensitivity/loyfer_drop_single_sample_groups,spearman_1-10kb,regulatory_histone_dnase_v1,regulatory_histone_dnase_v1,functional_annotations_pca,functional_annotations_pca,-0.01559520722,-0.01926293998,-0.01143173038,"95% percentile bootstrap over 22 chromosome blocks (B=1000, seed 17); coarse by design (frozen protocol sec.0)",0.001998001998,,False,delta = regulatory_histone_dnase_v1 - comparator (higher-is-better metric),outputs/biological_validation_v2/bioval-v2-protocol-freeze-v1/sensitivity/contrasts/regulatory_histone_dnase_v1__vs__functional_annotations_pca.csv,d43648760ad2d89cdb5cc2a779eebd283ef540c588daaa618f16d92dd2fa8584,preregistered,descriptive; raw p; no Holm
809,v2_sensitivity,v2_sensitivity/loyfer_drop_single_sample_groups,spearman_10-100kb,regulatory_histone_dnase_v1,regulatory_histone_dnase_v1,cpgpt_large_locus,cpgpt_large_locus,-0.1312817137,-0.1432745459,-0.1174731322,"95% percentile bootstrap over 22 chromosome blocks (B=1000, seed 17); coarse by design (frozen protocol sec.0)",0.001998001998,,False,delta = regulatory_histone_dnase_v1 - comparator (higher-is-better metric),outputs/biological_validation_v2/bioval-v2-protocol-freeze-v1/sensitivity/contrasts/regulatory_histone_dnase_v1__vs__cpgpt_large_locus.csv,695e9842b45d60c7a6e3a39e11a03fa17bc757ede43049f6fb7e58f6956a7352,preregistered,descriptive; raw p; no Holm
810,v2_sensitivity,v2_sensitivity/loyfer_drop_single_sample_groups,spearman_10-100kb,regulatory_histone_dnase_v1,regulatory_histone_dnase_v1,deepcpg_dna_locus,deepcpg_dna_locus,-0.123924825,-0.1358852296,-0.1078059261,"95% percentile bootstrap over 22 chromosome blocks (B=1000, seed 17); coarse by design (frozen protocol sec.0)",0.001998001998,,False,delta = regulatory_histone_dnase_v1 - comparator (higher-is-better metric),outputs/biological_validation_v2/bioval-v2-protocol-freeze-v1/sensitivity/contrasts/regulatory_histone_dnase_v1__vs__deepcpg_dna_locus.csv,b0c5d647edcd782d6b92ba0304dca62b8fe6940647b816f9a5384cdb6846b2aa,preregistered,descriptive; raw p; no Holm
811,v2_sensitivity,v2_sensitivity/loyfer_drop_single_sample_groups,spearman_10-100kb,regulatory_histone_dnase_v1,regulatory_histone_dnase_v1,functional_annotations_pca,functional_annotations_pca,-0.02354661326,-0.02746694904,-0.01929171185,"95% percentile bootstrap over 22 chromosome blocks (B=1000, seed 17); coarse by design (frozen protocol sec.0)",0.001998001998,,False,delta = regulatory_histone_dnase_v1 - comparator (higher-is-better metric),outputs/biological_validation_v2/bioval-v2-protocol-freeze-v1/sensitivity/contrasts/regulatory_histone_dnase_v1__vs__functional_annotations_pca.csv,d43648760ad2d89cdb5cc2a779eebd283ef540c588daaa618f16d92dd2fa8584,preregistered,descriptive; raw p; no Holm
812,v2_sensitivity,v2_sensitivity/loyfer_drop_single_sample_groups,spearman_100kb-1Mb,regulatory_histone_dnase_v1,regulatory_histone_dnase_v1,cpgpt_large_locus,cpgpt_large_locus,-0.1621960045,-0.1772989519,-0.1440152947,"95% percentile bootstrap over 22 chromosome blocks (B=1000, seed 17); coarse by design (frozen protocol sec.0)",0.001998001998,,False,delta = regulatory_histone_dnase_v1 - comparator (higher-is-better metric),outputs/biological_validation_v2/bioval-v2-protocol-freeze-v1/sensitivity/contrasts/regulatory_histone_dnase_v1__vs__cpgpt_large_locus.csv,695e9842b45d60c7a6e3a39e11a03fa17bc757ede43049f6fb7e58f6956a7352,preregistered,descriptive; raw p; no Holm
813,v2_sensitivity,v2_sensitivity/loyfer_drop_single_sample_groups,spearman_100kb-1Mb,regulatory_histone_dnase_v1,regulatory_histone_dnase_v1,deepcpg_dna_locus,deepcpg_dna_locus,-0.1476755171,-0.1644176343,-0.1285636417,"95% percentile bootstrap over 22 chromosome blocks (B=1000, seed 17); coarse by design (frozen protocol sec.0)",0.001998001998,,False,delta = regulatory_histone_dnase_v1 - comparator (higher-is-better metric),outputs/biological_validation_v2/bioval-v2-protocol-freeze-v1/sensitivity/contrasts/regulatory_histone_dnase_v1__vs__deepcpg_dna_locus.csv,b0c5d647edcd782d6b92ba0304dca62b8fe6940647b816f9a5384cdb6846b2aa,preregistered,descriptive; raw p; no Holm
814,v2_sensitivity,v2_sensitivity/loyfer_drop_single_sample_groups,spearman_100kb-1Mb,regulatory_histone_dnase_v1,regulatory_histone_dnase_v1,functional_annotations_pca,functional_annotations_pca,-0.02435079292,-0.02934520419,-0.01926655014,"95% percentile bootstrap over 22 chromosome blocks (B=1000, seed 17); coarse by design (frozen protocol sec.0)",0.001998001998,,False,delta = regulatory_histone_dnase_v1 - comparator (higher-is-better metric),outputs/biological_validation_v2/bioval-v2-protocol-freeze-v1/sensitivity/contrasts/regulatory_histone_dnase_v1__vs__functional_annotations_pca.csv,d43648760ad2d89cdb5cc2a779eebd283ef540c588daaa618f16d92dd2fa8584,preregistered,descriptive; raw p; no Holm
815,v2_sensitivity,v2_sensitivity/loyfer_drop_single_sample_groups,spearman_<1kb,regulatory_histone_dnase_v1,regulatory_histone_dnase_v1,cpgpt_large_locus,cpgpt_large_locus,0.1051507989,0.08440699919,0.1252844214,"95% percentile bootstrap over 22 chromosome blocks (B=1000, seed 17); coarse by design (frozen protocol sec.0)",0.001998001998,,False,delta = regulatory_histone_dnase_v1 - comparator (higher-is-better metric),outputs/biological_validation_v2/bioval-v2-protocol-freeze-v1/sensitivity/contrasts/regulatory_histone_dnase_v1__vs__cpgpt_large_locus.csv,695e9842b45d60c7a6e3a39e11a03fa17bc757ede43049f6fb7e58f6956a7352,preregistered,descriptive; raw p; no Holm
816,v2_sensitivity,v2_sensitivity/loyfer_drop_single_sample_groups,spearman_<1kb,regulatory_histone_dnase_v1,regulatory_histone_dnase_v1,deepcpg_dna_locus,deepcpg_dna_locus,0.04820658156,0.02548099729,0.07189840071,"95% percentile bootstrap over 22 chromosome blocks (B=1000, seed 17); coarse by design (frozen protocol sec.0)",0.001998001998,,False,delta = regulatory_histone_dnase_v1 - comparator (higher-is-better metric),outputs/biological_validation_v2/bioval-v2-protocol-freeze-v1/sensitivity/contrasts/regulatory_histone_dnase_v1__vs__deepcpg_dna_locus.csv,b0c5d647edcd782d6b92ba0304dca62b8fe6940647b816f9a5384cdb6846b2aa,preregistered,descriptive; raw p; no Holm
817,v2_sensitivity,v2_sensitivity/loyfer_drop_single_sample_groups,spearman_<1kb,regulatory_histone_dnase_v1,regulatory_histone_dnase_v1,functional_annotations_pca,functional_annotations_pca,-0.05448737306,-0.05965476362,-0.04920288462,"95% percentile bootstrap over 22 chromosome blocks (B=1000, seed 17); coarse by design (frozen protocol sec.0)",0.001998001998,,False,delta = regulatory_histone_dnase_v1 - comparator (higher-is-better metric),outputs/biological_validation_v2/bioval-v2-protocol-freeze-v1/sensitivity/contrasts/regulatory_histone_dnase_v1__vs__functional_annotations_pca.csv,d43648760ad2d89cdb5cc2a779eebd283ef540c588daaa618f16d92dd2fa8584,preregistered,descriptive; raw p; no Holm
818,v2_sensitivity,v2_sensitivity/loyfer_drop_single_sample_groups,spearman_>1Mb,regulatory_histone_dnase_v1,regulatory_histone_dnase_v1,cpgpt_large_locus,cpgpt_large_locus,-0.1787956116,-0.1966059303,-0.1576350963,"95% percentile bootstrap over 22 chromosome blocks (B=1000, seed 17); coarse by design (frozen protocol sec.0)",0.001998001998,,False,delta = regulatory_histone_dnase_v1 - comparator (higher-is-better metric),outputs/biological_validation_v2/bioval-v2-protocol-freeze-v1/sensitivity/contrasts/regulatory_histone_dnase_v1__vs__cpgpt_large_locus.csv,695e9842b45d60c7a6e3a39e11a03fa17bc757ede43049f6fb7e58f6956a7352,preregistered,descriptive; raw p; no Holm
819,v2_sensitivity,v2_sensitivity/loyfer_drop_single_sample_groups,spearman_>1Mb,regulatory_histone_dnase_v1,regulatory_histone_dnase_v1,deepcpg_dna_locus,deepcpg_dna_locus,-0.1859197348,-0.2061488179,-0.163373576,"95% percentile bootstrap over 22 chromosome blocks (B=1000, seed 17); coarse by design (frozen protocol sec.0)",0.001998001998,,False,delta = regulatory_histone_dnase_v1 - comparator (higher-is-better metric),outputs/biological_validation_v2/bioval-v2-protocol-freeze-v1/sensitivity/contrasts/regulatory_histone_dnase_v1__vs__deepcpg_dna_locus.csv,b0c5d647edcd782d6b92ba0304dca62b8fe6940647b816f9a5384cdb6846b2aa,preregistered,descriptive; raw p; no Holm
820,v2_sensitivity,v2_sensitivity/loyfer_drop_single_sample_groups,spearman_>1Mb,regulatory_histone_dnase_v1,regulatory_histone_dnase_v1,functional_annotations_pca,functional_annotations_pca,-0.0234609867,-0.02802423151,-0.01888840729,"95% percentile bootstrap over 22 chromosome blocks (B=1000, seed 17); coarse by design (frozen protocol sec.0)",0.001998001998,,False,delta = regulatory_histone_dnase_v1 - comparator (higher-is-better metric),outputs/biological_validation_v2/bioval-v2-protocol-freeze-v1/sensitivity/contrasts/regulatory_histone_dnase_v1__vs__functional_annotations_pca.csv,d43648760ad2d89cdb5cc2a779eebd283ef540c588daaa618f16d92dd2fa8584,preregistered,descriptive; raw p; no Holm
821,v2_sensitivity,v2_sensitivity/loyfer_drop_single_sample_groups,spearman_all_pairs,regulatory_histone_dnase_v1,regulatory_histone_dnase_v1,cpgpt_large_locus,cpgpt_large_locus,-0.1034963544,-0.1131249953,-0.09264234751,"95% percentile bootstrap over 22 chromosome blocks (B=1000, seed 17); coarse by design (frozen protocol sec.0)",0.001998001998,,False,delta = regulatory_histone_dnase_v1 - comparator (higher-is-better metric),outputs/biological_validation_v2/bioval-v2-protocol-freeze-v1/sensitivity/contrasts/regulatory_histone_dnase_v1__vs__cpgpt_large_locus.csv,695e9842b45d60c7a6e3a39e11a03fa17bc757ede43049f6fb7e58f6956a7352,preregistered,descriptive; raw p; no Holm
822,v2_sensitivity,v2_sensitivity/loyfer_drop_single_sample_groups,spearman_all_pairs,regulatory_histone_dnase_v1,regulatory_histone_dnase_v1,deepcpg_dna_locus,deepcpg_dna_locus,-0.07134939539,-0.08447017331,-0.05659632443,"95% percentile bootstrap over 22 chromosome blocks (B=1000, seed 17); coarse by design (frozen protocol sec.0)",0.001998001998,,False,delta = regulatory_histone_dnase_v1 - comparator (higher-is-better metric),outputs/biological_validation_v2/bioval-v2-protocol-freeze-v1/sensitivity/contrasts/regulatory_histone_dnase_v1__vs__deepcpg_dna_locus.csv,b0c5d647edcd782d6b92ba0304dca62b8fe6940647b816f9a5384cdb6846b2aa,preregistered,descriptive; raw p; no Holm
823,v2_sensitivity,v2_sensitivity/loyfer_drop_single_sample_groups,spearman_all_pairs,regulatory_histone_dnase_v1,regulatory_histone_dnase_v1,functional_annotations_pca,functional_annotations_pca,-0.02093648678,-0.02355106312,-0.01831699911,"95% percentile bootstrap over 22 chromosome blocks (B=1000, seed 17); coarse by design (frozen protocol sec.0)",0.001998001998,,False,delta = regulatory_histone_dnase_v1 - comparator (higher-is-better metric),outputs/biological_validation_v2/bioval-v2-protocol-freeze-v1/sensitivity/contrasts/regulatory_histone_dnase_v1__vs__functional_annotations_pca.csv,d43648760ad2d89cdb5cc2a779eebd283ef540c588daaa618f16d92dd2fa8584,preregistered,descriptive; raw p; no Holm
824,v2_sensitivity,v2_sensitivity/loyfer_drop_single_sample_groups,spearman_interchromosomal,regulatory_histone_dnase_v1,regulatory_histone_dnase_v1,cpgpt_large_locus,cpgpt_large_locus,-0.1786842432,-0.1886839675,-0.1696173539,"95% percentile bootstrap over 22 chromosome blocks (B=1000, seed 17); coarse by design (frozen protocol sec.0)",0.001998001998,,False,delta = regulatory_histone_dnase_v1 - comparator (higher-is-better metric),outputs/biological_validation_v2/bioval-v2-protocol-freeze-v1/sensitivity/contrasts/regulatory_histone_dnase_v1__vs__cpgpt_large_locus.csv,695e9842b45d60c7a6e3a39e11a03fa17bc757ede43049f6fb7e58f6956a7352,preregistered,descriptive; raw p; no Holm
825,v2_sensitivity,v2_sensitivity/loyfer_drop_single_sample_groups,spearman_interchromosomal,regulatory_histone_dnase_v1,regulatory_histone_dnase_v1,deepcpg_dna_locus,deepcpg_dna_locus,-0.1872834292,-0.198310281,-0.1770258912,"95% percentile bootstrap over 22 chromosome blocks (B=1000, seed 17); coarse by design (frozen protocol sec.0)",0.001998001998,,False,delta = regulatory_histone_dnase_v1 - comparator (higher-is-better metric),outputs/biological_validation_v2/bioval-v2-protocol-freeze-v1/sensitivity/contrasts/regulatory_histone_dnase_v1__vs__deepcpg_dna_locus.csv,b0c5d647edcd782d6b92ba0304dca62b8fe6940647b816f9a5384cdb6846b2aa,preregistered,descriptive; raw p; no Holm
826,v2_sensitivity,v2_sensitivity/loyfer_drop_single_sample_groups,spearman_interchromosomal,regulatory_histone_dnase_v1,regulatory_histone_dnase_v1,functional_annotations_pca,functional_annotations_pca,-0.02591372833,-0.02915647936,-0.02315362944,"95% percentile bootstrap over 22 chromosome blocks (B=1000, seed 17); coarse by design (frozen protocol sec.0)",0.001998001998,,False,delta = regulatory_histone_dnase_v1 - comparator (higher-is-better metric),outputs/biological_validation_v2/bioval-v2-protocol-freeze-v1/sensitivity/contrasts/regulatory_histone_dnase_v1__vs__functional_annotations_pca.csv,d43648760ad2d89cdb5cc2a779eebd283ef540c588daaa618f16d92dd2fa8584,preregistered,descriptive; raw p; no Holm
827,v2_sensitivity,v2_sensitivity/loyfer_drop_single_sample_groups,spearman_pooled_gt1Mb_inter_eqw,regulatory_histone_dnase_v1,regulatory_histone_dnase_v1,cpgpt_large_locus,cpgpt_large_locus,-0.1787010558,-0.1916545778,-0.1670565887,"95% percentile bootstrap over 22 chromosome blocks (B=1000, seed 17); coarse by design (frozen protocol sec.0)",0.001998001998,,False,delta = regulatory_histone_dnase_v1 - comparator (higher-is-better metric),outputs/biological_validation_v2/bioval-v2-protocol-freeze-v1/sensitivity/contrasts/regulatory_histone_dnase_v1__vs__cpgpt_large_locus.csv,695e9842b45d60c7a6e3a39e11a03fa17bc757ede43049f6fb7e58f6956a7352,preregistered,descriptive; raw p; no Holm
828,v2_sensitivity,v2_sensitivity/loyfer_drop_single_sample_groups,spearman_pooled_gt1Mb_inter_eqw,regulatory_histone_dnase_v1,regulatory_histone_dnase_v1,deepcpg_dna_locus,deepcpg_dna_locus,-0.1865777746,-0.2019511858,-0.1718273922,"95% percentile bootstrap over 22 chromosome blocks (B=1000, seed 17); coarse by design (frozen protocol sec.0)",0.001998001998,,False,delta = regulatory_histone_dnase_v1 - comparator (higher-is-better metric),outputs/biological_validation_v2/bioval-v2-protocol-freeze-v1/sensitivity/contrasts/regulatory_histone_dnase_v1__vs__deepcpg_dna_locus.csv,b0c5d647edcd782d6b92ba0304dca62b8fe6940647b816f9a5384cdb6846b2aa,preregistered,descriptive; raw p; no Holm
829,v2_sensitivity,v2_sensitivity/loyfer_drop_single_sample_groups,spearman_pooled_gt1Mb_inter_eqw,regulatory_histone_dnase_v1,regulatory_histone_dnase_v1,functional_annotations_pca,functional_annotations_pca,-0.02467319986,-0.02834407224,-0.02134555209,"95% percentile bootstrap over 22 chromosome blocks (B=1000, seed 17); coarse by design (frozen protocol sec.0)",0.001998001998,,False,delta = regulatory_histone_dnase_v1 - comparator (higher-is-better metric),outputs/biological_validation_v2/bioval-v2-protocol-freeze-v1/sensitivity/contrasts/regulatory_histone_dnase_v1__vs__functional_annotations_pca.csv,d43648760ad2d89cdb5cc2a779eebd283ef540c588daaa618f16d92dd2fa8584,preregistered,descriptive; raw p; no Holm
830,v2_sensitivity,v2_sensitivity/loyfer_mask_lenient,spearman_1-10kb,regulatory_histone_dnase_v1,regulatory_histone_dnase_v1,cpgpt_large_locus,cpgpt_large_locus,-0.04096828886,-0.054039983,-0.02597876926,"95% percentile bootstrap over 22 chromosome blocks (B=1000, seed 17); coarse by design (frozen protocol sec.0)",0.001998001998,,False,delta = regulatory_histone_dnase_v1 - comparator (higher-is-better metric),outputs/biological_validation_v2/bioval-v2-protocol-freeze-v1/sensitivity/contrasts/regulatory_histone_dnase_v1__vs__cpgpt_large_locus.csv,695e9842b45d60c7a6e3a39e11a03fa17bc757ede43049f6fb7e58f6956a7352,preregistered,descriptive; raw p; no Holm
831,v2_sensitivity,v2_sensitivity/loyfer_mask_lenient,spearman_1-10kb,regulatory_histone_dnase_v1,regulatory_histone_dnase_v1,deepcpg_dna_locus,deepcpg_dna_locus,-0.04378771088,-0.05733535666,-0.02970227587,"95% percentile bootstrap over 22 chromosome blocks (B=1000, seed 17); coarse by design (frozen protocol sec.0)",0.001998001998,,False,delta = regulatory_histone_dnase_v1 - comparator (higher-is-better metric),outputs/biological_validation_v2/bioval-v2-protocol-freeze-v1/sensitivity/contrasts/regulatory_histone_dnase_v1__vs__deepcpg_dna_locus.csv,b0c5d647edcd782d6b92ba0304dca62b8fe6940647b816f9a5384cdb6846b2aa,preregistered,descriptive; raw p; no Holm
832,v2_sensitivity,v2_sensitivity/loyfer_mask_lenient,spearman_1-10kb,regulatory_histone_dnase_v1,regulatory_histone_dnase_v1,functional_annotations_pca,functional_annotations_pca,-0.01572183268,-0.01942287594,-0.01179039361,"95% percentile bootstrap over 22 chromosome blocks (B=1000, seed 17); coarse by design (frozen protocol sec.0)",0.001998001998,,False,delta = regulatory_histone_dnase_v1 - comparator (higher-is-better metric),outputs/biological_validation_v2/bioval-v2-protocol-freeze-v1/sensitivity/contrasts/regulatory_histone_dnase_v1__vs__functional_annotations_pca.csv,d43648760ad2d89cdb5cc2a779eebd283ef540c588daaa618f16d92dd2fa8584,preregistered,descriptive; raw p; no Holm
833,v2_sensitivity,v2_sensitivity/loyfer_mask_lenient,spearman_10-100kb,regulatory_histone_dnase_v1,regulatory_histone_dnase_v1,cpgpt_large_locus,cpgpt_large_locus,-0.1243914705,-0.1371599584,-0.1100732707,"95% percentile bootstrap over 22 chromosome blocks (B=1000, seed 17); coarse by design (frozen protocol sec.0)",0.001998001998,,False,delta = regulatory_histone_dnase_v1 - comparator (higher-is-better metric),outputs/biological_validation_v2/bioval-v2-protocol-freeze-v1/sensitivity/contrasts/regulatory_histone_dnase_v1__vs__cpgpt_large_locus.csv,695e9842b45d60c7a6e3a39e11a03fa17bc757ede43049f6fb7e58f6956a7352,preregistered,descriptive; raw p; no Holm
834,v2_sensitivity,v2_sensitivity/loyfer_mask_lenient,spearman_10-100kb,regulatory_histone_dnase_v1,regulatory_histone_dnase_v1,deepcpg_dna_locus,deepcpg_dna_locus,-0.1210049481,-0.1336774926,-0.1056987785,"95% percentile bootstrap over 22 chromosome blocks (B=1000, seed 17); coarse by design (frozen protocol sec.0)",0.001998001998,,False,delta = regulatory_histone_dnase_v1 - comparator (higher-is-better metric),outputs/biological_validation_v2/bioval-v2-protocol-freeze-v1/sensitivity/contrasts/regulatory_histone_dnase_v1__vs__deepcpg_dna_locus.csv,b0c5d647edcd782d6b92ba0304dca62b8fe6940647b816f9a5384cdb6846b2aa,preregistered,descriptive; raw p; no Holm
835,v2_sensitivity,v2_sensitivity/loyfer_mask_lenient,spearman_10-100kb,regulatory_histone_dnase_v1,regulatory_histone_dnase_v1,functional_annotations_pca,functional_annotations_pca,-0.02321786972,-0.02743479942,-0.01907678146,"95% percentile bootstrap over 22 chromosome blocks (B=1000, seed 17); coarse by design (frozen protocol sec.0)",0.001998001998,,False,delta = regulatory_histone_dnase_v1 - comparator (higher-is-better metric),outputs/biological_validation_v2/bioval-v2-protocol-freeze-v1/sensitivity/contrasts/regulatory_histone_dnase_v1__vs__functional_annotations_pca.csv,d43648760ad2d89cdb5cc2a779eebd283ef540c588daaa618f16d92dd2fa8584,preregistered,descriptive; raw p; no Holm
836,v2_sensitivity,v2_sensitivity/loyfer_mask_lenient,spearman_100kb-1Mb,regulatory_histone_dnase_v1,regulatory_histone_dnase_v1,cpgpt_large_locus,cpgpt_large_locus,-0.148990103,-0.1640472997,-0.1308818367,"95% percentile bootstrap over 22 chromosome blocks (B=1000, seed 17); coarse by design (frozen protocol sec.0)",0.001998001998,,False,delta = regulatory_histone_dnase_v1 - comparator (higher-is-better metric),outputs/biological_validation_v2/bioval-v2-protocol-freeze-v1/sensitivity/contrasts/regulatory_histone_dnase_v1__vs__cpgpt_large_locus.csv,695e9842b45d60c7a6e3a39e11a03fa17bc757ede43049f6fb7e58f6956a7352,preregistered,descriptive; raw p; no Holm
837,v2_sensitivity,v2_sensitivity/loyfer_mask_lenient,spearman_100kb-1Mb,regulatory_histone_dnase_v1,regulatory_histone_dnase_v1,deepcpg_dna_locus,deepcpg_dna_locus,-0.1379250149,-0.1528865783,-0.1204920422,"95% percentile bootstrap over 22 chromosome blocks (B=1000, seed 17); coarse by design (frozen protocol sec.0)",0.001998001998,,False,delta = regulatory_histone_dnase_v1 - comparator (higher-is-better metric),outputs/biological_validation_v2/bioval-v2-protocol-freeze-v1/sensitivity/contrasts/regulatory_histone_dnase_v1__vs__deepcpg_dna_locus.csv,b0c5d647edcd782d6b92ba0304dca62b8fe6940647b816f9a5384cdb6846b2aa,preregistered,descriptive; raw p; no Holm
838,v2_sensitivity,v2_sensitivity/loyfer_mask_lenient,spearman_100kb-1Mb,regulatory_histone_dnase_v1,regulatory_histone_dnase_v1,functional_annotations_pca,functional_annotations_pca,-0.0236292253,-0.02809984633,-0.0187407889,"95% percentile bootstrap over 22 chromosome blocks (B=1000, seed 17); coarse by design (frozen protocol sec.0)",0.001998001998,,False,delta = regulatory_histone_dnase_v1 - comparator (higher-is-better metric),outputs/biological_validation_v2/bioval-v2-protocol-freeze-v1/sensitivity/contrasts/regulatory_histone_dnase_v1__vs__functional_annotations_pca.csv,d43648760ad2d89cdb5cc2a779eebd283ef540c588daaa618f16d92dd2fa8584,preregistered,descriptive; raw p; no Holm
839,v2_sensitivity,v2_sensitivity/loyfer_mask_lenient,spearman_<1kb,regulatory_histone_dnase_v1,regulatory_histone_dnase_v1,cpgpt_large_locus,cpgpt_large_locus,0.1037123193,0.08428089289,0.1222453501,"95% percentile bootstrap over 22 chromosome blocks (B=1000, seed 17); coarse by design (frozen protocol sec.0)",0.001998001998,,False,delta = regulatory_histone_dnase_v1 - comparator (higher-is-better metric),outputs/biological_validation_v2/bioval-v2-protocol-freeze-v1/sensitivity/contrasts/regulatory_histone_dnase_v1__vs__cpgpt_large_locus.csv,695e9842b45d60c7a6e3a39e11a03fa17bc757ede43049f6fb7e58f6956a7352,preregistered,descriptive; raw p; no Holm
840,v2_sensitivity,v2_sensitivity/loyfer_mask_lenient,spearman_<1kb,regulatory_histone_dnase_v1,regulatory_histone_dnase_v1,deepcpg_dna_locus,deepcpg_dna_locus,0.03963979353,0.01878528412,0.06124708923,"95% percentile bootstrap over 22 chromosome blocks (B=1000, seed 17); coarse by design (frozen protocol sec.0)",0.001998001998,,False,delta = regulatory_histone_dnase_v1 - comparator (higher-is-better metric),outputs/biological_validation_v2/bioval-v2-protocol-freeze-v1/sensitivity/contrasts/regulatory_histone_dnase_v1__vs__deepcpg_dna_locus.csv,b0c5d647edcd782d6b92ba0304dca62b8fe6940647b816f9a5384cdb6846b2aa,preregistered,descriptive; raw p; no Holm
841,v2_sensitivity,v2_sensitivity/loyfer_mask_lenient,spearman_<1kb,regulatory_histone_dnase_v1,regulatory_histone_dnase_v1,functional_annotations_pca,functional_annotations_pca,-0.05402427419,-0.0589676323,-0.04878208594,"95% percentile bootstrap over 22 chromosome blocks (B=1000, seed 17); coarse by design (frozen protocol sec.0)",0.001998001998,,False,delta = regulatory_histone_dnase_v1 - comparator (higher-is-better metric),outputs/biological_validation_v2/bioval-v2-protocol-freeze-v1/sensitivity/contrasts/regulatory_histone_dnase_v1__vs__functional_annotations_pca.csv,d43648760ad2d89cdb5cc2a779eebd283ef540c588daaa618f16d92dd2fa8584,preregistered,descriptive; raw p; no Holm
842,v2_sensitivity,v2_sensitivity/loyfer_mask_lenient,spearman_>1Mb,regulatory_histone_dnase_v1,regulatory_histone_dnase_v1,cpgpt_large_locus,cpgpt_large_locus,-0.1715046203,-0.188670441,-0.1520353353,"95% percentile bootstrap over 22 chromosome blocks (B=1000, seed 17); coarse by design (frozen protocol sec.0)",0.001998001998,,False,delta = regulatory_histone_dnase_v1 - comparator (higher-is-better metric),outputs/biological_validation_v2/bioval-v2-protocol-freeze-v1/sensitivity/contrasts/regulatory_histone_dnase_v1__vs__cpgpt_large_locus.csv,695e9842b45d60c7a6e3a39e11a03fa17bc757ede43049f6fb7e58f6956a7352,preregistered,descriptive; raw p; no Holm
843,v2_sensitivity,v2_sensitivity/loyfer_mask_lenient,spearman_>1Mb,regulatory_histone_dnase_v1,regulatory_histone_dnase_v1,deepcpg_dna_locus,deepcpg_dna_locus,-0.1779358435,-0.1990606864,-0.1519695531,"95% percentile bootstrap over 22 chromosome blocks (B=1000, seed 17); coarse by design (frozen protocol sec.0)",0.001998001998,,False,delta = regulatory_histone_dnase_v1 - comparator (higher-is-better metric),outputs/biological_validation_v2/bioval-v2-protocol-freeze-v1/sensitivity/contrasts/regulatory_histone_dnase_v1__vs__deepcpg_dna_locus.csv,b0c5d647edcd782d6b92ba0304dca62b8fe6940647b816f9a5384cdb6846b2aa,preregistered,descriptive; raw p; no Holm
844,v2_sensitivity,v2_sensitivity/loyfer_mask_lenient,spearman_>1Mb,regulatory_histone_dnase_v1,regulatory_histone_dnase_v1,functional_annotations_pca,functional_annotations_pca,-0.02425176218,-0.0290085931,-0.01953440982,"95% percentile bootstrap over 22 chromosome blocks (B=1000, seed 17); coarse by design (frozen protocol sec.0)",0.001998001998,,False,delta = regulatory_histone_dnase_v1 - comparator (higher-is-better metric),outputs/biological_validation_v2/bioval-v2-protocol-freeze-v1/sensitivity/contrasts/regulatory_histone_dnase_v1__vs__functional_annotations_pca.csv,d43648760ad2d89cdb5cc2a779eebd283ef540c588daaa618f16d92dd2fa8584,preregistered,descriptive; raw p; no Holm
845,v2_sensitivity,v2_sensitivity/loyfer_mask_lenient,spearman_all_pairs,regulatory_histone_dnase_v1,regulatory_histone_dnase_v1,cpgpt_large_locus,cpgpt_large_locus,-0.09686461516,-0.1056864703,-0.08657726882,"95% percentile bootstrap over 22 chromosome blocks (B=1000, seed 17); coarse by design (frozen protocol sec.0)",0.001998001998,,False,delta = regulatory_histone_dnase_v1 - comparator (higher-is-better metric),outputs/biological_validation_v2/bioval-v2-protocol-freeze-v1/sensitivity/contrasts/regulatory_histone_dnase_v1__vs__cpgpt_large_locus.csv,695e9842b45d60c7a6e3a39e11a03fa17bc757ede43049f6fb7e58f6956a7352,preregistered,descriptive; raw p; no Holm
846,v2_sensitivity,v2_sensitivity/loyfer_mask_lenient,spearman_all_pairs,regulatory_histone_dnase_v1,regulatory_histone_dnase_v1,deepcpg_dna_locus,deepcpg_dna_locus,-0.0685088204,-0.08170335711,-0.05388870455,"95% percentile bootstrap over 22 chromosome blocks (B=1000, seed 17); coarse by design (frozen protocol sec.0)",0.001998001998,,False,delta = regulatory_histone_dnase_v1 - comparator (higher-is-better metric),outputs/biological_validation_v2/bioval-v2-protocol-freeze-v1/sensitivity/contrasts/regulatory_histone_dnase_v1__vs__deepcpg_dna_locus.csv,b0c5d647edcd782d6b92ba0304dca62b8fe6940647b816f9a5384cdb6846b2aa,preregistered,descriptive; raw p; no Holm
847,v2_sensitivity,v2_sensitivity/loyfer_mask_lenient,spearman_all_pairs,regulatory_histone_dnase_v1,regulatory_histone_dnase_v1,functional_annotations_pca,functional_annotations_pca,-0.02066663995,-0.02329161798,-0.01808887483,"95% percentile bootstrap over 22 chromosome blocks (B=1000, seed 17); coarse by design (frozen protocol sec.0)",0.001998001998,,False,delta = regulatory_histone_dnase_v1 - comparator (higher-is-better metric),outputs/biological_validation_v2/bioval-v2-protocol-freeze-v1/sensitivity/contrasts/regulatory_histone_dnase_v1__vs__functional_annotations_pca.csv,d43648760ad2d89cdb5cc2a779eebd283ef540c588daaa618f16d92dd2fa8584,preregistered,descriptive; raw p; no Holm
848,v2_sensitivity,v2_sensitivity/loyfer_mask_lenient,spearman_interchromosomal,regulatory_histone_dnase_v1,regulatory_histone_dnase_v1,cpgpt_large_locus,cpgpt_large_locus,-0.1699198179,-0.1792463371,-0.1613855024,"95% percentile bootstrap over 22 chromosome blocks (B=1000, seed 17); coarse by design (frozen protocol sec.0)",0.001998001998,,False,delta = regulatory_histone_dnase_v1 - comparator (higher-is-better metric),outputs/biological_validation_v2/bioval-v2-protocol-freeze-v1/sensitivity/contrasts/regulatory_histone_dnase_v1__vs__cpgpt_large_locus.csv,695e9842b45d60c7a6e3a39e11a03fa17bc757ede43049f6fb7e58f6956a7352,preregistered,descriptive; raw p; no Holm
849,v2_sensitivity,v2_sensitivity/loyfer_mask_lenient,spearman_interchromosomal,regulatory_histone_dnase_v1,regulatory_histone_dnase_v1,deepcpg_dna_locus,deepcpg_dna_locus,-0.1818898147,-0.1920025946,-0.1720777154,"95% percentile bootstrap over 22 chromosome blocks (B=1000, seed 17); coarse by design (frozen protocol sec.0)",0.001998001998,,False,delta = regulatory_histone_dnase_v1 - comparator (higher-is-better metric),outputs/biological_validation_v2/bioval-v2-protocol-freeze-v1/sensitivity/contrasts/regulatory_histone_dnase_v1__vs__deepcpg_dna_locus.csv,b0c5d647edcd782d6b92ba0304dca62b8fe6940647b816f9a5384cdb6846b2aa,preregistered,descriptive; raw p; no Holm
850,v2_sensitivity,v2_sensitivity/loyfer_mask_lenient,spearman_interchromosomal,regulatory_histone_dnase_v1,regulatory_histone_dnase_v1,functional_annotations_pca,functional_annotations_pca,-0.02537433798,-0.02866528051,-0.02262463528,"95% percentile bootstrap over 22 chromosome blocks (B=1000, seed 17); coarse by design (frozen protocol sec.0)",0.001998001998,,False,delta = regulatory_histone_dnase_v1 - comparator (higher-is-better metric),outputs/biological_validation_v2/bioval-v2-protocol-freeze-v1/sensitivity/contrasts/regulatory_histone_dnase_v1__vs__functional_annotations_pca.csv,d43648760ad2d89cdb5cc2a779eebd283ef540c588daaa618f16d92dd2fa8584,preregistered,descriptive; raw p; no Holm
851,v2_sensitivity,v2_sensitivity/loyfer_mask_lenient,spearman_pooled_gt1Mb_inter_eqw,regulatory_histone_dnase_v1,regulatory_histone_dnase_v1,cpgpt_large_locus,cpgpt_large_locus,-0.1706762873,-0.1826474416,-0.1591850346,"95% percentile bootstrap over 22 chromosome blocks (B=1000, seed 17); coarse by design (frozen protocol sec.0)",0.001998001998,,False,delta = regulatory_histone_dnase_v1 - comparator (higher-is-better metric),outputs/biological_validation_v2/bioval-v2-protocol-freeze-v1/sensitivity/contrasts/regulatory_histone_dnase_v1__vs__cpgpt_large_locus.csv,695e9842b45d60c7a6e3a39e11a03fa17bc757ede43049f6fb7e58f6956a7352,preregistered,descriptive; raw p; no Holm
852,v2_sensitivity,v2_sensitivity/loyfer_mask_lenient,spearman_pooled_gt1Mb_inter_eqw,regulatory_histone_dnase_v1,regulatory_histone_dnase_v1,deepcpg_dna_locus,deepcpg_dna_locus,-0.1798921038,-0.1951141164,-0.1637234872,"95% percentile bootstrap over 22 chromosome blocks (B=1000, seed 17); coarse by design (frozen protocol sec.0)",0.001998001998,,False,delta = regulatory_histone_dnase_v1 - comparator (higher-is-better metric),outputs/biological_validation_v2/bioval-v2-protocol-freeze-v1/sensitivity/contrasts/regulatory_histone_dnase_v1__vs__deepcpg_dna_locus.csv,b0c5d647edcd782d6b92ba0304dca62b8fe6940647b816f9a5384cdb6846b2aa,preregistered,descriptive; raw p; no Holm
853,v2_sensitivity,v2_sensitivity/loyfer_mask_lenient,spearman_pooled_gt1Mb_inter_eqw,regulatory_histone_dnase_v1,regulatory_histone_dnase_v1,functional_annotations_pca,functional_annotations_pca,-0.02480063227,-0.02858447075,-0.02141237258,"95% percentile bootstrap over 22 chromosome blocks (B=1000, seed 17); coarse by design (frozen protocol sec.0)",0.001998001998,,False,delta = regulatory_histone_dnase_v1 - comparator (higher-is-better metric),outputs/biological_validation_v2/bioval-v2-protocol-freeze-v1/sensitivity/contrasts/regulatory_histone_dnase_v1__vs__functional_annotations_pca.csv,d43648760ad2d89cdb5cc2a779eebd283ef540c588daaa618f16d92dd2fa8584,preregistered,descriptive; raw p; no Holm
