task_id,task_name,suite,biological_family,evidence_level,status,endpoint_class,circularity_vs_candidate,circularity_vs_functional_legacy,circularity_vs_sequence,rigor_grade,positive_n,negative_n,n_items,cand__auroc,cand__auroc__ci_lo,cand__auroc__ci_hi,cand__auprc,cand__spearman,cand__spearman__ci_lo,cand__spearman__ci_hi,cand__r2,cand__r2__ci_lo,cand__r2__ci_hi,cand__enrichment,cand__enrichment__ci_lo,cand__enrichment__ci_hi,cpgpt__auroc,cpgpt__auroc__ci_lo,cpgpt__auroc__ci_hi,cpgpt__auprc,cpgpt__spearman,cpgpt__spearman__ci_lo,cpgpt__spearman__ci_hi,cpgpt__r2,cpgpt__r2__ci_lo,cpgpt__r2__ci_hi,cpgpt__enrichment,cpgpt__enrichment__ci_lo,cpgpt__enrichment__ci_hi,deepcpg__auroc,deepcpg__auroc__ci_lo,deepcpg__auroc__ci_hi,deepcpg__auprc,deepcpg__spearman,deepcpg__spearman__ci_lo,deepcpg__spearman__ci_hi,deepcpg__r2,deepcpg__r2__ci_lo,deepcpg__r2__ci_hi,deepcpg__enrichment,deepcpg__enrichment__ci_lo,deepcpg__enrichment__ci_hi,funcleg__auroc,funcleg__auroc__ci_lo,funcleg__auroc__ci_hi,funcleg__auprc,funcleg__spearman,funcleg__spearman__ci_lo,funcleg__spearman__ci_hi,funcleg__r2,funcleg__r2__ci_lo,funcleg__r2__ci_hi,funcleg__enrichment,funcleg__enrichment__ci_lo,funcleg__enrichment__ci_hi,auroc__ci_definition,spearman__ci_definition,r2__ci_definition,enrichment__ci_definition,coverage_cand,proxy_arm_cand,coverage_cpgpt,proxy_arm_cpgpt,coverage_deepcpg,proxy_arm_deepcpg,proxy_metric_cand,proxy_value_cand,proxy_metric_cpgpt,proxy_value_cpgpt,proxy_metric_deepcpg,proxy_value_deepcpg,headline_stat,headline_metric,headline_value_cand,headline_value_cpgpt,headline_value_deepcpg,headline_value_funcleg,legacy_functional_variant,candidate_minus_cpgpt__auroc,candidate_minus_cpgpt__auroc__ci_lo,candidate_minus_cpgpt__auroc__ci_hi,candidate_minus_cpgpt__auroc__ci_definition,candidate_minus_deepcpg__auroc,candidate_minus_deepcpg__auroc__ci_lo,candidate_minus_deepcpg__auroc__ci_hi,candidate_minus_deepcpg__auroc__ci_definition,candidate_minus_funcleg__auroc,candidate_minus_funcleg__auroc__ci_lo,candidate_minus_funcleg__auroc__ci_hi,candidate_minus_funcleg__auroc__ci_definition,candidate_minus_cpgpt__spearman,candidate_minus_cpgpt__spearman__ci_lo,candidate_minus_cpgpt__spearman__ci_hi,candidate_minus_cpgpt__spearman__ci_definition,candidate_minus_deepcpg__spearman,candidate_minus_deepcpg__spearman__ci_lo,candidate_minus_deepcpg__spearman__ci_hi,candidate_minus_deepcpg__spearman__ci_definition,candidate_minus_funcleg__spearman,candidate_minus_funcleg__spearman__ci_lo,candidate_minus_funcleg__spearman__ci_hi,candidate_minus_funcleg__spearman__ci_definition,candidate_minus_cpgpt__r2,candidate_minus_cpgpt__r2__ci_lo,candidate_minus_cpgpt__r2__ci_hi,candidate_minus_cpgpt__r2__ci_definition,candidate_minus_deepcpg__r2,candidate_minus_deepcpg__r2__ci_lo,candidate_minus_deepcpg__r2__ci_hi,candidate_minus_deepcpg__r2__ci_definition,candidate_minus_funcleg__r2,candidate_minus_funcleg__r2__ci_lo,candidate_minus_funcleg__r2__ci_hi,candidate_minus_funcleg__r2__ci_definition,candidate_minus_cpgpt__enrichment,candidate_minus_cpgpt__enrichment__ci_lo,candidate_minus_cpgpt__enrichment__ci_hi,candidate_minus_cpgpt__enrichment__ci_definition,candidate_minus_deepcpg__enrichment,candidate_minus_deepcpg__enrichment__ci_lo,candidate_minus_deepcpg__enrichment__ci_hi,candidate_minus_deepcpg__enrichment__ci_definition,candidate_minus_funcleg__enrichment,candidate_minus_funcleg__enrichment__ci_lo,candidate_minus_funcleg__enrichment__ci_hi,candidate_minus_funcleg__enrichment__ci_definition,delta_flag,notes
encode_co_methylation/far_neighbour_correlation,co_methylation_far_neighbours,encode_co_methylation,methylation program,discovery-campaign,discovery-campaign,campaign_confirm,INDEPENDENT,INDEPENDENT,INDEPENDENT,SUPPLEMENTARY_ONLY,2500,2498,2500,,,,,,,,,,,,,,,,,,,,,,,,,,,,,,,,,,,,,,,,,,,,,,,,,,,,,,,,,PROXY_VARIANT_ONLY,add/assay/Histone ChIP-seq,PROXY_VARIANT_ONLY,fm/cpgpt_locus_large,MISSING,,correlation_gap,0.10666261797194752,correlation_gap,0.06790211673147328,,,correlation_gap,correlation_gap,,,,0.1116850771,"campaign_full_svd256 (4,165 tracks + 23 dense cols)",,,,,,,,,,,,,,,,,,,,,,,,,,,,,,,,,,,,,,,,,,,,,,,,,no paired CI available,Score DERIVED by the registry script as the mean over finite query-neighbour pairs of the per-pair CSV columns (no CI in the result file). Uses held-out patients' betas at evaluation time only (patients in the json); representation patient-agnostic. positive_n = pairs with finite neighbour correlation; negative_n = pairs with finite matched correlation.
encode_ewas_matched_single_draw/ewas_atlas_colorectal_cancer,ewas_atlas_colorectal_cancer,encode_ewas_matched_single_draw,disease/pathology,discovery-campaign,discovery-campaign,campaign_single_draw,INDEPENDENT,INDEPENDENT,INDEPENDENT,SUPPLEMENTARY_ONLY,2000,2000,4000,,,,,,,,,,,,,,,,,,,,,,,,,,,,,,,,,,,,,,,,0.7620705,,,0.7319608717151128,,,,,,,,,,,,,,PROXY_VARIANT_ONLY,add/assay/Histone ChIP-seq,PROXY_VARIANT_ONLY,fm/cpgpt_locus_large,MISSING,,AUROC,0.75880375,AUROC,0.652393,,,auc,AUROC,,,,0.7620705,"campaign_full_svd256 (4,165 tracks + 23 dense cols)",,,,,,,,,,,,,,,,,,,,,,,,,,,,,,,,,,,,,,,,,,,,,,,,,no paired CI available,"Single matching draw, no CI. AUPRC is on the matched sample (prevalence 0.5 by construction; baseline 0.5). Matching covariates are inputs of the functional store (gene region/context/breadth), not of regulatory_histone_dnase_v1."
encode_ewas_matched_single_draw/ewas_atlas_prostate_cancer,ewas_atlas_prostate_cancer,encode_ewas_matched_single_draw,disease/pathology,discovery-campaign,discovery-campaign,campaign_single_draw,INDEPENDENT,INDEPENDENT,INDEPENDENT,SUPPLEMENTARY_ONLY,2000,2000,4000,,,,,,,,,,,,,,,,,,,,,,,,,,,,,,,,,,,,,,,,0.8020312500000001,,,0.7861402189477262,,,,,,,,,,,,,,PROXY_VARIANT_ONLY,add/assay/Histone ChIP-seq,PROXY_VARIANT_ONLY,fm/cpgpt_locus_large,MISSING,,AUROC,0.803088,AUROC,0.62978275,,,auc,AUROC,,,,0.80203125,"campaign_full_svd256 (4,165 tracks + 23 dense cols)",,,,,,,,,,,,,,,,,,,,,,,,,,,,,,,,,,,,,,,,,,,,,,,,,no paired CI available,"Single matching draw, no CI. AUPRC is on the matched sample (prevalence 0.5 by construction; baseline 0.5). Matching covariates are inputs of the functional store (gene region/context/breadth), not of regulatory_histone_dnase_v1."
encode_ewas_matched_single_draw/ewas_catalog_age,ewas_catalog_age,encode_ewas_matched_single_draw,aging,discovery-campaign,discovery-campaign,campaign_single_draw,INDEPENDENT,INDEPENDENT,INDEPENDENT,SUPPLEMENTARY_ONLY,2000,2000,4000,,,,,,,,,,,,,,,,,,,,,,,,,,,,,,,,,,,,,,,,0.51048125,,,0.5147039982038337,,,,,,,,,,,,,,PROXY_VARIANT_ONLY,add/assay/Histone ChIP-seq,PROXY_VARIANT_ONLY,fm/cpgpt_locus_large,MISSING,,AUROC,0.5195925,AUROC,0.56325225,,,auc,AUROC,,,,0.51048125,"campaign_full_svd256 (4,165 tracks + 23 dense cols)",,,,,,,,,,,,,,,,,,,,,,,,,,,,,,,,,,,,,,,,,,,,,,,,,no paired CI available,"Single matching draw, no CI. AUPRC is on the matched sample (prevalence 0.5 by construction; baseline 0.5). Matching covariates are inputs of the functional store (gene region/context/breadth), not of regulatory_histone_dnase_v1."
encode_ewas_matched_single_draw/ewas_catalog_bmi,ewas_catalog_bmi,encode_ewas_matched_single_draw,environmental exposure,discovery-campaign,discovery-campaign,campaign_single_draw,INDEPENDENT,INDEPENDENT,INDEPENDENT,SUPPLEMENTARY_ONLY,2000,2000,4000,,,,,,,,,,,,,,,,,,,,,,,,,,,,,,,,,,,,,,,,0.63328625,,,0.6158794161470096,,,,,,,,,,,,,,PROXY_VARIANT_ONLY,add/assay/Histone ChIP-seq,PROXY_VARIANT_ONLY,fm/cpgpt_locus_large,MISSING,,AUROC,0.6264084999999999,AUROC,0.620271625,,,auc,AUROC,,,,0.63328625,"campaign_full_svd256 (4,165 tracks + 23 dense cols)",,,,,,,,,,,,,,,,,,,,,,,,,,,,,,,,,,,,,,,,,,,,,,,,,no paired CI available,"Single matching draw, no CI. AUPRC is on the matched sample (prevalence 0.5 by construction; baseline 0.5). Matching covariates are inputs of the functional store (gene region/context/breadth), not of regulatory_histone_dnase_v1."
encode_ewas_matched_single_draw/ewas_catalog_breast_cancer,ewas_catalog_breast_cancer,encode_ewas_matched_single_draw,disease/pathology,discovery-campaign,discovery-campaign,campaign_single_draw,INDEPENDENT,INDEPENDENT,INDEPENDENT,SUPPLEMENTARY_ONLY,502,502,1004,,,,,,,,,,,,,,,,,,,,,,,,,,,,,,,,,,,,,,,,0.6181409818891764,,,0.598555061376614,,,,,,,,,,,,,,PROXY_VARIANT_ONLY,add/assay/Histone ChIP-seq,PROXY_VARIANT_ONLY,fm/cpgpt_locus_large,MISSING,,AUROC,0.6187401787273218,AUROC,0.6448072252821384,,,auc,AUROC,,,,0.6181409819,"campaign_full_svd256 (4,165 tracks + 23 dense cols)",,,,,,,,,,,,,,,,,,,,,,,,,,,,,,,,,,,,,,,,,,,,,,,,,no paired CI available,"Single matching draw, no CI. AUPRC is on the matched sample (prevalence 0.5 by construction; baseline 0.5). Matching covariates are inputs of the functional store (gene region/context/breadth), not of regulatory_histone_dnase_v1."
encode_ewas_matched_single_draw/ewas_catalog_lung_cancer,ewas_catalog_lung_cancer,encode_ewas_matched_single_draw,disease/pathology,discovery-campaign,discovery-campaign,campaign_single_draw,INDEPENDENT,INDEPENDENT,INDEPENDENT,SUPPLEMENTARY_ONLY,241,241,482,,,,,,,,,,,,,,,,,,,,,,,,,,,,,,,,,,,,,,,,0.6596219073363062,,,0.6272812759256616,,,,,,,,,,,,,,PROXY_VARIANT_ONLY,add/assay/Histone ChIP-seq,PROXY_VARIANT_ONLY,fm/cpgpt_locus_large,MISSING,,AUROC,0.6234482877360926,AUROC,0.6620839861572632,,,auc,AUROC,,,,0.6596219073,"campaign_full_svd256 (4,165 tracks + 23 dense cols)",,,,,,,,,,,,,,,,,,,,,,,,,,,,,,,,,,,,,,,,,,,,,,,,,no paired CI available,"Single matching draw, no CI. AUPRC is on the matched sample (prevalence 0.5 by construction; baseline 0.5). Matching covariates are inputs of the functional store (gene region/context/breadth), not of regulatory_histone_dnase_v1."
encode_ewas_matched_single_draw/ewas_catalog_rheumatoid_arthritis,ewas_catalog_rheumatoid_arthritis,encode_ewas_matched_single_draw,disease/pathology,discovery-campaign,discovery-campaign,campaign_single_draw,INDEPENDENT,INDEPENDENT,INDEPENDENT,SUPPLEMENTARY_ONLY,238,238,476,,,,,,,,,,,,,,,,,,,,,,,,,,,,,,,,,,,,,,,,0.4978991596638655,,,0.5011146665501993,,,,,,,,,,,,,,PROXY_VARIANT_ONLY,add/assay/Histone ChIP-seq,PROXY_VARIANT_ONLY,fm/cpgpt_locus_large,MISSING,,AUROC,0.5008915330838217,AUROC,0.5290410281759762,,,auc,AUROC,,,,0.4978991597,"campaign_full_svd256 (4,165 tracks + 23 dense cols)",,,,,,,,,,,,,,,,,,,,,,,,,,,,,,,,,,,,,,,,,,,,,,,,,no paired CI available,"Single matching draw, no CI. AUPRC is on the matched sample (prevalence 0.5 by construction; baseline 0.5). Matching covariates are inputs of the functional store (gene region/context/breadth), not of regulatory_histone_dnase_v1."
encode_ewas_matched_single_draw/ewas_catalog_sle,ewas_catalog_sle,encode_ewas_matched_single_draw,disease/pathology,discovery-campaign,discovery-campaign,campaign_single_draw,INDEPENDENT,INDEPENDENT,INDEPENDENT,SUPPLEMENTARY_ONLY,139,139,278,,,,,,,,,,,,,,,,,,,,,,,,,,,,,,,,,,,,,,,,0.5722271103980126,,,0.5752924564331019,,,,,,,,,,,,,,PROXY_VARIANT_ONLY,add/assay/Histone ChIP-seq,PROXY_VARIANT_ONLY,fm/cpgpt_locus_large,MISSING,,AUROC,0.6161948139330263,AUROC,0.5099632524196471,,,auc,AUROC,,,,0.5722271104,"campaign_full_svd256 (4,165 tracks + 23 dense cols)",,,,,,,,,,,,,,,,,,,,,,,,,,,,,,,,,,,,,,,,,,,,,,,,,no paired CI available,"Single matching draw, no CI. AUPRC is on the matched sample (prevalence 0.5 by construction; baseline 0.5). Matching covariates are inputs of the functional store (gene region/context/breadth), not of regulatory_histone_dnase_v1."
encode_ewas_matched_single_draw/ewas_catalog_smoking,ewas_catalog_smoking,encode_ewas_matched_single_draw,environmental exposure,discovery-campaign,discovery-campaign,campaign_single_draw,INDEPENDENT,INDEPENDENT,INDEPENDENT,SUPPLEMENTARY_ONLY,2000,2000,4000,,,,,,,,,,,,,,,,,,,,,,,,,,,,,,,,,,,,,,,,0.753682125,,,0.7190279229522198,,,,,,,,,,,,,,PROXY_VARIANT_ONLY,add/assay/Histone ChIP-seq,PROXY_VARIANT_ONLY,fm/cpgpt_locus_large,MISSING,,AUROC,0.75471075,AUROC,0.699835,,,auc,AUROC,,,,0.753682125,"campaign_full_svd256 (4,165 tracks + 23 dense cols)",,,,,,,,,,,,,,,,,,,,,,,,,,,,,,,,,,,,,,,,,,,,,,,,,no paired CI available,"Single matching draw, no CI. AUPRC is on the matched sample (prevalence 0.5 by construction; baseline 0.5). Matching covariates are inputs of the functional store (gene region/context/breadth), not of regulatory_histone_dnase_v1."
encode_ewas_matched_single_draw/ewas_catalog_type2_diabetes,ewas_catalog_type2_diabetes,encode_ewas_matched_single_draw,disease/pathology,discovery-campaign,discovery-campaign,campaign_single_draw,INDEPENDENT,INDEPENDENT,INDEPENDENT,SUPPLEMENTARY_ONLY,70,70,140,,,,,,,,,,,,,,,,,,,,,,,,,,,,,,,,,,,,,,,,0.6510204081632653,,,0.6493745379085226,,,,,,,,,,,,,,PROXY_VARIANT_ONLY,add/assay/Histone ChIP-seq,PROXY_VARIANT_ONLY,fm/cpgpt_locus_large,MISSING,,AUROC,0.6926530612244899,AUROC,0.3848979591836734,,,auc,AUROC,,,,0.6510204082,"campaign_full_svd256 (4,165 tracks + 23 dense cols)",,,,,,,,,,,,,,,,,,,,,,,,,,,,,,,,,,,,,,,,,,,,,,,,,no paired CI available,"Single matching draw, no CI. AUPRC is on the matched sample (prevalence 0.5 by construction; baseline 0.5). Matching covariates are inputs of the functional store (gene region/context/breadth), not of regulatory_histone_dnase_v1."
encode_ewas_matched_single_draw/hannum_clock,hannum_clock,encode_ewas_matched_single_draw,aging,discovery-campaign,discovery-campaign,campaign_single_draw,INDEPENDENT,INDEPENDENT,INDEPENDENT,SUPPLEMENTARY_ONLY,64,64,128,,,,,,,,,,,,,,,,,,,,,,,,,,,,,,,,,,,,,,,,0.84912109375,,,0.81727495608455,,,,,,,,,,,,,,PROXY_VARIANT_ONLY,add/assay/Histone ChIP-seq,PROXY_VARIANT_ONLY,fm/cpgpt_locus_large,MISSING,,AUROC,0.86767578125,AUROC,0.54443359375,,,auc,AUROC,,,,0.8491210938,"campaign_full_svd256 (4,165 tracks + 23 dense cols)",,,,,,,,,,,,,,,,,,,,,,,,,,,,,,,,,,,,,,,,,,,,,,,,,no paired CI available,"Single matching draw, no CI. AUPRC is on the matched sample (prevalence 0.5 by construction; baseline 0.5). Matching covariates are inputs of the functional store (gene region/context/breadth), not of regulatory_histone_dnase_v1."
encode_ewas_matched_single_draw/horvath_clock,horvath_clock,encode_ewas_matched_single_draw,aging,discovery-campaign,discovery-campaign,campaign_single_draw,INDEPENDENT,INDEPENDENT,INDEPENDENT,SUPPLEMENTARY_ONLY,344,344,688,,,,,,,,,,,,,,,,,,,,,,,,,,,,,,,,,,,,,,,,0.5207924891833423,,,0.5218285343818658,,,,,,,,,,,,,,PROXY_VARIANT_ONLY,add/assay/Histone ChIP-seq,PROXY_VARIANT_ONLY,fm/cpgpt_locus_large,MISSING,,AUROC,0.5319725189291509,AUROC,0.6731637033531639,,,auc,AUROC,,,,0.5207924892,"campaign_full_svd256 (4,165 tracks + 23 dense cols)",,,,,,,,,,,,,,,,,,,,,,,,,,,,,,,,,,,,,,,,,,,,,,,,,no paired CI available,"Single matching draw, no CI. AUPRC is on the matched sample (prevalence 0.5 by construction; baseline 0.5). Matching covariates are inputs of the functional store (gene region/context/breadth), not of regulatory_histone_dnase_v1."
encode_ewas_matched_single_draw/phenoage_clock,phenoage_clock,encode_ewas_matched_single_draw,aging,discovery-campaign,discovery-campaign,campaign_single_draw,INDEPENDENT,INDEPENDENT,INDEPENDENT,SUPPLEMENTARY_ONLY,498,498,996,,,,,,,,,,,,,,,,,,,,,,,,,,,,,,,,,,,,,,,,0.5888332446250867,,,0.5729651153699808,,,,,,,,,,,,,,PROXY_VARIANT_ONLY,add/assay/Histone ChIP-seq,PROXY_VARIANT_ONLY,fm/cpgpt_locus_large,MISSING,,AUROC,0.5801882227706006,AUROC,0.7442561410299835,,,auc,AUROC,,,,0.5888332446,"campaign_full_svd256 (4,165 tracks + 23 dense cols)",,,,,,,,,,,,,,,,,,,,,,,,,,,,,,,,,,,,,,,,,,,,,,,,,no paired CI available,"Single matching draw, no CI. AUPRC is on the matched sample (prevalence 0.5 by construction; baseline 0.5). Matching covariates are inputs of the functional store (gene region/context/breadth), not of regulatory_histone_dnase_v1."
encode_exp2_decodability/mean_beta,mean_beta_decodability,encode_exp2_decodability,methylation program,discovery-campaign,discovery-campaign,campaign_followup,INDEPENDENT,INDEPENDENT,INDEPENDENT,SUPPLEMENTARY_ONLY,,,11929,,,,,,,,,,,,,,,,,,0.7772509118754022,,,0.5804467815595831,0.5600625733670967,0.6000658419919249,,,,,,,,0.7344479836383894,,,0.6132782390000893,0.5979104190712401,0.6274825173866853,,,,,,,,0.9022954405409715,,,0.8751593229317363,0.8699627301060565,0.8811770510852336,,,,,,95% percentile chromosome-block bootstrap (B recorded in exp2 script; see scripts/followup/exp2_decodability.py),,PROXY_VARIANT_ONLY,raw::Histone | alone,HAVE,,HAVE,,Spearman,0.885134137129952,,,,,spearman,Spearman,,0.7772509118754022,0.7344479836383894,0.9022954405,"campaign_full_svd256 (4,165 tracks + 23 dense cols);svd128 (exp1)",,,,,,,,,,,,,,,,,,,,,,,,,,,,,,,,,,,,,,,,,,,,,,,,,no paired CI available,"Target is derived from benchmark training (discovery) patients: patient information enters the LABEL, not the representation. Only 11,929 of 408,399 loci. Subset 'raw (unreduced) feature subset' rows are not SVD embeddings."
encode_exp5_base/ewas_atlas_colorectal_cancer,ewas_atlas_colorectal_cancer,encode_exp5_base,disease/pathology,discovery-campaign,discovery-campaign,campaign_robustness,INDEPENDENT,INDEPENDENT,INDEPENDENT,SUPPLEMENTARY_ONLY,2000,2000,4000,,,,,,,,,,,,,,0.6308204,0.60517305625,0.65331188125,,,,,,,,,,,0.5729847125,0.5443809125000001,0.6010755624999999,,,,,,,,,,,0.77201058125,0.7515672750000001,0.7949172125,,,,,,,,,,,"95% percentile of 10,000-replicate seed-mixture bootstrap (draw 1 of 20 matching seeds, resample matched pairs within chromosome); includes matching-draw variability",,,,MISSING,,HAVE,,HAVE,,,,,,,,pooled_oof_auc_mean_over_seeds,AUROC,,0.6308204,0.5729847125,0.7720105812,"campaign_full_svd256 (4,165 tracks + 23 dense cols)",,,,,,,,,,,,,,,,,,,,,,,,,,,,,,,,,,,,,,,,,,,,,,,,,no paired CI available,"between_seed_sd=0.0083968240518208; seed range [0.63357375, 0.66135925]. regulatory_histone_dnase_v1 and native-DNase/histone arms NOT included in this run. AUPRC not computed. Matching uses functional-store dense columns (inputs of the legacy functional/context arms)."
encode_exp5_base/ewas_atlas_prostate_cancer,ewas_atlas_prostate_cancer,encode_exp5_base,disease/pathology,discovery-campaign,discovery-campaign,campaign_robustness,INDEPENDENT,INDEPENDENT,INDEPENDENT,SUPPLEMENTARY_ONLY,2000,2000,4000,,,,,,,,,,,,,,0.6241988249999999,0.6016474,0.6465260875,,,,,,,,,,,0.6072103999999999,0.58243869375,0.6298656687499999,,,,,,,,,,,0.793457225,0.7741600187500001,0.8152050437499999,,,,,,,,,,,"95% percentile of 10,000-replicate seed-mixture bootstrap (draw 1 of 20 matching seeds, resample matched pairs within chromosome); includes matching-draw variability",,,,MISSING,,HAVE,,HAVE,,,,,,,,pooled_oof_auc_mean_over_seeds,AUROC,,0.6241988249999999,0.6072103999999999,0.793457225,"campaign_full_svd256 (4,165 tracks + 23 dense cols)",,,,,,,,,,,,,,,,,,,,,,,,,,,,,,,,,,,,,,,,,,,,,,,,,no paired CI available,"between_seed_sd=0.0079055021937172; seed range [0.61092875, 0.63797875]. regulatory_histone_dnase_v1 and native-DNase/histone arms NOT included in this run. AUPRC not computed. Matching uses functional-store dense columns (inputs of the legacy functional/context arms)."
encode_exp5_base/ewas_catalog_age,ewas_catalog_age,encode_exp5_base,aging,discovery-campaign,discovery-campaign,campaign_robustness,INDEPENDENT,INDEPENDENT,INDEPENDENT,SUPPLEMENTARY_ONLY,2000,2000,4000,,,,,,,,,,,,,,0.56792865,0.536334675,0.5984544625,,,,,,,,,,,0.5257188125,0.499437225,0.55982205,,,,,,,,,,,0.5054999124999999,0.47749293125,0.5359158249999999,,,,,,,,,,,"95% percentile of 10,000-replicate seed-mixture bootstrap (draw 1 of 20 matching seeds, resample matched pairs within chromosome); includes matching-draw variability",,,,MISSING,,HAVE,,HAVE,,,,,,,,pooled_oof_auc_mean_over_seeds,AUROC,,0.56792865,0.5257188125,0.5054999125,"campaign_full_svd256 (4,165 tracks + 23 dense cols)",,,,,,,,,,,,,,,,,,,,,,,,,,,,,,,,,,,,,,,,,,,,,,,,,no paired CI available,"between_seed_sd=0.0096725380949783; seed range [0.49934775, 0.53294225]. regulatory_histone_dnase_v1 and native-DNase/histone arms NOT included in this run. AUPRC not computed. Matching uses functional-store dense columns (inputs of the legacy functional/context arms)."
encode_exp5_base/ewas_catalog_bmi,ewas_catalog_bmi,encode_exp5_base,environmental exposure,discovery-campaign,discovery-campaign,campaign_robustness,INDEPENDENT,INDEPENDENT,INDEPENDENT,SUPPLEMENTARY_ONLY,2000,2000,4000,,,,,,,,,,,,,,0.5900009624999999,0.5614714875000001,0.62295433125,,,,,,,,,,,0.5676064249999999,0.5455861750000001,0.5972713562499999,,,,,,,,,,,0.627120425,0.60055841875,0.6553679875,,,,,,,,,,,"95% percentile of 10,000-replicate seed-mixture bootstrap (draw 1 of 20 matching seeds, resample matched pairs within chromosome); includes matching-draw variability",,,,MISSING,,HAVE,,HAVE,,,,,,,,pooled_oof_auc_mean_over_seeds,AUROC,,0.5900009624999999,0.5676064249999999,0.627120425,"campaign_full_svd256 (4,165 tracks + 23 dense cols)",,,,,,,,,,,,,,,,,,,,,,,,,,,,,,,,,,,,,,,,,,,,,,,,,no paired CI available,"between_seed_sd=0.0088701628165035; seed range [0.517354375, 0.55069275]. regulatory_histone_dnase_v1 and native-DNase/histone arms NOT included in this run. AUPRC not computed. Matching uses functional-store dense columns (inputs of the legacy functional/context arms)."
encode_exp5_base/ewas_catalog_breast_cancer,ewas_catalog_breast_cancer,encode_exp5_base,disease/pathology,discovery-campaign,discovery-campaign,campaign_robustness,INDEPENDENT,INDEPENDENT,INDEPENDENT,SUPPLEMENTARY_ONLY,502,502,1004,,,,,,,,,,,,,,0.6234600442850113,0.5752498472246472,0.6718112113299789,,,,,,,,,,,0.6756581244742148,0.6303827518610816,0.7199331161410136,,,,,,,,,,,0.6163100585704989,0.5752226155140394,0.6542475516261647,,,,,,,,,,,"95% percentile of 10,000-replicate seed-mixture bootstrap (draw 1 of 20 matching seeds, resample matched pairs within chromosome); includes matching-draw variability",,,,MISSING,,HAVE,,HAVE,,,,,,,,pooled_oof_auc_mean_over_seeds,AUROC,,0.6234600442850113,0.6756581244742148,0.6163100586,"campaign_full_svd256 (4,165 tracks + 23 dense cols)",,,,,,,,,,,,,,,,,,,,,,,,,,,,,,,,,,,,,,,,,,,,,,,,,no paired CI available,"between_seed_sd=0.0113256478112579; seed range [0.5955778479706672, 0.6327280519356836]. regulatory_histone_dnase_v1 and native-DNase/histone arms NOT included in this run. AUPRC not computed. Matching uses functional-store dense columns (inputs of the legacy functional/context arms)."
encode_exp5_base/ewas_catalog_lung_cancer,ewas_catalog_lung_cancer,encode_exp5_base,disease/pathology,discovery-campaign,discovery-campaign,campaign_robustness,INDEPENDENT,INDEPENDENT,INDEPENDENT,SUPPLEMENTARY_ONLY,241,241,482,,,,,,,,,,,,,,0.6918097140200754,0.6247994180540969,0.765018250374477,,,,,,,,,,,0.5479106764690691,0.480896937036208,0.6107332862726192,,,,,,,,,,,0.6557738330951601,0.5852688486768478,0.7240775813088618,,,,,,,,,,,"95% percentile of 10,000-replicate seed-mixture bootstrap (draw 1 of 20 matching seeds, resample matched pairs within chromosome); includes matching-draw variability",,,,MISSING,,HAVE,,HAVE,,,,,,,,pooled_oof_auc_mean_over_seeds,AUROC,,0.6918097140200754,0.5479106764690691,0.6557738331,"campaign_full_svd256 (4,165 tracks + 23 dense cols)",,,,,,,,,,,,,,,,,,,,,,,,,,,,,,,,,,,,,,,,,,,,,,,,,no paired CI available,"between_seed_sd=0.024199794711089; seed range [0.499216611284241, 0.5895043129422702]. regulatory_histone_dnase_v1 and native-DNase/histone arms NOT included in this run. AUPRC not computed. Matching uses functional-store dense columns (inputs of the legacy functional/context arms)."
encode_exp5_base/ewas_catalog_rheumatoid_arthritis,ewas_catalog_rheumatoid_arthritis,encode_exp5_base,disease/pathology,discovery-campaign,discovery-campaign,campaign_robustness,INDEPENDENT,INDEPENDENT,INDEPENDENT,SUPPLEMENTARY_ONLY,238,238,476,,,,,,,,,,,,,,0.570838923804816,0.4848858661111503,0.6456676788362403,,,,,,,,,,,0.487357001624179,0.3968619800861521,0.5589674104936092,,,,,,,,,,,0.5002665772191229,0.4193912859261351,0.5769847644940327,,,,,,,,,,,"95% percentile of 10,000-replicate seed-mixture bootstrap (draw 1 of 20 matching seeds, resample matched pairs within chromosome); includes matching-draw variability",,,,MISSING,,HAVE,,HAVE,,,,,,,,pooled_oof_auc_mean_over_seeds,AUROC,,0.570838923804816,0.487357001624179,0.5002665772,"campaign_full_svd256 (4,165 tracks + 23 dense cols)",,,,,,,,,,,,,,,,,,,,,,,,,,,,,,,,,,,,,,,,,,,,,,,,,no paired CI available,"between_seed_sd=0.0293353633128442; seed range [0.4549202033754678, 0.5593443259656804]. regulatory_histone_dnase_v1 and native-DNase/histone arms NOT included in this run. AUPRC not computed. Matching uses functional-store dense columns (inputs of the legacy functional/context arms)."
encode_exp5_base/ewas_catalog_sle,ewas_catalog_sle,encode_exp5_base,disease/pathology,discovery-campaign,discovery-campaign,campaign_robustness,INDEPENDENT,INDEPENDENT,INDEPENDENT,SUPPLEMENTARY_ONLY,139,139,278,,,,,,,,,,,,,,0.5000258785777134,0.3958853061435743,0.6207248589617514,,,,,,,,,,,0.4818591170229284,0.3702693959939961,0.582270586408571,,,,,,,,,,,0.5974121422286631,0.5048910511878267,0.6811772165001811,,,,,,,,,,,"95% percentile of 10,000-replicate seed-mixture bootstrap (draw 1 of 20 matching seeds, resample matched pairs within chromosome); includes matching-draw variability",,,,MISSING,,HAVE,,HAVE,,,,,,,,pooled_oof_auc_mean_over_seeds,AUROC,,0.5000258785777134,0.4818591170229284,0.5974121422,"campaign_full_svd256 (4,165 tracks + 23 dense cols)",,,,,,,,,,,,,,,,,,,,,,,,,,,,,,,,,,,,,,,,,,,,,,,,,no paired CI available,"between_seed_sd=0.0308894152443071; seed range [0.466953056260028, 0.574711453858496]. regulatory_histone_dnase_v1 and native-DNase/histone arms NOT included in this run. AUPRC not computed. Matching uses functional-store dense columns (inputs of the legacy functional/context arms)."
encode_exp5_base/ewas_catalog_smoking,ewas_catalog_smoking,encode_exp5_base,environmental exposure,discovery-campaign,discovery-campaign,campaign_robustness,INDEPENDENT,INDEPENDENT,INDEPENDENT,SUPPLEMENTARY_ONLY,2000,2000,4000,,,,,,,,,,,,,,0.6899033875,0.65866471875,0.7150202687499999,,,,,,,,,,,0.5648633624999999,0.5423036625000001,0.5855932125000001,,,,,,,,,,,0.75236975,0.72761739375,0.7724113374999999,,,,,,,,,,,"95% percentile of 10,000-replicate seed-mixture bootstrap (draw 1 of 20 matching seeds, resample matched pairs within chromosome); includes matching-draw variability",,,,MISSING,,HAVE,,HAVE,,,,,,,,pooled_oof_auc_mean_over_seeds,AUROC,,0.6899033875,0.5648633624999999,0.75236975,"campaign_full_svd256 (4,165 tracks + 23 dense cols)",,,,,,,,,,,,,,,,,,,,,,,,,,,,,,,,,,,,,,,,,,,,,,,,,no paired CI available,"between_seed_sd=0.0077277534010943; seed range [0.5483045, 0.57449525]. regulatory_histone_dnase_v1 and native-DNase/histone arms NOT included in this run. AUPRC not computed. Matching uses functional-store dense columns (inputs of the legacy functional/context arms)."
encode_exp5_base/ewas_catalog_type2_diabetes,ewas_catalog_type2_diabetes,encode_exp5_base,disease/pathology,discovery-campaign,discovery-campaign,campaign_robustness,INDEPENDENT,INDEPENDENT,INDEPENDENT,SUPPLEMENTARY_ONLY,70,70,140,,,,,,,,,,,,,,0.4722244897959182,0.3487755102040816,0.5997959183673469,,,,,,,,,,,0.5290510204081632,0.3581632653061224,0.6514285714285715,,,,,,,,,,,0.6233265306122449,0.4714285714285714,0.7283724489795917,,,,,,,,,,,"95% percentile of 10,000-replicate seed-mixture bootstrap (draw 1 of 20 matching seeds, resample matched pairs within chromosome); includes matching-draw variability",,,,MISSING,,HAVE,,HAVE,,,,,,,,pooled_oof_auc_mean_over_seeds,AUROC,,0.4722244897959182,0.5290510204081632,0.6233265306,"campaign_full_svd256 (4,165 tracks + 23 dense cols)",,,,,,,,,,,,,,,,,,,,,,,,,,,,,,,,,,,,,,,,,,,,,,,,,no paired CI available,"between_seed_sd=0.0506196895186598; seed range [0.3859183673469388, 0.5530612244897959]. regulatory_histone_dnase_v1 and native-DNase/histone arms NOT included in this run. AUPRC not computed. Matching uses functional-store dense columns (inputs of the legacy functional/context arms)."
encode_exp5_base/hannum_clock,hannum_clock,encode_exp5_base,aging,discovery-campaign,discovery-campaign,campaign_robustness,INDEPENDENT,INDEPENDENT,INDEPENDENT,SUPPLEMENTARY_ONLY,64,64,128,,,,,,,,,,,,,,0.59129638671875,0.478753662109375,0.701171875,,,,,,,,,,,0.51900634765625,0.389892578125,0.635009765625,,,,,,,,,,,0.769482421875,0.671630859375,0.85986328125,,,,,,,,,,,"95% percentile of 10,000-replicate seed-mixture bootstrap (draw 1 of 20 matching seeds, resample matched pairs within chromosome); includes matching-draw variability",,,,MISSING,,HAVE,,HAVE,,,,,,,,pooled_oof_auc_mean_over_seeds,AUROC,,0.59129638671875,0.51900634765625,0.7694824219,"campaign_full_svd256 (4,165 tracks + 23 dense cols)",,,,,,,,,,,,,,,,,,,,,,,,,,,,,,,,,,,,,,,,,,,,,,,,,no paired CI available,"between_seed_sd=0.0356253816614109; seed range [0.5185546875, 0.66162109375]. regulatory_histone_dnase_v1 and native-DNase/histone arms NOT included in this run. AUPRC not computed. Matching uses functional-store dense columns (inputs of the legacy functional/context arms)."
encode_exp5_base/horvath_clock,horvath_clock,encode_exp5_base,aging,discovery-campaign,discovery-campaign,campaign_robustness,INDEPENDENT,INDEPENDENT,INDEPENDENT,SUPPLEMENTARY_ONLY,344,344,688,,,,,,,,,,,,,,0.7343466907787993,0.6720604887777177,0.7869118442401298,,,,,,,,,,,0.5688061959167118,0.5185309204299622,0.6213751521092482,,,,,,,,,,,0.5733196153326123,0.5051715031773932,0.6404657078150351,,,,,,,,,,,"95% percentile of 10,000-replicate seed-mixture bootstrap (draw 1 of 20 matching seeds, resample matched pairs within chromosome); includes matching-draw variability",,,,MISSING,,HAVE,,HAVE,,,,,,,,pooled_oof_auc_mean_over_seeds,AUROC,,0.7343466907787993,0.5688061959167118,0.5733196153,"campaign_full_svd256 (4,165 tracks + 23 dense cols)",,,,,,,,,,,,,,,,,,,,,,,,,,,,,,,,,,,,,,,,,,,,,,,,,no paired CI available,"between_seed_sd=0.0161295622747676; seed range [0.5389230665224446, 0.6018371416982152]. regulatory_histone_dnase_v1 and native-DNase/histone arms NOT included in this run. AUPRC not computed. Matching uses functional-store dense columns (inputs of the legacy functional/context arms)."
encode_exp5_base/phenoage_clock,phenoage_clock,encode_exp5_base,aging,discovery-campaign,discovery-campaign,campaign_robustness,INDEPENDENT,INDEPENDENT,INDEPENDENT,SUPPLEMENTARY_ONLY,498,498,996,,,,,,,,,,,,,,0.7765352574958468,0.7304667465040887,0.8199833470427896,,,,,,,,,,,0.5685779261624814,0.5140717488427606,0.6158161763519943,,,,,,,,,,,0.5891092482379315,0.5374828631796261,0.6327834430089836,,,,,,,,,,,"95% percentile of 10,000-replicate seed-mixture bootstrap (draw 1 of 20 matching seeds, resample matched pairs within chromosome); includes matching-draw variability",,,,MISSING,,HAVE,,HAVE,,,,,,,,pooled_oof_auc_mean_over_seeds,AUROC,,0.7765352574958468,0.5685779261624814,0.5891092482,"campaign_full_svd256 (4,165 tracks + 23 dense cols)",,,,,,,,,,,,,,,,,,,,,,,,,,,,,,,,,,,,,,,,,,,,,,,,,no paired CI available,"between_seed_sd=0.0133785065164975; seed range [0.5568821470621441, 0.6133731714004613]. regulatory_histone_dnase_v1 and native-DNase/histone arms NOT included in this run. AUPRC not computed. Matching uses functional-store dense columns (inputs of the legacy functional/context arms)."
encode_exp5_probe/ewas_atlas_colorectal_cancer,ewas_atlas_colorectal_cancer,encode_exp5_probe,disease/pathology,discovery-campaign,discovery-campaign,campaign_robustness,INDEPENDENT,INDEPENDENT,INDEPENDENT,SUPPLEMENTARY_ONLY,2000,2000,4000,,,,,,,,,,,,,,0.6248702625,0.59834258125,0.6535254125000001,,,,,,,,,,,0.5707999375,0.5412176875,0.604520525,,,,,,,,,,,0.76912575,0.7510254312500001,0.78770468125,,,,,,,,,,,"95% percentile of 10,000-replicate seed-mixture bootstrap (draw 1 of 20 matching seeds, resample matched pairs within chromosome); includes matching-draw variability",,,,MISSING,,HAVE,,HAVE,,,,,,,,pooled_oof_auc_mean_over_seeds,AUROC,,0.6248702625,0.5707999375,0.76912575,"campaign_full_svd256 (4,165 tracks + 23 dense cols)",,,,,,,,,,,,,,,,,,,,,,,,,,,,,,,,,,,,,,,,,,,,,,,,,no paired CI available,"between_seed_sd=0.006038428330068; seed range [0.75598225, 0.77980575]. regulatory_histone_dnase_v1 and native-DNase/histone arms NOT included in this run. AUPRC not computed. Matching uses functional-store dense columns (inputs of the legacy functional/context arms)."
encode_exp5_probe/ewas_atlas_prostate_cancer,ewas_atlas_prostate_cancer,encode_exp5_probe,disease/pathology,discovery-campaign,discovery-campaign,campaign_robustness,INDEPENDENT,INDEPENDENT,INDEPENDENT,SUPPLEMENTARY_ONLY,2000,2000,4000,,,,,,,,,,,,,,0.6192982125000001,0.59238409375,0.65424214375,,,,,,,,,,,0.6003305874999998,0.5732286437499999,0.62638576875,,,,,,,,,,,0.7864871125,0.7644880187499999,0.8089623125,,,,,,,,,,,"95% percentile of 10,000-replicate seed-mixture bootstrap (draw 1 of 20 matching seeds, resample matched pairs within chromosome); includes matching-draw variability",,,,MISSING,,HAVE,,HAVE,,,,,,,,pooled_oof_auc_mean_over_seeds,AUROC,,0.6192982125000001,0.6003305874999998,0.7864871125,"campaign_full_svd256 (4,165 tracks + 23 dense cols)",,,,,,,,,,,,,,,,,,,,,,,,,,,,,,,,,,,,,,,,,,,,,,,,,no paired CI available,"between_seed_sd=0.0081144614960404; seed range [0.5205385, 0.554620125]. regulatory_histone_dnase_v1 and native-DNase/histone arms NOT included in this run. AUPRC not computed. Matching uses functional-store dense columns (inputs of the legacy functional/context arms)."
encode_exp5_probe/ewas_catalog_age,ewas_catalog_age,encode_exp5_probe,aging,discovery-campaign,discovery-campaign,campaign_robustness,INDEPENDENT,INDEPENDENT,INDEPENDENT,SUPPLEMENTARY_ONLY,1998,1998,3996,,,,,,,,,,,,,,0.5747891785679572,0.5490736482227974,0.5994927547667788,,,,,,,,,,,0.5174645616587559,0.4883888017146275,0.5473161537413289,,,,,,,,,,,0.4983299428056685,0.4710274463652842,0.5238585181778375,,,,,,,,,,,"95% percentile of 10,000-replicate seed-mixture bootstrap (draw 1 of 20 matching seeds, resample matched pairs within chromosome); includes matching-draw variability",,,,MISSING,,HAVE,,HAVE,,,,,,,,pooled_oof_auc_mean_over_seeds,AUROC,,0.5747891785679572,0.5174645616587559,0.4983299428,"campaign_full_svd256 (4,165 tracks + 23 dense cols)",,,,,,,,,,,,,,,,,,,,,,,,,,,,,,,,,,,,,,,,,,,,,,,,,no paired CI available,"between_seed_sd=0.0084726020308957; seed range [0.49739804869935, 0.5316121927733539]. regulatory_histone_dnase_v1 and native-DNase/histone arms NOT included in this run. AUPRC not computed. Matching uses functional-store dense columns (inputs of the legacy functional/context arms)."
encode_exp5_probe/ewas_catalog_bmi,ewas_catalog_bmi,encode_exp5_probe,environmental exposure,discovery-campaign,discovery-campaign,campaign_robustness,INDEPENDENT,INDEPENDENT,INDEPENDENT,SUPPLEMENTARY_ONLY,2000,2000,4000,,,,,,,,,,,,,,0.5824372375,0.5520664000000001,0.6139133625000001,,,,,,,,,,,0.5581644625000001,0.53041120625,0.587052975,,,,,,,,,,,0.624764025,0.59522888125,0.647401525,,,,,,,,,,,"95% percentile of 10,000-replicate seed-mixture bootstrap (draw 1 of 20 matching seeds, resample matched pairs within chromosome); includes matching-draw variability",,,,MISSING,,HAVE,,HAVE,,,,,,,,pooled_oof_auc_mean_over_seeds,AUROC,,0.5824372375,0.5581644625000001,0.624764025,"campaign_full_svd256 (4,165 tracks + 23 dense cols)",,,,,,,,,,,,,,,,,,,,,,,,,,,,,,,,,,,,,,,,,,,,,,,,,no paired CI available,"between_seed_sd=0.0100495212338399; seed range [0.511948125, 0.547702125]. regulatory_histone_dnase_v1 and native-DNase/histone arms NOT included in this run. AUPRC not computed. Matching uses functional-store dense columns (inputs of the legacy functional/context arms)."
encode_exp5_probe/ewas_catalog_breast_cancer,ewas_catalog_breast_cancer,encode_exp5_probe,disease/pathology,discovery-campaign,discovery-campaign,campaign_robustness,INDEPENDENT,INDEPENDENT,INDEPENDENT,SUPPLEMENTARY_ONLY,479,479,958,,,,,,,,,,,,,,0.6132744365653915,0.5563799081245288,0.6621922956228399,,,,,,,,,,,0.6875482150095231,0.6407990507363549,0.736721531897089,,,,,,,,,,,0.6227396149772709,0.5710830888986712,0.6687955727180408,,,,,,,,,,,"95% percentile of 10,000-replicate seed-mixture bootstrap (draw 1 of 20 matching seeds, resample matched pairs within chromosome); includes matching-draw variability",,,,MISSING,,HAVE,,HAVE,,,,,,,,pooled_oof_auc_mean_over_seeds,AUROC,,0.6132744365653915,0.6875482150095231,0.622739615,"campaign_full_svd256 (4,165 tracks + 23 dense cols)",,,,,,,,,,,,,,,,,,,,,,,,,,,,,,,,,,,,,,,,,,,,,,,,,no paired CI available,"between_seed_sd=0.015784801707838; seed range [0.5267389001965647, 0.5801949084949943]. regulatory_histone_dnase_v1 and native-DNase/histone arms NOT included in this run. AUPRC not computed. Matching uses functional-store dense columns (inputs of the legacy functional/context arms)."
encode_exp5_probe/ewas_catalog_lung_cancer,ewas_catalog_lung_cancer,encode_exp5_probe,disease/pathology,discovery-campaign,discovery-campaign,campaign_robustness,INDEPENDENT,INDEPENDENT,INDEPENDENT,SUPPLEMENTARY_ONLY,235,235,470,,,,,,,,,,,,,,0.6813644182888184,0.602715708465369,0.7482865550022635,,,,,,,,,,,0.5280036215482118,0.4492698053417836,0.605740153915799,,,,,,,,,,,0.62940153915799,0.5506899049343594,0.6980203712086916,,,,,,,,,,,"95% percentile of 10,000-replicate seed-mixture bootstrap (draw 1 of 20 matching seeds, resample matched pairs within chromosome); includes matching-draw variability",,,,MISSING,,HAVE,,HAVE,,,,,,,,pooled_oof_auc_mean_over_seeds,AUROC,,0.6813644182888184,0.5280036215482118,0.6294015392,"campaign_full_svd256 (4,165 tracks + 23 dense cols)",,,,,,,,,,,,,,,,,,,,,,,,,,,,,,,,,,,,,,,,,,,,,,,,,no paired CI available,"between_seed_sd=0.0268995055538186; seed range [0.568492530556813, 0.6709642372114079]. regulatory_histone_dnase_v1 and native-DNase/histone arms NOT included in this run. AUPRC not computed. Matching uses functional-store dense columns (inputs of the legacy functional/context arms)."
encode_exp5_probe/ewas_catalog_rheumatoid_arthritis,ewas_catalog_rheumatoid_arthritis,encode_exp5_probe,disease/pathology,discovery-campaign,discovery-campaign,campaign_robustness,INDEPENDENT,INDEPENDENT,INDEPENDENT,SUPPLEMENTARY_ONLY,216,216,432,,,,,,,,,,,,,,0.5514226466049383,0.4660890346364883,0.6286656592935528,,,,,,,,,,,0.4796542781207133,0.4047014317558299,0.5606352880658436,,,,,,,,,,,0.5015464248971192,0.4200097522290809,0.5908570173182441,,,,,,,,,,,"95% percentile of 10,000-replicate seed-mixture bootstrap (draw 1 of 20 matching seeds, resample matched pairs within chromosome); includes matching-draw variability",,,,MISSING,,HAVE,,HAVE,,,,,,,,pooled_oof_auc_mean_over_seeds,AUROC,,0.5514226466049383,0.4796542781207133,0.5015464249,"campaign_full_svd256 (4,165 tracks + 23 dense cols)",,,,,,,,,,,,,,,,,,,,,,,,,,,,,,,,,,,,,,,,,,,,,,,,,no paired CI available,"between_seed_sd=0.0292958072542565; seed range [0.422110768175583, 0.5536694101508917]. regulatory_histone_dnase_v1 and native-DNase/histone arms NOT included in this run. AUPRC not computed. Matching uses functional-store dense columns (inputs of the legacy functional/context arms)."
encode_exp5_probe/ewas_catalog_sle,ewas_catalog_sle,encode_exp5_probe,disease/pathology,discovery-campaign,discovery-campaign,campaign_robustness,INDEPENDENT,INDEPENDENT,INDEPENDENT,SUPPLEMENTARY_ONLY,128,128,256,,,,,,,,,,,,,,0.5243988037109375,0.4249267578125,0.6397720336914062,,,,,,,,,,,0.4948211669921875,0.38287353515625,0.61346435546875,,,,,,,,,,,0.614068603515625,0.5134246826171875,0.7235137939453125,,,,,,,,,,,"95% percentile of 10,000-replicate seed-mixture bootstrap (draw 1 of 20 matching seeds, resample matched pairs within chromosome); includes matching-draw variability",,,,MISSING,,HAVE,,HAVE,,,,,,,,pooled_oof_auc_mean_over_seeds,AUROC,,0.5243988037109375,0.4948211669921875,0.6140686035,"campaign_full_svd256 (4,165 tracks + 23 dense cols)",,,,,,,,,,,,,,,,,,,,,,,,,,,,,,,,,,,,,,,,,,,,,,,,,no paired CI available,"between_seed_sd=0.0383401492395832; seed range [0.44580078125, 0.61700439453125]. regulatory_histone_dnase_v1 and native-DNase/histone arms NOT included in this run. AUPRC not computed. Matching uses functional-store dense columns (inputs of the legacy functional/context arms)."
encode_exp5_probe/ewas_catalog_smoking,ewas_catalog_smoking,encode_exp5_probe,environmental exposure,discovery-campaign,discovery-campaign,campaign_robustness,INDEPENDENT,INDEPENDENT,INDEPENDENT,SUPPLEMENTARY_ONLY,2000,2000,4000,,,,,,,,,,,,,,0.692514975,0.6673114125,0.72107618125,,,,,,,,,,,0.5681283250000001,0.54072725,0.59087484375,,,,,,,,,,,0.7500341250000001,0.72775018125,0.77018076875,,,,,,,,,,,"95% percentile of 10,000-replicate seed-mixture bootstrap (draw 1 of 20 matching seeds, resample matched pairs within chromosome); includes matching-draw variability",,,,MISSING,,HAVE,,HAVE,,,,,,,,pooled_oof_auc_mean_over_seeds,AUROC,,0.692514975,0.5681283250000001,0.750034125,"campaign_full_svd256 (4,165 tracks + 23 dense cols)",,,,,,,,,,,,,,,,,,,,,,,,,,,,,,,,,,,,,,,,,,,,,,,,,no paired CI available,"between_seed_sd=0.0080549597247759; seed range [0.73351075, 0.763763]. regulatory_histone_dnase_v1 and native-DNase/histone arms NOT included in this run. AUPRC not computed. Matching uses functional-store dense columns (inputs of the legacy functional/context arms)."
encode_exp5_probe/ewas_catalog_type2_diabetes,ewas_catalog_type2_diabetes,encode_exp5_probe,disease/pathology,discovery-campaign,discovery-campaign,campaign_robustness,INDEPENDENT,INDEPENDENT,INDEPENDENT,SUPPLEMENTARY_ONLY,67,67,134,,,,,,,,,,,,,,0.5353085319670304,0.4194698151035865,0.6500389841835598,,,,,,,,,,,0.5429717086210738,0.4259300512363555,0.6616172867008242,,,,,,,,,,,0.628959679215861,0.521051459122299,0.7317943862775673,,,,,,,,,,,"95% percentile of 10,000-replicate seed-mixture bootstrap (draw 1 of 20 matching seeds, resample matched pairs within chromosome); includes matching-draw variability",,,,MISSING,,HAVE,,HAVE,,,,,,,,pooled_oof_auc_mean_over_seeds,AUROC,,0.5353085319670304,0.5429717086210738,0.6289596792,"campaign_full_svd256 (4,165 tracks + 23 dense cols)",,,,,,,,,,,,,,,,,,,,,,,,,,,,,,,,,,,,,,,,,,,,,,,,,no paired CI available,"between_seed_sd=0.0353583558102054; seed range [0.566050345288483, 0.6798841612831366]. regulatory_histone_dnase_v1 and native-DNase/histone arms NOT included in this run. AUPRC not computed. Matching uses functional-store dense columns (inputs of the legacy functional/context arms)."
encode_exp5_probe/hannum_clock,hannum_clock,encode_exp5_probe,aging,discovery-campaign,discovery-campaign,campaign_robustness,INDEPENDENT,INDEPENDENT,INDEPENDENT,SUPPLEMENTARY_ONLY,62,62,124,,,,,,,,,,,,,,0.6242195629552549,0.4950507284079084,0.7385535900104059,,,,,,,,,,,0.5307232049947971,0.3769445889698231,0.6956295525494277,,,,,,,,,,,0.7698100936524452,0.6412591050988553,0.8595213319458896,,,,,,,,,,,"95% percentile of 10,000-replicate seed-mixture bootstrap (draw 1 of 20 matching seeds, resample matched pairs within chromosome); includes matching-draw variability",,,,MISSING,,HAVE,,HAVE,,,,,,,,pooled_oof_auc_mean_over_seeds,AUROC,,0.6242195629552549,0.5307232049947971,0.7698100937,"campaign_full_svd256 (4,165 tracks + 23 dense cols)",,,,,,,,,,,,,,,,,,,,,,,,,,,,,,,,,,,,,,,,,,,,,,,,,no paired CI available,"between_seed_sd=0.0443753998674669; seed range [0.4729448491155046, 0.6079604578563996]. regulatory_histone_dnase_v1 and native-DNase/histone arms NOT included in this run. AUPRC not computed. Matching uses functional-store dense columns (inputs of the legacy functional/context arms)."
encode_exp5_probe/horvath_clock,horvath_clock,encode_exp5_probe,aging,discovery-campaign,discovery-campaign,campaign_robustness,INDEPENDENT,INDEPENDENT,INDEPENDENT,SUPPLEMENTARY_ONLY,336,336,672,,,,,,,,,,,,,,0.7258915284863946,0.6656566663123582,0.7831382422760771,,,,,,,,,,,0.5417623299319729,0.4711767910289116,0.6078430590986394,,,,,,,,,,,0.5638149270124717,0.4883472399376417,0.6254260558390022,,,,,,,,,,,"95% percentile of 10,000-replicate seed-mixture bootstrap (draw 1 of 20 matching seeds, resample matched pairs within chromosome); includes matching-draw variability",,,,MISSING,,HAVE,,HAVE,,,,,,,,pooled_oof_auc_mean_over_seeds,AUROC,,0.7258915284863946,0.5417623299319729,0.563814927,"campaign_full_svd256 (4,165 tracks + 23 dense cols)",,,,,,,,,,,,,,,,,,,,,,,,,,,,,,,,,,,,,,,,,,,,,,,,,no paired CI available,"between_seed_sd=0.0156479244870407; seed range [0.5267281391723356, 0.5930901006235828]. regulatory_histone_dnase_v1 and native-DNase/histone arms NOT included in this run. AUPRC not computed. Matching uses functional-store dense columns (inputs of the legacy functional/context arms)."
encode_exp5_probe/phenoage_clock,phenoage_clock,encode_exp5_probe,aging,discovery-campaign,discovery-campaign,campaign_robustness,INDEPENDENT,INDEPENDENT,INDEPENDENT,SUPPLEMENTARY_ONLY,488,488,976,,,,,,,,,,,,,,0.7432891443832302,0.698829174785004,0.7870700080623488,,,,,,,,,,,0.553209612671325,0.5004942387798978,0.6057014873353936,,,,,,,,,,,0.5731441900698737,0.5232791924213921,0.6204998866232196,,,,,,,,,,,"95% percentile of 10,000-replicate seed-mixture bootstrap (draw 1 of 20 matching seeds, resample matched pairs within chromosome); includes matching-draw variability",,,,MISSING,,HAVE,,HAVE,,,,,,,,pooled_oof_auc_mean_over_seeds,AUROC,,0.7432891443832302,0.553209612671325,0.5731441901,"campaign_full_svd256 (4,165 tracks + 23 dense cols)",,,,,,,,,,,,,,,,,,,,,,,,,,,,,,,,,,,,,,,,,,,,,,,,,no paired CI available,"between_seed_sd=0.0140418720285911; seed range [0.5591385884170922, 0.6129232733136254]. regulatory_histone_dnase_v1 and native-DNase/histone arms NOT included in this run. AUPRC not computed. Matching uses functional-store dense columns (inputs of the legacy functional/context arms)."
legacy_bio_validation/coef/hannum_clock,hannum_clock_coefficient_regression,legacy_bio_validation,aging,legacy-unregistered,legacy-unregistered,legacy_exploratory,INDEPENDENT,INDEPENDENT,INDEPENDENT,PROBLEMATIC,,,64,,,,,,,,,,,,,,,,,,,,,-0.16459450994442995,,,,,,,,,,,,,-0.3059448565146391,,,,,,,,,,,,,-0.16381593692735882,,,,,,,,,,MISSING,,HAVE,,HAVE,,,,,,,,r2,R2,,-0.16459450994442995,-0.3059448565146391,-0.1638159369,"legacy_pca_native_genomewide_256 (older PCA store, not the campaign 'full' SVD)",,,,,,,,,,,,,,,,,,,,,,,,,,,,,,,,,,,,,,,,,,,,,,,,,no paired CI available,n=52 CpGs: very small n; negative R2 = worse than mean predictor. No CI.
legacy_bio_validation/coef/horvath_clock,horvath_clock_coefficient_regression,legacy_bio_validation,aging,legacy-unregistered,legacy-unregistered,legacy_exploratory,INDEPENDENT,INDEPENDENT,INDEPENDENT,PROBLEMATIC,,,344,,,,,,,,,,,,,,,,,,,,,-0.05597147209903271,,,,,,,,,,,,,-0.05393557643723366,,,,,,,,,,,,,-0.0545192479117607,,,,,,,,,,MISSING,,HAVE,,HAVE,,,,,,,,r2,R2,,-0.05597147209903271,-0.05393557643723366,-0.05451924791,"legacy_pca_native_genomewide_256 (older PCA store, not the campaign 'full' SVD)",,,,,,,,,,,,,,,,,,,,,,,,,,,,,,,,,,,,,,,,,,,,,,,,,no paired CI available,n=323 CpGs: very small n; negative R2 = worse than mean predictor. No CI.
legacy_bio_validation/coef/phastcons100way,phastcons100way_coefficient_regression,legacy_bio_validation,genomic locus identity,legacy-unregistered,legacy-unregistered,legacy_exploratory,INDEPENDENT,INDEPENDENT,INDEPENDENT,PROBLEMATIC,,,408186,,,,,,,,,,,,,,,,,,,,,0.039414724004961155,,,,,,,,,,,,,0.03407835066139531,,,,,,,,,,,,,0.13149431692299426,,,,,,,,,,MISSING,,HAVE,,HAVE,,,,,,,,r2,R2,,0.039414724004961155,0.03407835066139531,0.1314943169,"legacy_pca_native_genomewide_256 (older PCA store, not the campaign 'full' SVD)",,,,,,,,,,,,,,,,,,,,,,,,,,,,,,,,,,,,,,,,,,,,,,,,,no paired CI available,n=408186 CpGs: large n but spatially autocorrelated target with random split. No CI.
legacy_bio_validation/coef/phenoage_clock,phenoage_clock_coefficient_regression,legacy_bio_validation,aging,legacy-unregistered,legacy-unregistered,legacy_exploratory,INDEPENDENT,INDEPENDENT,INDEPENDENT,PROBLEMATIC,,,498,,,,,,,,,,,,,,,,,,,,,-0.0362292464933851,,,,,,,,,,,,,-0.0361600530703035,,,,,,,,,,,,,-0.026487015189494832,,,,,,,,,,MISSING,,HAVE,,HAVE,,,,,,,,r2,R2,,-0.0362292464933851,-0.0361600530703035,-0.02648701519,"legacy_pca_native_genomewide_256 (older PCA store, not the campaign 'full' SVD)",,,,,,,,,,,,,,,,,,,,,,,,,,,,,,,,,,,,,,,,,,,,,,,,,no paired CI available,n=488 CpGs: very small n; negative R2 = worse than mean predictor. No CI.
legacy_bio_validation/context/island,genomic_context_island,legacy_bio_validation,genomic locus identity,legacy-unregistered,legacy-unregistered,legacy_exploratory,INDEPENDENT,SOURCE_RETENTION,PARTIALLY_RELATED,PROBLEMATIC,131018,277373,408391,,,,,,,,,,,,,,0.8765517468860121,,,,,,,,,,,,,0.9604481381237567,,,,,,,,,,,,,0.9903988353077022,,,,,,,,,,,,,,,,,MISSING,,HAVE,,HAVE,,,,,,,,auc,AUROC,,0.8765517468860121,0.9604481381237567,0.9903988353,"legacy_pca_native_genomewide_256 (older PCA store, not the campaign 'full' SVD)",,,,,,,,,,,,,,,,,,,,,,,,,,,,,,,,,,,,,,,,,,,,,,,,,no paired CI available,SOURCE-RETENTION check for functional_annotations_pca (dense cols 0-3 are its inputs); w.r.t. regulatory_histone_dnase_v1 island is not an input (frozen table cell I) but is biologically coupled to H3K4me3/DNase promoter marks. Island status is sequence-composition defined (PARTIAL for sequence arms). Threshold metrics (accuracy/F1/precision/recall) are at p=0.5 under class imbalance. AUPRC not computed.
legacy_bio_validation/context/open_sea,genomic_context_open_sea,legacy_bio_validation,genomic locus identity,legacy-unregistered,legacy-unregistered,legacy_exploratory,INDEPENDENT,SOURCE_RETENTION,PARTIALLY_RELATED,PROBLEMATIC,142643,265748,408391,,,,,,,,,,,,,,0.8475082471184748,,,,,,,,,,,,,0.8611753981232704,,,,,,,,,,,,,0.998959281500202,,,,,,,,,,,,,,,,,MISSING,,HAVE,,HAVE,,,,,,,,auc,AUROC,,0.8475082471184748,0.8611753981232704,0.9989592815,"legacy_pca_native_genomewide_256 (older PCA store, not the campaign 'full' SVD)",,,,,,,,,,,,,,,,,,,,,,,,,,,,,,,,,,,,,,,,,,,,,,,,,no paired CI available,SOURCE-RETENTION check for functional_annotations_pca (dense cols 0-3 are its inputs); w.r.t. regulatory_histone_dnase_v1 island is not an input (frozen table cell I) but is biologically coupled to H3K4me3/DNase promoter marks. Island status is sequence-composition defined (PARTIAL for sequence arms). Threshold metrics (accuracy/F1/precision/recall) are at p=0.5 under class imbalance. AUPRC not computed.
legacy_bio_validation/context/shelf,genomic_context_shelf,legacy_bio_validation,genomic locus identity,legacy-unregistered,legacy-unregistered,legacy_exploratory,INDEPENDENT,SOURCE_RETENTION,PARTIALLY_RELATED,PROBLEMATIC,37173,371218,408391,,,,,,,,,,,,,,0.791195481783544,,,,,,,,,,,,,0.7825763304599904,,,,,,,,,,,,,0.9999374721569557,,,,,,,,,,,,,,,,,MISSING,,HAVE,,HAVE,,,,,,,,auc,AUROC,,0.791195481783544,0.7825763304599904,0.9999374722,"legacy_pca_native_genomewide_256 (older PCA store, not the campaign 'full' SVD)",,,,,,,,,,,,,,,,,,,,,,,,,,,,,,,,,,,,,,,,,,,,,,,,,no paired CI available,SOURCE-RETENTION check for functional_annotations_pca (dense cols 0-3 are its inputs); w.r.t. regulatory_histone_dnase_v1 island is not an input (frozen table cell I) but is biologically coupled to H3K4me3/DNase promoter marks. Island status is sequence-composition defined (PARTIAL for sequence arms). Threshold metrics (accuracy/F1/precision/recall) are at p=0.5 under class imbalance. AUPRC not computed.
legacy_bio_validation/context/shore,genomic_context_shore,legacy_bio_validation,genomic locus identity,legacy-unregistered,legacy-unregistered,legacy_exploratory,INDEPENDENT,SOURCE_RETENTION,PARTIALLY_RELATED,PROBLEMATIC,97557,310834,408391,,,,,,,,,,,,,,0.6930989519469811,,,,,,,,,,,,,0.7659312887727525,,,,,,,,,,,,,0.9979007168839205,,,,,,,,,,,,,,,,,MISSING,,HAVE,,HAVE,,,,,,,,auc,AUROC,,0.6930989519469811,0.7659312887727525,0.9979007169,"legacy_pca_native_genomewide_256 (older PCA store, not the campaign 'full' SVD)",,,,,,,,,,,,,,,,,,,,,,,,,,,,,,,,,,,,,,,,,,,,,,,,,no paired CI available,SOURCE-RETENTION check for functional_annotations_pca (dense cols 0-3 are its inputs); w.r.t. regulatory_histone_dnase_v1 island is not an input (frozen table cell I) but is biologically coupled to H3K4me3/DNase promoter marks. Island status is sequence-composition defined (PARTIAL for sequence arms). Threshold metrics (accuracy/F1/precision/recall) are at p=0.5 under class imbalance. AUPRC not computed.
legacy_bio_validation/known_set/ewas_atlas_colorectal_cancer,ewas_atlas_colorectal_cancer,legacy_bio_validation,disease/pathology,legacy-unregistered,legacy-unregistered,legacy_exploratory,INDEPENDENT,INDEPENDENT,INDEPENDENT,PROBLEMATIC,7830,400569,408399,,,,,,,,,,,,,,0.7514496882647304,,,,,,,,,,,,,0.6506651106395626,,,,,,,,,,,,,0.8639563592356125,,,,,,,,,,,,,,,,,MISSING,,HAVE,,HAVE,,,,,,,,auc,AUROC,,0.7514496882647304,0.6506651106395626,0.8639563592,"legacy_pca_native_genomewide_256 (older PCA store, not the campaign 'full' SVD)",,,,,,,,,,,,,,,,,,,,,,,,,,,,,,,,,,,,,,,,,,,,,,,,,no paired CI available,"Array-probe design is biased towards promoters/CpG islands (covariate, not circularity). AUPRC not computed; baseline AUPRC would equal prevalence = positive_n/n_items. Threshold metrics at p=0.5."
legacy_bio_validation/known_set/ewas_atlas_ovarian_cancer,ewas_atlas_ovarian_cancer,legacy_bio_validation,disease/pathology,legacy-unregistered,legacy-unregistered,legacy_exploratory,INDEPENDENT,INDEPENDENT,INDEPENDENT,PROBLEMATIC,28,408371,408399,,,,,,,,,,,,,,0.5918101302752904,,,,,,,,,,,,,0.5371583429561644,,,,,,,,,,,,,0.481855481751722,,,,,,,,,,,,,,,,,MISSING,,HAVE,,HAVE,,,,,,,,auc,AUROC,,0.5918101302752904,0.5371583429561644,0.4818554818,"legacy_pca_native_genomewide_256 (older PCA store, not the campaign 'full' SVD)",,,,,,,,,,,,,,,,,,,,,,,,,,,,,,,,,,,,,,,,,,,,,,,,,no paired CI available,"Array-probe design is biased towards promoters/CpG islands (covariate, not circularity). AUPRC not computed; baseline AUPRC would equal prevalence = positive_n/n_items. Threshold metrics at p=0.5."
legacy_bio_validation/known_set/ewas_atlas_prostate_cancer,ewas_atlas_prostate_cancer,legacy_bio_validation,disease/pathology,legacy-unregistered,legacy-unregistered,legacy_exploratory,INDEPENDENT,INDEPENDENT,INDEPENDENT,PROBLEMATIC,7663,400736,408399,,,,,,,,,,,,,,0.7446308381340389,,,,,,,,,,,,,0.6403461006379839,,,,,,,,,,,,,0.8630221879491231,,,,,,,,,,,,,,,,,MISSING,,HAVE,,HAVE,,,,,,,,auc,AUROC,,0.7446308381340389,0.6403461006379839,0.8630221879,"legacy_pca_native_genomewide_256 (older PCA store, not the campaign 'full' SVD)",,,,,,,,,,,,,,,,,,,,,,,,,,,,,,,,,,,,,,,,,,,,,,,,,no paired CI available,"Array-probe design is biased towards promoters/CpG islands (covariate, not circularity). AUPRC not computed; baseline AUPRC would equal prevalence = positive_n/n_items. Threshold metrics at p=0.5."
legacy_bio_validation/known_set/ewas_catalog_age,ewas_catalog_age,legacy_bio_validation,aging,legacy-unregistered,legacy-unregistered,legacy_exploratory,INDEPENDENT,INDEPENDENT,INDEPENDENT,PROBLEMATIC,2194,406205,408399,,,,,,,,,,,,,,0.716947853718369,,,,,,,,,,,,,0.6523416388458301,,,,,,,,,,,,,0.7712293322814313,,,,,,,,,,,,,,,,,MISSING,,HAVE,,HAVE,,,,,,,,auc,AUROC,,0.716947853718369,0.6523416388458301,0.7712293323,"legacy_pca_native_genomewide_256 (older PCA store, not the campaign 'full' SVD)",,,,,,,,,,,,,,,,,,,,,,,,,,,,,,,,,,,,,,,,,,,,,,,,,no paired CI available,"Array-probe design is biased towards promoters/CpG islands (covariate, not circularity). AUPRC not computed; baseline AUPRC would equal prevalence = positive_n/n_items. Threshold metrics at p=0.5."
legacy_bio_validation/known_set/ewas_catalog_bmi,ewas_catalog_bmi,legacy_bio_validation,environmental exposure,legacy-unregistered,legacy-unregistered,legacy_exploratory,INDEPENDENT,INDEPENDENT,INDEPENDENT,PROBLEMATIC,24190,384209,408399,,,,,,,,,,,,,,0.709013370462666,,,,,,,,,,,,,0.6756788585549836,,,,,,,,,,,,,0.7506438075303328,,,,,,,,,,,,,,,,,MISSING,,HAVE,,HAVE,,,,,,,,auc,AUROC,,0.709013370462666,0.6756788585549836,0.7506438075,"legacy_pca_native_genomewide_256 (older PCA store, not the campaign 'full' SVD)",,,,,,,,,,,,,,,,,,,,,,,,,,,,,,,,,,,,,,,,,,,,,,,,,no paired CI available,"Array-probe design is biased towards promoters/CpG islands (covariate, not circularity). AUPRC not computed; baseline AUPRC would equal prevalence = positive_n/n_items. Threshold metrics at p=0.5."
legacy_bio_validation/known_set/ewas_catalog_breast_cancer,ewas_catalog_breast_cancer,legacy_bio_validation,disease/pathology,legacy-unregistered,legacy-unregistered,legacy_exploratory,INDEPENDENT,INDEPENDENT,INDEPENDENT,PROBLEMATIC,502,407897,408399,,,,,,,,,,,,,,0.7179893269637404,,,,,,,,,,,,,0.7017300951800081,,,,,,,,,,,,,0.7264893109674198,,,,,,,,,,,,,,,,,MISSING,,HAVE,,HAVE,,,,,,,,auc,AUROC,,0.7179893269637404,0.7017300951800081,0.726489311,"legacy_pca_native_genomewide_256 (older PCA store, not the campaign 'full' SVD)",,,,,,,,,,,,,,,,,,,,,,,,,,,,,,,,,,,,,,,,,,,,,,,,,no paired CI available,"Array-probe design is biased towards promoters/CpG islands (covariate, not circularity). AUPRC not computed; baseline AUPRC would equal prevalence = positive_n/n_items. Threshold metrics at p=0.5."
legacy_bio_validation/known_set/ewas_catalog_coronary_heart_disease,ewas_catalog_coronary_heart_disease,legacy_bio_validation,disease/pathology,legacy-unregistered,legacy-unregistered,legacy_exploratory,INDEPENDENT,INDEPENDENT,INDEPENDENT,PROBLEMATIC,49,408350,408399,,,,,,,,,,,,,,0.6095476103016203,,,,,,,,,,,,,0.6394018475436377,,,,,,,,,,,,,0.5781973252792403,,,,,,,,,,,,,,,,,MISSING,,HAVE,,HAVE,,,,,,,,auc,AUROC,,0.6095476103016203,0.6394018475436377,0.5781973253,"legacy_pca_native_genomewide_256 (older PCA store, not the campaign 'full' SVD)",,,,,,,,,,,,,,,,,,,,,,,,,,,,,,,,,,,,,,,,,,,,,,,,,no paired CI available,"Array-probe design is biased towards promoters/CpG islands (covariate, not circularity). AUPRC not computed; baseline AUPRC would equal prevalence = positive_n/n_items. Threshold metrics at p=0.5."
legacy_bio_validation/known_set/ewas_catalog_lung_cancer,ewas_catalog_lung_cancer,legacy_bio_validation,disease/pathology,legacy-unregistered,legacy-unregistered,legacy_exploratory,INDEPENDENT,INDEPENDENT,INDEPENDENT,PROBLEMATIC,242,408157,408399,,,,,,,,,,,,,,0.7912768620701737,,,,,,,,,,,,,0.6124715753445745,,,,,,,,,,,,,0.8374048879540028,,,,,,,,,,,,,,,,,MISSING,,HAVE,,HAVE,,,,,,,,auc,AUROC,,0.7912768620701737,0.6124715753445745,0.837404888,"legacy_pca_native_genomewide_256 (older PCA store, not the campaign 'full' SVD)",,,,,,,,,,,,,,,,,,,,,,,,,,,,,,,,,,,,,,,,,,,,,,,,,no paired CI available,"Array-probe design is biased towards promoters/CpG islands (covariate, not circularity). AUPRC not computed; baseline AUPRC would equal prevalence = positive_n/n_items. Threshold metrics at p=0.5."
legacy_bio_validation/known_set/ewas_catalog_rheumatoid_arthritis,ewas_catalog_rheumatoid_arthritis,legacy_bio_validation,disease/pathology,legacy-unregistered,legacy-unregistered,legacy_exploratory,INDEPENDENT,INDEPENDENT,INDEPENDENT,PROBLEMATIC,238,408161,408399,,,,,,,,,,,,,,0.6750728019536115,,,,,,,,,,,,,0.581931916772535,,,,,,,,,,,,,0.6890182226604663,,,,,,,,,,,,,,,,,MISSING,,HAVE,,HAVE,,,,,,,,auc,AUROC,,0.6750728019536115,0.581931916772535,0.6890182227,"legacy_pca_native_genomewide_256 (older PCA store, not the campaign 'full' SVD)",,,,,,,,,,,,,,,,,,,,,,,,,,,,,,,,,,,,,,,,,,,,,,,,,no paired CI available,"Array-probe design is biased towards promoters/CpG islands (covariate, not circularity). AUPRC not computed; baseline AUPRC would equal prevalence = positive_n/n_items. Threshold metrics at p=0.5."
legacy_bio_validation/known_set/ewas_catalog_schizophrenia,ewas_catalog_schizophrenia,legacy_bio_validation,disease/pathology,legacy-unregistered,legacy-unregistered,legacy_exploratory,INDEPENDENT,INDEPENDENT,INDEPENDENT,PROBLEMATIC,28,408371,408399,,,,,,,,,,,,,,0.5273695488148629,,,,,,,,,,,,,0.4794796862250611,,,,,,,,,,,,,0.6451880597757309,,,,,,,,,,,,,,,,,MISSING,,HAVE,,HAVE,,,,,,,,auc,AUROC,,0.5273695488148629,0.4794796862250611,0.6451880598,"legacy_pca_native_genomewide_256 (older PCA store, not the campaign 'full' SVD)",,,,,,,,,,,,,,,,,,,,,,,,,,,,,,,,,,,,,,,,,,,,,,,,,no paired CI available,"Array-probe design is biased towards promoters/CpG islands (covariate, not circularity). AUPRC not computed; baseline AUPRC would equal prevalence = positive_n/n_items. Threshold metrics at p=0.5."
legacy_bio_validation/known_set/ewas_catalog_sle,ewas_catalog_sle,legacy_bio_validation,disease/pathology,legacy-unregistered,legacy-unregistered,legacy_exploratory,INDEPENDENT,INDEPENDENT,INDEPENDENT,PROBLEMATIC,139,408260,408399,,,,,,,,,,,,,,0.5632225657889451,,,,,,,,,,,,,0.5345331568455313,,,,,,,,,,,,,0.6950039391590119,,,,,,,,,,,,,,,,,MISSING,,HAVE,,HAVE,,,,,,,,auc,AUROC,,0.5632225657889451,0.5345331568455313,0.6950039392,"legacy_pca_native_genomewide_256 (older PCA store, not the campaign 'full' SVD)",,,,,,,,,,,,,,,,,,,,,,,,,,,,,,,,,,,,,,,,,,,,,,,,,no paired CI available,"Array-probe design is biased towards promoters/CpG islands (covariate, not circularity). AUPRC not computed; baseline AUPRC would equal prevalence = positive_n/n_items. Threshold metrics at p=0.5."
legacy_bio_validation/known_set/ewas_catalog_smoking,ewas_catalog_smoking,legacy_bio_validation,environmental exposure,legacy-unregistered,legacy-unregistered,legacy_exploratory,INDEPENDENT,INDEPENDENT,INDEPENDENT,PROBLEMATIC,7889,400510,408399,,,,,,,,,,,,,,0.7862182003182947,,,,,,,,,,,,,0.6206210258226144,,,,,,,,,,,,,0.8304193362971051,,,,,,,,,,,,,,,,,MISSING,,HAVE,,HAVE,,,,,,,,auc,AUROC,,0.7862182003182947,0.6206210258226144,0.8304193363,"legacy_pca_native_genomewide_256 (older PCA store, not the campaign 'full' SVD)",,,,,,,,,,,,,,,,,,,,,,,,,,,,,,,,,,,,,,,,,,,,,,,,,no paired CI available,"Array-probe design is biased towards promoters/CpG islands (covariate, not circularity). AUPRC not computed; baseline AUPRC would equal prevalence = positive_n/n_items. Threshold metrics at p=0.5."
legacy_bio_validation/known_set/ewas_catalog_type2_diabetes,ewas_catalog_type2_diabetes,legacy_bio_validation,disease/pathology,legacy-unregistered,legacy-unregistered,legacy_exploratory,INDEPENDENT,INDEPENDENT,INDEPENDENT,PROBLEMATIC,71,408328,408399,,,,,,,,,,,,,,0.6285264288626445,,,,,,,,,,,,,0.7068624617806707,,,,,,,,,,,,,0.8362346437252132,,,,,,,,,,,,,,,,,MISSING,,HAVE,,HAVE,,,,,,,,auc,AUROC,,0.6285264288626445,0.7068624617806707,0.8362346437,"legacy_pca_native_genomewide_256 (older PCA store, not the campaign 'full' SVD)",,,,,,,,,,,,,,,,,,,,,,,,,,,,,,,,,,,,,,,,,,,,,,,,,no paired CI available,"Array-probe design is biased towards promoters/CpG islands (covariate, not circularity). AUPRC not computed; baseline AUPRC would equal prevalence = positive_n/n_items. Threshold metrics at p=0.5."
legacy_bio_validation/known_set/hannum_clock,hannum_clock,legacy_bio_validation,aging,legacy-unregistered,legacy-unregistered,legacy_exploratory,INDEPENDENT,INDEPENDENT,INDEPENDENT,PROBLEMATIC,64,408335,408399,,,,,,,,,,,,,,0.6784674662238427,,,,,,,,,,,,,0.6259191877709761,,,,,,,,,,,,,0.8647615096076532,,,,,,,,,,,,,,,,,MISSING,,HAVE,,HAVE,,,,,,,,auc,AUROC,,0.6784674662238427,0.6259191877709761,0.8647615096,"legacy_pca_native_genomewide_256 (older PCA store, not the campaign 'full' SVD)",,,,,,,,,,,,,,,,,,,,,,,,,,,,,,,,,,,,,,,,,,,,,,,,,no paired CI available,"Array-probe design is biased towards promoters/CpG islands (covariate, not circularity). AUPRC not computed; baseline AUPRC would equal prevalence = positive_n/n_items. Threshold metrics at p=0.5."
legacy_bio_validation/known_set/horvath_clock,horvath_clock,legacy_bio_validation,aging,legacy-unregistered,legacy-unregistered,legacy_exploratory,INDEPENDENT,INDEPENDENT,INDEPENDENT,PROBLEMATIC,344,408055,408399,,,,,,,,,,,,,,0.8171517005542157,,,,,,,,,,,,,0.6566664491793107,,,,,,,,,,,,,0.7302120769141005,,,,,,,,,,,,,,,,,MISSING,,HAVE,,HAVE,,,,,,,,auc,AUROC,,0.8171517005542157,0.6566664491793107,0.7302120769,"legacy_pca_native_genomewide_256 (older PCA store, not the campaign 'full' SVD)",,,,,,,,,,,,,,,,,,,,,,,,,,,,,,,,,,,,,,,,,,,,,,,,,no paired CI available,"Array-probe design is biased towards promoters/CpG islands (covariate, not circularity). AUPRC not computed; baseline AUPRC would equal prevalence = positive_n/n_items. Threshold metrics at p=0.5."
legacy_bio_validation/known_set/phenoage_clock,phenoage_clock,legacy_bio_validation,aging,legacy-unregistered,legacy-unregistered,legacy_exploratory,INDEPENDENT,INDEPENDENT,INDEPENDENT,PROBLEMATIC,498,407901,408399,,,,,,,,,,,,,,0.8365921431654803,,,,,,,,,,,,,0.623726516207926,,,,,,,,,,,,,0.7443555295686245,,,,,,,,,,,,,,,,,MISSING,,HAVE,,HAVE,,,,,,,,auc,AUROC,,0.8365921431654803,0.623726516207926,0.7443555296,"legacy_pca_native_genomewide_256 (older PCA store, not the campaign 'full' SVD)",,,,,,,,,,,,,,,,,,,,,,,,,,,,,,,,,,,,,,,,,,,,,,,,,no paired CI available,"Array-probe design is biased towards promoters/CpG islands (covariate, not circularity). AUPRC not computed; baseline AUPRC would equal prevalence = positive_n/n_items. Threshold metrics at p=0.5."
legacy_bio_validation/locality,locality_knn_genomic_proximity,legacy_bio_validation,genomic locus identity,legacy-unregistered,legacy-unregistered,legacy_exploratory,PARTIALLY_RELATED,PARTIALLY_RELATED,INDEPENDENT,SUPPLEMENTARY_ONLY,,,2000,,,,,,,,,,,,,,,,,,,,,,,,533.5,,,,,,,,,,,,,31.25,,,,,,,,,,,,,623.9999999999999,,,,,,,MISSING,,HAVE,,HAVE,,,,,,,,enrichment,enrichment,,533.5,31.25,624,"legacy_pca_native_genomewide_256 (older PCA store, not the campaign 'full' SVD)",,,,,,,,,,,,,,,,,,,,,,,,,,,,,,,,,,,,,,,,,,,,,,,,,no paired CI available,"Unsupervised, no CI, 2,000 queries. Candidate/legacy tracks of neighbouring CpGs overlap the same peak intervals, so locality is expected by construction (judgement; not in the frozen table)."
umap_neighborhood/ewas_atlas_colorectal_cancer/native,neighborhood_ewas_atlas_colorectal_cancer,umap_neighborhood,disease/pathology,legacy-unregistered,legacy-unregistered,legacy_descriptive,INDEPENDENT,INDEPENDENT,INDEPENDENT,SUPPLEMENTARY_ONLY,217,,12000,,,,,,,,,,,,,,,,,,,,,,,,3.3450019912385502,,,,,,,,,,,,,1.2799752517494452,,,,,,,,,,,,,4.488446549468055,,,,,,,MISSING,,HAVE,,HAVE,,,,,,,,"enrichment[space=native,seed=]",enrichment,,3.3450019912385502,1.2799752517494452,4.488446549,"campaign_full_svd256 (4,165 tracks + 23 dense cols); space=native",,,,,,,,,,,,,,,,,,,,,,,,,,,,,,,,,,,,,,,,,,,,,,,,,no paired CI available,Side output of scripts/plot_umap_biology.py; no regulatory_histone_dnase_v1; no CI; visualization-space values (pca/umap) are not representation quality metrics.
umap_neighborhood/ewas_atlas_prostate_cancer/native,neighborhood_ewas_atlas_prostate_cancer,umap_neighborhood,disease/pathology,legacy-unregistered,legacy-unregistered,legacy_descriptive,INDEPENDENT,INDEPENDENT,INDEPENDENT,SUPPLEMENTARY_ONLY,221,,12000,,,,,,,,,,,,,,,,,,,,,,,,2.4021033868092694,,,,,,,,,,,,,1.4231639928698754,,,,,,,,,,,,,4.277718360071302,,,,,,,MISSING,,HAVE,,HAVE,,,,,,,,"enrichment[space=native,seed=]",enrichment,,2.4021033868092694,1.4231639928698754,4.27771836,"campaign_full_svd256 (4,165 tracks + 23 dense cols); space=native",,,,,,,,,,,,,,,,,,,,,,,,,,,,,,,,,,,,,,,,,,,,,,,,,no paired CI available,Side output of scripts/plot_umap_biology.py; no regulatory_histone_dnase_v1; no CI; visualization-space values (pca/umap) are not representation quality metrics.
umap_neighborhood/island/native,neighborhood_island,umap_neighborhood,genomic locus identity,legacy-unregistered,legacy-unregistered,legacy_descriptive,INDEPENDENT,SOURCE_RETENTION,PARTIALLY_RELATED,PROBLEMATIC,3858,,12000,,,,,,,,,,,,,,,,,,,,,,,,2.0517760544261208,,,,,,,,,,,,,2.225951504850326,,,,,,,,,,,,,2.2578030339788264,,,,,,,MISSING,,HAVE,,HAVE,,,,,,,,"enrichment[space=native,seed=]",enrichment,,2.0517760544261208,2.225951504850326,2.257803034,"campaign_full_svd256 (4,165 tracks + 23 dense cols); space=native",,,,,,,,,,,,,,,,,,,,,,,,,,,,,,,,,,,,,,,,,,,,,,,,,no paired CI available,Side output of scripts/plot_umap_biology.py; no regulatory_histone_dnase_v1; no CI; visualization-space values (pca/umap) are not representation quality metrics.
umap_neighborhood/open_sea/native,neighborhood_open_sea,umap_neighborhood,genomic locus identity,legacy-unregistered,legacy-unregistered,legacy_descriptive,INDEPENDENT,SOURCE_RETENTION,PARTIALLY_RELATED,PROBLEMATIC,4192,,12000,,,,,,,,,,,,,,,,,,,,,,,,1.6203630815123646,,,,,,,,,,,,,1.8032188071282036,,,,,,,,,,,,,1.8972192168727,,,,,,,MISSING,,HAVE,,HAVE,,,,,,,,"enrichment[space=native,seed=]",enrichment,,1.6203630815123646,1.8032188071282036,1.897219217,"campaign_full_svd256 (4,165 tracks + 23 dense cols); space=native",,,,,,,,,,,,,,,,,,,,,,,,,,,,,,,,,,,,,,,,,,,,,,,,,no paired CI available,Side output of scripts/plot_umap_biology.py; no regulatory_histone_dnase_v1; no CI; visualization-space values (pca/umap) are not representation quality metrics.
umap_neighborhood/shelf/native,neighborhood_shelf,umap_neighborhood,genomic locus identity,legacy-unregistered,legacy-unregistered,legacy_descriptive,INDEPENDENT,SOURCE_RETENTION,PARTIALLY_RELATED,PROBLEMATIC,1105,,12000,,,,,,,,,,,,,,,,,,,,,,,,2.032422918442739,,,,,,,,,,,,,2.0435702614379085,,,,,,,,,,,,,3.857964265416311,,,,,,,MISSING,,HAVE,,HAVE,,,,,,,,"enrichment[space=native,seed=]",enrichment,,2.032422918442739,2.0435702614379085,3.857964265,"campaign_full_svd256 (4,165 tracks + 23 dense cols); space=native",,,,,,,,,,,,,,,,,,,,,,,,,,,,,,,,,,,,,,,,,,,,,,,,,no paired CI available,Side output of scripts/plot_umap_biology.py; no regulatory_histone_dnase_v1; no CI; visualization-space values (pca/umap) are not representation quality metrics.
umap_neighborhood/shore/native,neighborhood_shore,umap_neighborhood,genomic locus identity,legacy-unregistered,legacy-unregistered,legacy_descriptive,INDEPENDENT,SOURCE_RETENTION,PARTIALLY_RELATED,PROBLEMATIC,2844,,12000,,,,,,,,,,,,,,,,,,,,,,,,1.1709381403959915,,,,,,,,,,,,,1.559601947125378,,,,,,,,,,,,,2.0554117135564125,,,,,,,MISSING,,HAVE,,HAVE,,,,,,,,"enrichment[space=native,seed=]",enrichment,,1.1709381403959915,1.559601947125378,2.055411714,"campaign_full_svd256 (4,165 tracks + 23 dense cols); space=native",,,,,,,,,,,,,,,,,,,,,,,,,,,,,,,,,,,,,,,,,,,,,,,,,no paired CI available,Side output of scripts/plot_umap_biology.py; no regulatory_histone_dnase_v1; no CI; visualization-space values (pca/umap) are not representation quality metrics.
v2_exploratory_posthoc/B3_ridge__centered__all_cpgs,B3_profile_ridge,v2_exploratory_posthoc,methylation program,exploratory post-hoc (registered),exploratory,exploratory_posthoc,INDEPENDENT,INDEPENDENT,INDEPENDENT,SUPPLEMENTARY_ONLY,,,,,,,,,,,0.2446259759916963,,,,,,,,,,,,,0.0388248120206893,,,,,,,,,,,,,0.022969756540594,,,,,,,,,,,,,0.2436378523873132,,,,,,,,,,HAVE,,HAVE,,HAVE,,,,,,,,centered/all_cpgs/r2_global,R2,0.2446259759916963,0.0388248120206893,0.022969756540594,0.2436378524,"campaign_full_svd256 (4,165 tracks + 23 dense cols)",,,,,,,,,,,,,,,,,,,,,,,,,0.205801163971007,0.1991588390620735,0.2124898739731372,"95% percentile bootstrap over 22 chromosome blocks (B=1000, seed 17); coarse by design (frozen protocol sec.0)",0.2216562194511022,0.2148277519896605,0.2285745226693808,"95% percentile bootstrap over 22 chromosome blocks (B=1000, seed 17); coarse by design (frozen protocol sec.0)",0.000988123604383,0.0005186425216538,0.001476152210463,"95% percentile bootstrap over 22 chromosome blocks (B=1000, seed 17); coarse by design (frozen protocol sec.0)",,,,,,,,,,,,,paired delta CI available (95% paired chromosome-block bootstrap),EXPLORATORY POST-HOC; no CI on the absolute value (paired delta CI in contrasts file). EXPLORATORY POST-HOC (registered Part B before running). No CI on absolute values; paired delta CIs in contrasts file.
v2_exploratory_posthoc/B3_ridge__centered__variable_cpgs,B3_profile_ridge,v2_exploratory_posthoc,methylation program,exploratory post-hoc (registered),exploratory,exploratory_posthoc,INDEPENDENT,INDEPENDENT,INDEPENDENT,SUPPLEMENTARY_ONLY,,,,,,,,,,,0.2793307981361379,,,,,,,,,,,,,0.0314263985549109,,,,,,,,,,,,,0.0090216674885363,,,,,,,,,,,,,0.2783443620186775,,,,,,,,,,HAVE,,HAVE,,HAVE,,,,,,,,centered/variable_cpgs/r2_global,R2,0.2793307981361379,0.0314263985549109,0.0090216674885363,0.278344362,"campaign_full_svd256 (4,165 tracks + 23 dense cols)",,,,,,,,,,,,,,,,,,,,,,,,,0.247904399581227,0.2411970825992179,0.2549850427136514,"95% percentile bootstrap over 22 chromosome blocks (B=1000, seed 17); coarse by design (frozen protocol sec.0)",0.2703091306476015,0.2631699934021594,0.2780811138291013,"95% percentile bootstrap over 22 chromosome blocks (B=1000, seed 17); coarse by design (frozen protocol sec.0)",0.0009864361174604,0.0005412944877864,0.0014866188138139,"95% percentile bootstrap over 22 chromosome blocks (B=1000, seed 17); coarse by design (frozen protocol sec.0)",,,,,,,,,,,,,paired delta CI available (95% paired chromosome-block bootstrap),EXPLORATORY POST-HOC; no CI on the absolute value (paired delta CI in contrasts file). EXPLORATORY POST-HOC (registered Part B before running). No CI on absolute values; paired delta CIs in contrasts file.
v2_exploratory_posthoc/B3_ridge__level__all_cpgs,B3_profile_ridge,v2_exploratory_posthoc,methylation program,exploratory post-hoc (registered),exploratory,exploratory_posthoc,INDEPENDENT,INDEPENDENT,INDEPENDENT,SUPPLEMENTARY_ONLY,,,,,,,,,,,0.8622029163048947,,,,,,,,,,,,,0.6250823438011558,,,,,,,,,,,,,0.5810956773286469,,,,,,,,,,,,,0.8725213581088221,,,,,,,,,,HAVE,,HAVE,,HAVE,,,,,,,,level/all_cpgs/r2_global,R2,0.8622029163048947,0.6250823438011558,0.5810956773286469,0.8725213581,"campaign_full_svd256 (4,165 tracks + 23 dense cols)",,,,,,,,,,,,,,,,,,,,,,,,,0.2371205725037388,0.2296234855477642,0.2460234642449296,"95% percentile bootstrap over 22 chromosome blocks (B=1000, seed 17); coarse by design (frozen protocol sec.0)",0.2811072389762478,0.2710535806275689,0.2919744887639448,"95% percentile bootstrap over 22 chromosome blocks (B=1000, seed 17); coarse by design (frozen protocol sec.0)",-0.0103184418039274,-0.0108141367585666,-0.0098397074827086,"95% percentile bootstrap over 22 chromosome blocks (B=1000, seed 17); coarse by design (frozen protocol sec.0)",,,,,,,,,,,,,paired delta CI available (95% paired chromosome-block bootstrap),EXPLORATORY POST-HOC; no CI on the absolute value (paired delta CI in contrasts file). EXPLORATORY POST-HOC (registered Part B before running). No CI on absolute values; paired delta CIs in contrasts file.
v2_exploratory_posthoc/B3_ridge__level__variable_cpgs,B3_profile_ridge,v2_exploratory_posthoc,methylation program,exploratory post-hoc (registered),exploratory,exploratory_posthoc,INDEPENDENT,INDEPENDENT,INDEPENDENT,SUPPLEMENTARY_ONLY,,,,,,,,,,,0.6028464329779379,,,,,,,,,,,,,0.1471691020165645,,,,,,,,,,,,,0.1713019789573791,,,,,,,,,,,,,0.624716973458366,,,,,,,,,,HAVE,,HAVE,,HAVE,,,,,,,,level/variable_cpgs/r2_global,R2,0.6028464329779379,0.1471691020165645,0.1713019789573791,0.6247169735,"campaign_full_svd256 (4,165 tracks + 23 dense cols)",,,,,,,,,,,,,,,,,,,,,,,,,0.4556773309613734,0.4327075850153157,0.4792256360099104,"95% percentile bootstrap over 22 chromosome blocks (B=1000, seed 17); coarse by design (frozen protocol sec.0)",0.4315444540205588,0.4139062854967204,0.4486188021646154,"95% percentile bootstrap over 22 chromosome blocks (B=1000, seed 17); coarse by design (frozen protocol sec.0)",-0.021870540480428,-0.0231309172432599,-0.020523507260579,"95% percentile bootstrap over 22 chromosome blocks (B=1000, seed 17); coarse by design (frozen protocol sec.0)",,,,,,,,,,,,,paired delta CI available (95% paired chromosome-block bootstrap),EXPLORATORY POST-HOC; no CI on the absolute value (paired delta CI in contrasts file). EXPLORATORY POST-HOC (registered Part B before running). No CI on absolute values; paired delta CIs in contrasts file.
v2_exploratory_posthoc/B3_ridge__raw__all_cpgs,B3_profile_ridge,v2_exploratory_posthoc,methylation program,exploratory post-hoc (registered),exploratory,exploratory_posthoc,INDEPENDENT,INDEPENDENT,INDEPENDENT,SUPPLEMENTARY_ONLY,,,,,,,,,,,0.7763979001243837,,,,,,,,,,,,,0.5436025362221257,,,,,,,,,,,,,0.5035506802165184,,,,,,,,,,,,,0.7851450473973437,,,,,,,,,,HAVE,,HAVE,,HAVE,,,,,,,,raw/all_cpgs/r2_global,R2,0.7763979001243837,0.5436025362221257,0.5035506802165184,0.7851450474,"campaign_full_svd256 (4,165 tracks + 23 dense cols)",,,,,,,,,,,,,,,,,,,,,,,,,0.2327953639022579,0.2256054611689176,0.2415115864346947,"95% percentile bootstrap over 22 chromosome blocks (B=1000, seed 17); coarse by design (frozen protocol sec.0)",0.2728472199078653,0.263540890113325,0.282371571165432,"95% percentile bootstrap over 22 chromosome blocks (B=1000, seed 17); coarse by design (frozen protocol sec.0)",-0.0087471472729599,-0.0091992624940022,-0.0083019672381461,"95% percentile bootstrap over 22 chromosome blocks (B=1000, seed 17); coarse by design (frozen protocol sec.0)",,,,,,,,,,,,,paired delta CI available (95% paired chromosome-block bootstrap),EXPLORATORY POST-HOC; no CI on the absolute value (paired delta CI in contrasts file). EXPLORATORY POST-HOC (registered Part B before running). No CI on absolute values; paired delta CIs in contrasts file.
v2_exploratory_posthoc/B3_ridge__raw__variable_cpgs,B3_profile_ridge,v2_exploratory_posthoc,methylation program,exploratory post-hoc (registered),exploratory,exploratory_posthoc,INDEPENDENT,INDEPENDENT,INDEPENDENT,SUPPLEMENTARY_ONLY,,,,,,,,,,,0.4716690005918107,,,,,,,,,,,,,0.1002963154815586,,,,,,,,,,,,,0.1053947118087295,,,,,,,,,,,,,0.4842272764186498,,,,,,,,,,HAVE,,HAVE,,HAVE,,,,,,,,raw/variable_cpgs/r2_global,R2,0.4716690005918107,0.1002963154815586,0.1053947118087295,0.4842272764,"campaign_full_svd256 (4,165 tracks + 23 dense cols)",,,,,,,,,,,,,,,,,,,,,,,,,0.3713726851102521,0.3558616293999799,0.3868935881506145,"95% percentile bootstrap over 22 chromosome blocks (B=1000, seed 17); coarse by design (frozen protocol sec.0)",0.3662742887830812,0.3543427290450049,0.3771663333925691,"95% percentile bootstrap over 22 chromosome blocks (B=1000, seed 17); coarse by design (frozen protocol sec.0)",-0.0125582758268391,-0.0134612772414611,-0.0116199293329865,"95% percentile bootstrap over 22 chromosome blocks (B=1000, seed 17); coarse by design (frozen protocol sec.0)",,,,,,,,,,,,,paired delta CI available (95% paired chromosome-block bootstrap),EXPLORATORY POST-HOC; no CI on the absolute value (paired delta CI in contrasts file). EXPLORATORY POST-HOC (registered Part B before running). No CI on absolute values; paired delta CIs in contrasts file.
v2_exploratory_posthoc/exploratory_similarity,exploratory_similarity,v2_exploratory_posthoc,methylation program,exploratory post-hoc (registered),exploratory,exploratory_posthoc,INDEPENDENT,INDEPENDENT,INDEPENDENT,SUPPLEMENTARY_ONLY,,,384675,,,,,0.10816427184391984,0.09015586960850429,0.12922556049260195,,,,,,,,,,,0.20451154328017176,0.19047878188372258,0.22093107650650312,,,,,,,,,,,0.1753734428565219,0.16474533144383788,0.18720687887277612,,,,,,,,,,,0.12875477946455174,0.11036597574331451,0.15025110799716357,,,,,,,,"95% percentile bootstrap over 22 chromosome blocks (B=1000, seed 17); coarse by design (frozen protocol sec.0)",,,HAVE,,HAVE,,HAVE,,,,,,,,spearman__cosine__all,Spearman,0.10816427184391984,0.20451154328017176,0.1753734428565219,0.1287547795,"campaign_full_svd256 (4,165 tracks + 23 dense cols)",,,,,,,,,,,,,-0.0963472714362519,-0.1050732530392109,-0.0859897215033865,"95% percentile bootstrap over 22 chromosome blocks (B=1000, seed 17); coarse by design (frozen protocol sec.0)",-0.067209171012602,-0.0801928668899955,-0.0528212419626542,"95% percentile bootstrap over 22 chromosome blocks (B=1000, seed 17); coarse by design (frozen protocol sec.0)",-0.0205905076206319,-0.0232004494760129,-0.0180135889328932,"95% percentile bootstrap over 22 chromosome blocks (B=1000, seed 17); coarse by design (frozen protocol sec.0)",,,,,,,,,,,,,,,,,,,,,,,,,paired delta CI available (95% paired chromosome-block bootstrap),"EXPLORATORY POST-HOC (registered before running, no claim). EXPLORATORY POST-HOC."
v2_frozen/compartment_E1_probe_GM12878_100kb,compartment_E1_probe_GM12878_100kb,v2_frozen,3D genome,frozen secondary,frozen,secondary,PARTIALLY_RELATED,PARTIALLY_RELATED,PARTIALLY_RELATED,MAIN_QUALITY,,,408275,,,,,0.5845363424922833,0.5188314413343189,0.6402267844147049,0.37386577989534275,0.292529824778511,0.43294629127206624,,,,,,,,0.37423281850722245,0.3219148974967575,0.4217920198863317,0.10695662420164376,0.06817045474348557,0.13122416291041536,,,,,,,,0.2507402524618137,0.20114859192477877,0.3033356185904496,0.0638077650565333,0.033072633622893796,0.08715797155697955,,,,,,,,0.5925277411995918,0.5253563724474002,0.6484336038774529,0.3774589111670835,0.2917066855100726,0.4382324093888009,,,,,"95% percentile bootstrap over 22 chromosome blocks (B=1000, seed 17); coarse by design (frozen protocol sec.0)","95% percentile bootstrap over 22 chromosome blocks (B=1000, seed 17); coarse by design (frozen protocol sec.0)",,HAVE,,HAVE,,HAVE,,,,,,,,spearman_E1_vs_oof_pred,Spearman,0.5845363424922833,0.37423281850722245,0.2507402524618137,0.5925277412,"campaign_full_svd256 (4,165 tracks + 23 dense cols)",,,,,,,,,,,,,0.2103035239850608,0.1866251513857314,0.2372267925714545,"95% percentile bootstrap over 22 chromosome blocks (B=1000, seed 17); coarse by design (frozen protocol sec.0)",0.3337960900304695,0.2855296155137923,0.3818711231674827,"95% percentile bootstrap over 22 chromosome blocks (B=1000, seed 17); coarse by design (frozen protocol sec.0)",-0.0079913987073085,-0.0119944863530044,-0.0038486751195236,"95% percentile bootstrap over 22 chromosome blocks (B=1000, seed 17); coarse by design (frozen protocol sec.0)",0.266909155693699,0.2195677942891878,0.3074813902365201,"95% percentile bootstrap over 22 chromosome blocks (B=1000, seed 17); coarse by design (frozen protocol sec.0)",0.3100580148388094,0.2470706034605997,0.3640678692291831,"95% percentile bootstrap over 22 chromosome blocks (B=1000, seed 17); coarse by design (frozen protocol sec.0)",-0.0035931312717407,-0.0074208554595633,0.0014886995856063,"95% percentile bootstrap over 22 chromosome blocks (B=1000, seed 17); coarse by design (frozen protocol sec.0)",,,,,,,,,,,,,paired delta CI available (95% paired chromosome-block bootstrap),SECONDARY; compartments only (no contact table).
v2_frozen/compartment_E1_probe_H1_100kb,compartment_E1_probe_H1_100kb,v2_frozen,3D genome,frozen secondary,frozen,secondary,PARTIALLY_RELATED,PARTIALLY_RELATED,PARTIALLY_RELATED,MAIN_QUALITY,,,407903,,,,,0.4656773375592854,0.3922016921061707,0.5302518944326367,0.22053998992140877,0.12031601901379024,0.2829652793790697,,,,,,,,0.35983793985172247,0.29200454160720807,0.42448309766861314,0.11700948472005201,0.05894886496261745,0.15501947480014625,,,,,,,,0.32113467269783086,0.2569723120775437,0.3798677424242031,0.11385235642044211,0.05867258147292858,0.15102308583654628,,,,,,,,0.4731184287252792,0.39483933981520847,0.5421027697771971,0.2239406528810426,0.11421751747779176,0.29212176925954864,,,,,"95% percentile bootstrap over 22 chromosome blocks (B=1000, seed 17); coarse by design (frozen protocol sec.0)","95% percentile bootstrap over 22 chromosome blocks (B=1000, seed 17); coarse by design (frozen protocol sec.0)",,HAVE,,HAVE,,HAVE,,,,,,,,spearman_E1_vs_oof_pred,Spearman,0.4656773375592854,0.35983793985172247,0.32113467269783086,0.4731184287,"campaign_full_svd256 (4,165 tracks + 23 dense cols)",,,,,,,,,,,,,0.1058393977075629,0.0866449557959628,0.1236049284499487,"95% percentile bootstrap over 22 chromosome blocks (B=1000, seed 17); coarse by design (frozen protocol sec.0)",0.1445426648614545,0.1193993891847034,0.1699475518597547,"95% percentile bootstrap over 22 chromosome blocks (B=1000, seed 17); coarse by design (frozen protocol sec.0)",-0.0074410911659937,-0.0130860074484905,-0.0016957965499232,"95% percentile bootstrap over 22 chromosome blocks (B=1000, seed 17); coarse by design (frozen protocol sec.0)",0.1035305052013567,0.0602691498991369,0.1336400757636272,"95% percentile bootstrap over 22 chromosome blocks (B=1000, seed 17); coarse by design (frozen protocol sec.0)",0.1066876335009666,0.0581216886101706,0.14031993749342,"95% percentile bootstrap over 22 chromosome blocks (B=1000, seed 17); coarse by design (frozen protocol sec.0)",-0.0034006629596338,-0.009899152261839,0.006302992058477,"95% percentile bootstrap over 22 chromosome blocks (B=1000, seed 17); coarse by design (frozen protocol sec.0)",,,,,,,,,,,,,paired delta CI available (95% paired chromosome-block bootstrap),SECONDARY. E1 sign is GC-oriented (sequence arms see GC); histone/DNase mark chromatin state.
v2_frozen/fantom5_activity_similarity,fantom5_activity_similarity,v2_frozen,regulatory activity,frozen secondary,frozen,secondary,PARTIALLY_RELATED,PARTIALLY_RELATED,INDEPENDENT,MAIN_QUALITY,,,170841,,,,,0.3189883682494097,0.30503829822176093,0.33423082532214754,,,,,,,,,,,0.15724618257732215,0.1435201195532005,0.17188587088762736,,,,,,,,,,,0.03473583772905194,0.024893123458979618,0.044446078363685415,,,,,,,,,,,0.32577630672459,0.3109950531713251,0.3412130620834337,,,,,,,,"95% percentile bootstrap over 22 chromosome blocks (B=1000, seed 17); coarse by design (frozen protocol sec.0)",,,HAVE,,HAVE,,HAVE,,,,,,,,spearman_all_pairs,Spearman,0.3189883682494097,0.15724618257732215,0.03473583772905194,0.3257763067,"campaign_full_svd256 (4,165 tracks + 23 dense cols)",,,,,,,,,,,,,0.1617421856720875,0.1496030676839224,0.1747145266718405,"95% percentile bootstrap over 22 chromosome blocks (B=1000, seed 17); coarse by design (frozen protocol sec.0)",0.2842525305203577,0.2667773665463177,0.3020394632653677,"95% percentile bootstrap over 22 chromosome blocks (B=1000, seed 17); coarse by design (frozen protocol sec.0)",-0.0067879384751803,-0.0081132564168143,-0.0055339757373984,"95% percentile bootstrap over 22 chromosome blocks (B=1000, seed 17); coarse by design (frozen protocol sec.0)",,,,,,,,,,,,,,,,,,,,,,,,,paired delta CI available (95% paired chromosome-block bootstrap),SECONDARY.
v2_frozen/fantom5_membership,fantom5_membership,v2_frozen,regulatory activity,frozen primary,frozen,primary,PARTIALLY_RELATED,PARTIALLY_RELATED,INDEPENDENT,MAIN_QUALITY,11575,11575,23150,0.8330058991738545,0.8255295229269338,0.8395554890855499,,,,,,,,,,,0.7008207492687842,0.6929002813729233,0.710700481044102,,,,,,,,,,,0.6228563346379374,0.6107233515681214,0.6347789142122249,,,,,,,,,,,0.8496788920039745,0.8417834300266255,0.8576302374933613,,,,,,,,,,,"95% percentile bootstrap over 22 chromosome blocks (B=1000, seed 17); coarse by design (frozen protocol sec.0)",,,,HAVE,,HAVE,,HAVE,,,,,,,,auroc_oof_bg_enh5k,AUROC,0.8330058991738545,0.7008207492687842,0.6228563346379374,0.849678892,"campaign_full_svd256 (4,165 tracks + 23 dense cols)",0.1321851499050702,0.1229664626081204,0.1410682307774058,"95% percentile bootstrap over 22 chromosome blocks (B=1000, seed 17); coarse by design (frozen protocol sec.0)",0.210149564535917,0.1975655597471262,0.2232283073774013,"95% percentile bootstrap over 22 chromosome blocks (B=1000, seed 17); coarse by design (frozen protocol sec.0)",-0.01667299283012,-0.0200752015912376,-0.012965289044021,"95% percentile bootstrap over 22 chromosome blocks (B=1000, seed 17); coarse by design (frozen protocol sec.0)",,,,,,,,,,,,,,,,,,,,,,,,,,,,,,,,,,,,,paired delta CI available (95% paired chromosome-block bootstrap),PRIMARY. H3K27ac/H3K4me1/DNase/TF ChIP and cCRE enhancers mark the same enhancers (partially related).
v2_frozen/fantom5_membership__tss5k_pool,fantom5_membership,v2_frozen,regulatory activity,frozen sensitivity,frozen,sensitivity,PARTIALLY_RELATED,PARTIALLY_RELATED,INDEPENDENT,MAIN_QUALITY,3349,3349,6698,0.869227797461813,0.855943603261582,0.8825855516981653,,,,,,,,,,,0.7371864033607586,0.7240679391911438,0.7535210701640594,,,,,,,,,,,0.5883281987617291,0.5715432780481476,0.6062628447504875,,,,,,,,,,,0.8867828521565245,0.8758457085592628,0.8988114624795885,,,,,,,,,,,"95% percentile bootstrap over 22 chromosome blocks (B=1000, seed 17); coarse by design (frozen protocol sec.0)",,,,HAVE,,HAVE,,HAVE,,,,,,,,auroc_oof__tss5k_pool,AUROC,0.869227797461813,0.7371864033607586,0.5883281987617291,0.8867828522,"campaign_full_svd256 (4,165 tracks + 23 dense cols)",0.1320413941010544,0.1159500806534425,0.1482604183410621,"95% percentile bootstrap over 22 chromosome blocks (B=1000, seed 17); coarse by design (frozen protocol sec.0)",0.2808995987000838,0.2636962867787983,0.2981908430698343,"95% percentile bootstrap over 22 chromosome blocks (B=1000, seed 17); coarse by design (frozen protocol sec.0)",-0.0175550546947115,-0.0215932433220622,-0.0136524786237944,"95% percentile bootstrap over 22 chromosome blocks (B=1000, seed 17); coarse by design (frozen protocol sec.0)",,,,,,,,,,,,,,,,,,,,,,,,,,,,,,,,,,,,,paired delta CI available (95% paired chromosome-block bootstrap),PRIMARY. H3K27ac/H3K4me1/DNase/TF ChIP and cCRE enhancers mark the same enhancers (partially related).
v2_frozen/fantom5_membership__win500,fantom5_membership,v2_frozen,regulatory activity,frozen sensitivity,frozen,sensitivity,PARTIALLY_RELATED,PARTIALLY_RELATED,INDEPENDENT,MAIN_QUALITY,26880,26880,53760,0.7742459314047885,0.7665956155430715,0.7804895349424046,,,,,,,,,,,0.6633436857816043,0.6537587365149791,0.6752774879792569,,,,,,,,,,,0.5986511451911494,0.5904633508368622,0.6070732840502912,,,,,,,,,,,0.7888148245952027,0.7820461784792344,0.7951098625081202,,,,,,,,,,,"95% percentile bootstrap over 22 chromosome blocks (B=1000, seed 17); coarse by design (frozen protocol sec.0)",,,,HAVE,,HAVE,,HAVE,,,,,,,,auroc_oof__win500,AUROC,0.7742459314047885,0.6633436857816043,0.5986511451911494,0.7888148246,"campaign_full_svd256 (4,165 tracks + 23 dense cols)",0.1109022456231841,0.099630980341296,0.1203612597945317,"95% percentile bootstrap over 22 chromosome blocks (B=1000, seed 17); coarse by design (frozen protocol sec.0)",0.1755947862136391,0.1673021233879059,0.1839068908577688,"95% percentile bootstrap over 22 chromosome blocks (B=1000, seed 17); coarse by design (frozen protocol sec.0)",-0.0145688931904142,-0.0165334745184503,-0.0127509038763997,"95% percentile bootstrap over 22 chromosome blocks (B=1000, seed 17); coarse by design (frozen protocol sec.0)",,,,,,,,,,,,,,,,,,,,,,,,,,,,,,,,,,,,,paired delta CI available (95% paired chromosome-block bootstrap),PRIMARY. H3K27ac/H3K4me1/DNase/TF ChIP and cCRE enhancers mark the same enhancers (partially related).
v2_frozen/loyfer_marker_knn,loyfer_marker_knn,v2_frozen,methylation program,frozen secondary,frozen,secondary,INDEPENDENT,INDEPENDENT,INDEPENDENT,SUPPLEMENTARY_ONLY,1257,407550,1257,,,,,,,,,,,1278.7523098460101,940.1755920163266,1733.3642771059838,,,,,,,,,,,826.8909939337377,568.3907736556895,1105.9187564900699,,,,,,,,,,,55.53177788147457,28.969136491037105,80.34617203845976,,,,,,,,,,,1276.4701819878676,940.9228662414484,1712.6638858355334,,,,"95% percentile bootstrap over 22 chromosome blocks (B=1000, seed 17); coarse by design (frozen protocol sec.0)",HAVE,,HAVE,,HAVE,,,,,,,,enrichment_github_U25_U250,enrichment,1278.7523098460101,826.8909939337377,55.53177788147457,1276.470182,"campaign_full_svd256 (4,165 tracks + 23 dense cols)",,,,,,,,,,,,,,,,,,,,,,,,,,,,,,,,,,,,,451.8613159122724,319.38029337283075,635.7706866392422,"95% percentile bootstrap over 22 chromosome blocks (B=1000, seed 17); coarse by design (frozen protocol sec.0)",1223.2205319645354,903.52113441192,1659.8390060357954,"95% percentile bootstrap over 22 chromosome blocks (B=1000, seed 17); coarse by design (frozen protocol sec.0)",2.2821278581425304,-29.618594879813976,33.631109716704096,"95% percentile bootstrap over 22 chromosome blocks (B=1000, seed 17); coarse by design (frozen protocol sec.0)",paired delta CI available (95% paired chromosome-block bootstrap),SECONDARY: marker provenance verdict WEAK; low power; not in Holm family. Enrichment is fold over null (not AUROC).
v2_frozen/loyfer_profile,loyfer_profile,v2_frozen,methylation program,frozen primary,frozen,primary,INDEPENDENT,INDEPENDENT,INDEPENDENT,MAIN_QUALITY,,,232194,,,,,-0.06279245345634345,-0.07237805839808255,-0.053351641857847326,,,,,,,,,,,0.10647664276365883,0.10100959221724187,0.11210605304991489,,,,,,,,,,,0.11545556870088929,0.10790858819413995,0.12202895486692028,,,,,,,,,,,-0.038138314769014366,-0.045935762234896114,-0.03008248746143673,,,,,,,,"95% percentile bootstrap over 22 chromosome blocks (B=1000, seed 17); coarse by design (frozen protocol sec.0)",,,HAVE,,HAVE,,HAVE,,,,,,,,spearman_pooled_gt1Mb_inter_eqw,Spearman,-0.06279245345634345,0.10647664276365883,0.11545556870088929,-0.03813831477,"campaign_full_svd256 (4,165 tracks + 23 dense cols)",,,,,,,,,,,,,-0.1692690962200022,-0.1809573577951307,-0.1578120542610995,"95% percentile bootstrap over 22 chromosome blocks (B=1000, seed 17); coarse by design (frozen protocol sec.0)",-0.1782480221572327,-0.1928670764505144,-0.1627002912496265,"95% percentile bootstrap over 22 chromosome blocks (B=1000, seed 17); coarse by design (frozen protocol sec.0)",-0.024654138687329,-0.0284178863129659,-0.0213186511156834,"95% percentile bootstrap over 22 chromosome blocks (B=1000, seed 17); coarse by design (frozen protocol sec.0)",,,,,,,,,,,,,,,,,,,,,,,,,paired delta CI available (95% paired chromosome-block bootstrap),Primary endpoint. Candidate and legacy functional are NEGATIVE (rank below zero) at the primary pooled stat; sequence arms are positive. cpgpt_large_locus is methylation-supervised (provenance_outcome=DIRECT_METHYLATION_SUPERVISION in exploratory_posthoc_loyfer/interpretation_ABC.json). 849 all-zero candidate rows excluded for all arms (union rule).
v2_frozen/microc_H1_inter1Mb,microc_H1_inter1Mb,v2_frozen,3D genome,frozen exploratory,frozen,exploratory,INDEPENDENT,INDEPENDENT,INDEPENDENT,SUPPLEMENTARY_ONLY,9789,9585,19374,0.5563546703998979,0.5405414677515549,0.5705205996661633,,,,,,,,,,,0.5489284945207733,0.5364477728181798,0.5610921666125085,,,,,,,,,,,0.5057601995746133,0.4849449036158845,0.52850686137344,,,,,,,,,,,0.5612601797776592,0.5457810127483724,0.574603562988334,,,,,,,,,,,"95% percentile bootstrap over 22 chromosome blocks (B=1000, seed 17); coarse by design (frozen protocol sec.0)",,,,HAVE,,HAVE,,HAVE,,,,,,,,auroc_contact_vs_noncontact,AUROC,0.5563546703998979,0.5489284945207733,0.5057601995746133,0.5612601798,"campaign_full_svd256 (4,165 tracks + 23 dense cols)",0.0074261758791246,-0.0113776810480599,0.0251052525383544,"95% percentile bootstrap over 22 chromosome blocks (B=1000, seed 17); coarse by design (frozen protocol sec.0)",0.0505944708252846,0.0179548949634353,0.0811449042009047,"95% percentile bootstrap over 22 chromosome blocks (B=1000, seed 17); coarse by design (frozen protocol sec.0)",-0.0049055093777612,-0.0101580589859544,-7.606340615511378e-05,"95% percentile bootstrap over 22 chromosome blocks (B=1000, seed 17); coarse by design (frozen protocol sec.0)",,,,,,,,,,,,,,,,,,,,,,,,,,,,,,,,,,,,,paired delta CI available (95% paired chromosome-block bootstrap),"EXPLORATORY class: 98.3% total pair drop, weak balance."
v2_frozen/microc_H1_intra10kb,microc_H1_intra10kb,v2_frozen,3D genome,frozen primary,frozen,primary,PARTIALLY_RELATED,PARTIALLY_RELATED,INDEPENDENT,MAIN_QUALITY,2682590,2681778,5364368,0.5684567253539629,0.5598239347072415,0.578033143408412,,,,,,,,,,,0.5314451543713142,0.5272451806626763,0.5347955555656384,,,,,,,,,,,0.5024592047313597,0.4991320459675343,0.5051420881374742,,,,,,,,,,,0.5676405271792344,0.5597712842018905,0.576617449884923,,,,,,,,,,,"95% percentile bootstrap over 22 chromosome blocks (B=1000, seed 17); coarse by design (frozen protocol sec.0)",,,,HAVE,,HAVE,,HAVE,,,,,,,,auroc_contact_vs_noncontact,AUROC,0.5684567253539629,0.5314451543713142,0.5024592047313597,0.5676405272,"campaign_full_svd256 (4,165 tracks + 23 dense cols)",0.0370115709826486,0.0280532852466762,0.0472928572073101,"95% percentile bootstrap over 22 chromosome blocks (B=1000, seed 17); coarse by design (frozen protocol sec.0)",0.0659975206226031,0.0554250443809098,0.0769073064775923,"95% percentile bootstrap over 22 chromosome blocks (B=1000, seed 17); coarse by design (frozen protocol sec.0)",0.0008161981747284,-0.000295744967292,0.0021058446896529,"95% percentile bootstrap over 22 chromosome blocks (B=1000, seed 17); coarse by design (frozen protocol sec.0)",,,,,,,,,,,,,,,,,,,,,,,,,,,,,,,,,,,,,paired delta CI available (95% paired chromosome-block bootstrap),"PRIMARY. CTCF/RAD21/SMC3 ChIP tracks (input to candidate and legacy functional) are mechanistically linked to loop anchors (partially related, not corrected). Effect size secondary = paired delta cosine."
v2_frozen/microc_HFFc6_intra10kb,microc_HFFc6_intra10kb,v2_frozen,3D genome,frozen sensitivity,frozen,sensitivity,PARTIALLY_RELATED,PARTIALLY_RELATED,INDEPENDENT,MAIN_QUALITY,3714112,3712573,7426685,0.5962533625893975,0.5851359600802258,0.6064313037797111,,,,,,,,,,,0.5281514064296475,0.5217603985294157,0.5332017069518917,,,,,,,,,,,0.4984879038593052,0.49507268060940696,0.5014214691089769,,,,,,,,,,,0.593094011479165,0.5829877777815697,0.6024984504108957,,,,,,,,,,,"95% percentile bootstrap over 22 chromosome blocks (B=1000, seed 17); coarse by design (frozen protocol sec.0)",,,,HAVE,,HAVE,,HAVE,,,,,,,,auroc_contact_vs_noncontact,AUROC,0.5962533625893975,0.5281514064296475,0.4984879038593052,0.5930940115,"campaign_full_svd256 (4,165 tracks + 23 dense cols)",0.06810195615975,0.0588365934361402,0.0770508952661418,"95% percentile bootstrap over 22 chromosome blocks (B=1000, seed 17); coarse by design (frozen protocol sec.0)",0.0977654587300923,0.0862868873474941,0.1088637677807701,"95% percentile bootstrap over 22 chromosome blocks (B=1000, seed 17); coarse by design (frozen protocol sec.0)",0.0031593511102325,0.0020994301658534,0.0041780765871847,"95% percentile bootstrap over 22 chromosome blocks (B=1000, seed 17); coarse by design (frozen protocol sec.0)",,,,,,,,,,,,,,,,,,,,,,,,,,,,,,,,,,,,,paired delta CI available (95% paired chromosome-block bootstrap),Sensitivity of the Micro-C primary (different depth).
v2_frozen/pmd_probe,pmd_probe,v2_frozen,replication timing,frozen exploratory,frozen,exploratory,INDEPENDENT,INDEPENDENT,INDEPENDENT,SUPPLEMENTARY_ONLY,328894,79505,408399,0.821268031678343,0.8131708488528802,0.8295097597151658,,,,,,,,,,,0.698839421549649,0.6892321452725724,0.7080629954098304,,,,,,,,,,,0.6224619486853938,0.6146813270468617,0.6295881074814146,,,,,,,,,,,0.8213700570837212,0.8130652249435886,0.8298364252749352,,,,,,,,,,,"95% percentile bootstrap over 22 chromosome blocks (B=1000, seed 17); coarse by design (frozen protocol sec.0)",,,,HAVE,,HAVE,,HAVE,,,,,,,,auroc_oof_pmd_in_any,AUROC,0.821268031678343,0.698839421549649,0.6224619486853938,0.8213700571,"campaign_full_svd256 (4,165 tracks + 23 dense cols)",0.122428610128694,0.1172787539611381,0.1283772052022835,"95% percentile bootstrap over 22 chromosome blocks (B=1000, seed 17); coarse by design (frozen protocol sec.0)",0.1988060829929491,0.1917590683564004,0.2072345675255323,"95% percentile bootstrap over 22 chromosome blocks (B=1000, seed 17); coarse by design (frozen protocol sec.0)",-0.0001020254053782,-0.0015125693679093,0.0013010484847822,"95% percentile bootstrap over 22 chromosome blocks (B=1000, seed 17); coarse by design (frozen protocol sec.0)",,,,,,,,,,,,,,,,,,,,,,,,,,,,,,,,,,,,,paired delta CI available (95% paired chromosome-block bootstrap),"EXPLORATORY class: methylation-derived target, correlated with GC/RT; prevalence 0.805 (328,894/408,399)."
v2_frozen/rt_consensus,rt_consensus,v2_frozen,replication timing,frozen primary,frozen,primary,INDEPENDENT,INDEPENDENT,INDEPENDENT,MAIN_QUALITY,,,408345,,,,,0.7031356576164252,0.6837196857308532,0.7169098777751505,0.504309979337934,0.48154362272320456,0.5204585468457392,,,,,,,,0.4863894095995796,0.456182101554874,0.5129028503310143,0.1728516996569004,0.14495906478651388,0.19025918560869637,,,,,,,,0.35935483828244785,0.31955627965282424,0.4021515146477058,0.12066882626591413,0.08509351907476143,0.14664916665676844,,,,,,,,0.718015149288061,0.6994127975038889,0.731098398216555,0.5177982350907571,0.4955888902219476,0.5333941379990024,,,,,"95% percentile bootstrap over 22 chromosome blocks (B=1000, seed 17); coarse by design (frozen protocol sec.0)","95% percentile bootstrap over 22 chromosome blocks (B=1000, seed 17); coarse by design (frozen protocol sec.0)",,HAVE,,HAVE,,HAVE,,,,,,,,spearman_oof_consensus,Spearman,0.7031356576164252,0.4863894095995796,0.35935483828244785,0.7180151493,"campaign_full_svd256 (4,165 tracks + 23 dense cols)",,,,,,,,,,,,,0.2167462480168455,0.1963959955870815,0.2343274317563344,"95% percentile bootstrap over 22 chromosome blocks (B=1000, seed 17); coarse by design (frozen protocol sec.0)",0.3437808193339773,0.3076419683426462,0.3758285415987655,"95% percentile bootstrap over 22 chromosome blocks (B=1000, seed 17); coarse by design (frozen protocol sec.0)",-0.0148794916716358,-0.0176182811417942,-0.0119419697459973,"95% percentile bootstrap over 22 chromosome blocks (B=1000, seed 17); coarse by design (frozen protocol sec.0)",0.3314582796810336,0.3141258185033332,0.3527929502753172,"95% percentile bootstrap over 22 chromosome blocks (B=1000, seed 17); coarse by design (frozen protocol sec.0)",0.3836411530720198,0.3604365961502787,0.4107358871547991,"95% percentile bootstrap over 22 chromosome blocks (B=1000, seed 17); coarse by design (frozen protocol sec.0)",-0.013488255752823,-0.0163838078219142,-0.0106150879976443,"95% percentile bootstrap over 22 chromosome blocks (B=1000, seed 17); coarse by design (frozen protocol sec.0)",,,,,,,,,,,,,paired delta CI available (95% paired chromosome-block bootstrap),PRIMARY. Strongly GC / gene-density correlated target.
v2_sensitivity/compartment_E1_probe_GM12878_50kb,compartment_E1_probe_GM12878_50kb,v2_sensitivity,3D genome,preregistered sensitivity,preregistered,sensitivity,PARTIALLY_RELATED,PARTIALLY_RELATED,PARTIALLY_RELATED,MAIN_QUALITY,,,408073,,,,,0.6017527742846626,0.535247954385983,0.6582910449139795,0.3922337543358204,0.3088475509227486,0.45258895065016824,,,,,,,,0.37882435837641176,0.3256576708047239,0.4258174285794902,0.10946008599694557,0.07103386549852037,0.13397638810604312,,,,,,,,0.2451980675468559,0.197718876352008,0.2959928126439705,0.06228620732158363,0.03304528323005349,0.08466988570884063,,,,,,,,0.6101740264415735,0.5421074200682168,0.6669384830238446,0.39620610973809856,0.30841359502448185,0.45891097305293976,,,,,"95% percentile bootstrap over 22 chromosome blocks (B=1000, seed 17); coarse by design (frozen protocol sec.0)","95% percentile bootstrap over 22 chromosome blocks (B=1000, seed 17); coarse by design (frozen protocol sec.0)",,HAVE,,HAVE,,HAVE,,,,,,,,spearman_E1_vs_oof_pred,Spearman,0.6017527742846626,0.37882435837641176,0.2451980675468559,0.6101740264,"campaign_full_svd256 (4,165 tracks + 23 dense cols)",,,,,,,,,,,,,0.2229284159082508,0.1994612702360069,0.2507971369865646,"95% percentile bootstrap over 22 chromosome blocks (B=1000, seed 17); coarse by design (frozen protocol sec.0)",0.3565547067378066,0.3101113671472809,0.4036929541162852,"95% percentile bootstrap over 22 chromosome blocks (B=1000, seed 17); coarse by design (frozen protocol sec.0)",-0.0084212521569109,-0.0121201024754346,-0.0046943118815514,"95% percentile bootstrap over 22 chromosome blocks (B=1000, seed 17); coarse by design (frozen protocol sec.0)",0.2827736683388748,0.2325127900812,0.3239234892179793,"95% percentile bootstrap over 22 chromosome blocks (B=1000, seed 17); coarse by design (frozen protocol sec.0)",0.3299475470142368,0.2645083640881841,0.3851525791776736,"95% percentile bootstrap over 22 chromosome blocks (B=1000, seed 17); coarse by design (frozen protocol sec.0)",-0.0039723554022781,-0.007639268738894,0.0007455263743124,"95% percentile bootstrap over 22 chromosome blocks (B=1000, seed 17); coarse by design (frozen protocol sec.0)",,,,,,,,,,,,,paired delta CI available (95% paired chromosome-block bootstrap),SECONDARY; compartments only (no contact table).
v2_sensitivity/compartment_E1_probe_H1_50kb,compartment_E1_probe_H1_50kb,v2_sensitivity,3D genome,preregistered sensitivity,preregistered,sensitivity,PARTIALLY_RELATED,PARTIALLY_RELATED,PARTIALLY_RELATED,MAIN_QUALITY,,,407826,,,,,0.4611761475546366,0.38615082546390384,0.5281196029920251,0.21540649435361003,0.11113885486249898,0.27892349457215665,,,,,,,,0.3484852844019294,0.2751611859427518,0.41631169528977585,0.11018397723398521,0.04791752242892537,0.149104895053071,,,,,,,,0.30754532627624903,0.2392298705574189,0.36819763935755856,0.1060220125553335,0.04793729729457796,0.14341154417346685,,,,,,,,0.4692287355612141,0.3878293493180313,0.5399106830772119,0.2184849013270408,0.10312547953978653,0.2898773304838973,,,,,"95% percentile bootstrap over 22 chromosome blocks (B=1000, seed 17); coarse by design (frozen protocol sec.0)","95% percentile bootstrap over 22 chromosome blocks (B=1000, seed 17); coarse by design (frozen protocol sec.0)",,HAVE,,HAVE,,HAVE,,,,,,,,spearman_E1_vs_oof_pred,Spearman,0.4611761475546366,0.3484852844019294,0.30754532627624903,0.4692287356,"campaign_full_svd256 (4,165 tracks + 23 dense cols)",,,,,,,,,,,,,0.1126908631527072,0.0960767693520854,0.1293565456305638,"95% percentile bootstrap over 22 chromosome blocks (B=1000, seed 17); coarse by design (frozen protocol sec.0)",0.1536308212783875,0.1285500220703057,0.1794378425503039,"95% percentile bootstrap over 22 chromosome blocks (B=1000, seed 17); coarse by design (frozen protocol sec.0)",-0.0080525880065774,-0.0140433501557611,-0.0023234154107675,"95% percentile bootstrap over 22 chromosome blocks (B=1000, seed 17); coarse by design (frozen protocol sec.0)",0.1052225171196248,0.0609147259165089,0.136423265936095,"95% percentile bootstrap over 22 chromosome blocks (B=1000, seed 17); coarse by design (frozen protocol sec.0)",0.1093844817982765,0.0579433190669092,0.1439362279835982,"95% percentile bootstrap over 22 chromosome blocks (B=1000, seed 17); coarse by design (frozen protocol sec.0)",-0.0030784069734307,-0.0107023703853399,0.0080705580815289,"95% percentile bootstrap over 22 chromosome blocks (B=1000, seed 17); coarse by design (frozen protocol sec.0)",,,,,,,,,,,,,paired delta CI available (95% paired chromosome-block bootstrap),SECONDARY. E1 sign is GC-oriented (sequence arms see GC); histone/DNase mark chromatin state.
v2_sensitivity/fantom5_activity_cat_cell_lines,fantom5_activity_cat_cell_lines,v2_sensitivity,regulatory activity,preregistered sensitivity,preregistered,sensitivity,PARTIALLY_RELATED,PARTIALLY_RELATED,INDEPENDENT,MAIN_QUALITY,,,170728,,,,,0.21893387624857158,0.20054807210814135,0.23824187629297575,,,,,,,,,,,0.11651357117749302,0.10143836895239591,0.13180598081323905,,,,,,,,,,,0.019863413811533576,0.012747481708984536,0.028582565679819327,,,,,,,,,,,0.22401922236421448,0.20581343213333556,0.24286701150767112,,,,,,,,"95% percentile bootstrap over 22 chromosome blocks (B=1000, seed 17); coarse by design (frozen protocol sec.0)",,,HAVE,,HAVE,,HAVE,,,,,,,,spearman_all_pairs,Spearman,0.21893387624857158,0.11651357117749302,0.019863413811533576,0.2240192224,"campaign_full_svd256 (4,165 tracks + 23 dense cols)",,,,,,,,,,,,,0.1024203050710785,0.091666874314577,0.1124324425684977,"95% percentile bootstrap over 22 chromosome blocks (B=1000, seed 17); coarse by design (frozen protocol sec.0)",0.199070462437038,0.1778509586380614,0.220695390413537,"95% percentile bootstrap over 22 chromosome blocks (B=1000, seed 17); coarse by design (frozen protocol sec.0)",-0.0050853461156429,-0.0063281848376123,-0.0037970074241972,"95% percentile bootstrap over 22 chromosome blocks (B=1000, seed 17); coarse by design (frozen protocol sec.0)",,,,,,,,,,,,,,,,,,,,,,,,,paired delta CI available (95% paired chromosome-block bootstrap),SECONDARY.
v2_sensitivity/fantom5_activity_cat_primary_cells,fantom5_activity_cat_primary_cells,v2_sensitivity,regulatory activity,preregistered sensitivity,preregistered,sensitivity,PARTIALLY_RELATED,PARTIALLY_RELATED,INDEPENDENT,MAIN_QUALITY,,,170841,,,,,0.20083547182540754,0.18520904553359824,0.2208074462502582,,,,,,,,,,,0.08376006859771373,0.07065296248727071,0.10042055901223017,,,,,,,,,,,0.04319196387879656,0.03413435763513535,0.053577966018735476,,,,,,,,,,,0.20484568166536776,0.18860839870813195,0.22489163780806057,,,,,,,,"95% percentile bootstrap over 22 chromosome blocks (B=1000, seed 17); coarse by design (frozen protocol sec.0)",,,HAVE,,HAVE,,HAVE,,,,,,,,spearman_all_pairs,Spearman,0.20083547182540754,0.08376006859771373,0.04319196387879656,0.2048456817,"campaign_full_svd256 (4,165 tracks + 23 dense cols)",,,,,,,,,,,,,0.1170754032276938,0.1091542370932225,0.1266771931697282,"95% percentile bootstrap over 22 chromosome blocks (B=1000, seed 17); coarse by design (frozen protocol sec.0)",0.1576435079466109,0.1414037204113272,0.1763259186085743,"95% percentile bootstrap over 22 chromosome blocks (B=1000, seed 17); coarse by design (frozen protocol sec.0)",-0.0040102098399602,-0.005238409068745,-0.0025535446416267,"95% percentile bootstrap over 22 chromosome blocks (B=1000, seed 17); coarse by design (frozen protocol sec.0)",,,,,,,,,,,,,,,,,,,,,,,,,paired delta CI available (95% paired chromosome-block bootstrap),SECONDARY.
v2_sensitivity/fantom5_activity_cat_tissues,fantom5_activity_cat_tissues,v2_sensitivity,regulatory activity,preregistered sensitivity,preregistered,sensitivity,PARTIALLY_RELATED,PARTIALLY_RELATED,INDEPENDENT,MAIN_QUALITY,,,170741,,,,,0.3110905113238973,0.2973889254775967,0.3255205744085762,,,,,,,,,,,0.16169905668777534,0.1499855367023176,0.17569348826505024,,,,,,,,,,,0.007602438701511716,-0.00046107435494559707,0.015713753215158343,,,,,,,,,,,0.3119499961177506,0.2978723281484399,0.32703642729633225,,,,,,,,"95% percentile bootstrap over 22 chromosome blocks (B=1000, seed 17); coarse by design (frozen protocol sec.0)",,,HAVE,,HAVE,,HAVE,,,,,,,,spearman_all_pairs,Spearman,0.3110905113238973,0.16169905668777534,0.007602438701511716,0.3119499961,"campaign_full_svd256 (4,165 tracks + 23 dense cols)",,,,,,,,,,,,,0.1493914546361219,0.140318609934826,0.1597556491815642,"95% percentile bootstrap over 22 chromosome blocks (B=1000, seed 17); coarse by design (frozen protocol sec.0)",0.3034880726223856,0.2878304103655087,0.3205946785316492,"95% percentile bootstrap over 22 chromosome blocks (B=1000, seed 17); coarse by design (frozen protocol sec.0)",-0.0008594847938532,-0.002103351121508,0.0001006786103218,"95% percentile bootstrap over 22 chromosome blocks (B=1000, seed 17); coarse by design (frozen protocol sec.0)",,,,,,,,,,,,,,,,,,,,,,,,,paired delta CI available (95% paired chromosome-block bootstrap),SECONDARY.
v2_sensitivity/fantom5_activity_sample_level,fantom5_activity_sample_level,v2_sensitivity,regulatory activity,preregistered sensitivity,preregistered,sensitivity,PARTIALLY_RELATED,PARTIALLY_RELATED,INDEPENDENT,MAIN_QUALITY,,,170841,,,,,0.3126223191460991,0.29662524368086324,0.33227361635272323,,,,,,,,,,,0.15371988668235706,0.13857885365970102,0.17095371975149154,,,,,,,,,,,0.041280024963152334,0.033063018900736596,0.04988119958703111,,,,,,,,,,,0.32097420490099393,0.3047120427798246,0.34085796814608477,,,,,,,,"95% percentile bootstrap over 22 chromosome blocks (B=1000, seed 17); coarse by design (frozen protocol sec.0)",,,HAVE,,HAVE,,HAVE,,,,,,,,spearman_all_pairs,Spearman,0.3126223191460991,0.15371988668235706,0.041280024963152334,0.3209742049,"campaign_full_svd256 (4,165 tracks + 23 dense cols)",,,,,,,,,,,,,0.158902432463742,0.1500838626577279,0.1686238175754056,"95% percentile bootstrap over 22 chromosome blocks (B=1000, seed 17); coarse by design (frozen protocol sec.0)",0.2713422941829467,0.2565731746883712,0.2899115778890917,"95% percentile bootstrap over 22 chromosome blocks (B=1000, seed 17); coarse by design (frozen protocol sec.0)",-0.0083518857548948,-0.0095973916043432,-0.0071812895539718,"95% percentile bootstrap over 22 chromosome blocks (B=1000, seed 17); coarse by design (frozen protocol sec.0)",,,,,,,,,,,,,,,,,,,,,,,,,paired delta CI available (95% paired chromosome-block bootstrap),SECONDARY.
v2_sensitivity/fantom5_membership_N1,fantom5_membership_N1,v2_sensitivity,regulatory activity,preregistered sensitivity,preregistered,sensitivity,PARTIALLY_RELATED,PARTIALLY_RELATED,INDEPENDENT,MAIN_QUALITY,11529,11529,23058,0.833632747615875,0.8262765620205946,0.840069790284336,,,,,,,,,,,0.7009812775998973,0.6929977253751571,0.7109647084478207,,,,,,,,,,,0.623329579962106,0.6113852624563928,0.6352353026458328,,,,,,,,,,,0.8502630057013941,0.8423559833437236,0.8580589647409614,,,,,,,,,,,"95% percentile bootstrap over 22 chromosome blocks (B=1000, seed 17); coarse by design (frozen protocol sec.0)",,,,HAVE,,HAVE,,HAVE,,,,,,,,auroc_oof__N1,AUROC,0.833632747615875,0.7009812775998973,0.623329579962106,0.8502630057,"campaign_full_svd256 (4,165 tracks + 23 dense cols)",0.1326514700159777,0.123609162229821,0.1414562318273252,"95% percentile bootstrap over 22 chromosome blocks (B=1000, seed 17); coarse by design (frozen protocol sec.0)",0.210303167653769,0.1977970724837236,0.2235088437630943,"95% percentile bootstrap over 22 chromosome blocks (B=1000, seed 17); coarse by design (frozen protocol sec.0)",-0.0166302580855191,-0.0200742326773023,-0.012984114647086,"95% percentile bootstrap over 22 chromosome blocks (B=1000, seed 17); coarse by design (frozen protocol sec.0)",,,,,,,,,,,,,,,,,,,,,,,,,,,,,,,,,,,,,paired delta CI available (95% paired chromosome-block bootstrap),PRIMARY. H3K27ac/H3K4me1/DNase/TF ChIP and cCRE enhancers mark the same enhancers (partially related). positive_n/negative_n derived as n/2 (1:1 matched pairs).
v2_sensitivity/fantom5_membership_N10,fantom5_membership_N10,v2_sensitivity,regulatory activity,preregistered sensitivity,preregistered,sensitivity,PARTIALLY_RELATED,PARTIALLY_RELATED,INDEPENDENT,MAIN_QUALITY,9089,9089,18178,0.8617165424961488,0.8540692784051674,0.8692903227010094,,,,,,,,,,,0.7174612477840283,0.709341106827734,0.727697515497225,,,,,,,,,,,0.6293011223191946,0.6167956415815996,0.6424955281942554,,,,,,,,,,,0.8739870965377149,0.8653588229604526,0.8821855719741278,,,,,,,,,,,"95% percentile bootstrap over 22 chromosome blocks (B=1000, seed 17); coarse by design (frozen protocol sec.0)",,,,HAVE,,HAVE,,HAVE,,,,,,,,auroc_oof__N10,AUROC,0.8617165424961488,0.7174612477840283,0.6293011223191946,0.8739870965,"campaign_full_svd256 (4,165 tracks + 23 dense cols)",0.1442552947121205,0.133798814956764,0.1548690384349432,"95% percentile bootstrap over 22 chromosome blocks (B=1000, seed 17); coarse by design (frozen protocol sec.0)",0.2324154201769542,0.2179687148139245,0.2468535969720272,"95% percentile bootstrap over 22 chromosome blocks (B=1000, seed 17); coarse by design (frozen protocol sec.0)",-0.012270554041566,-0.0159154171866302,-0.0087342317187124,"95% percentile bootstrap over 22 chromosome blocks (B=1000, seed 17); coarse by design (frozen protocol sec.0)",,,,,,,,,,,,,,,,,,,,,,,,,,,,,,,,,,,,,paired delta CI available (95% paired chromosome-block bootstrap),PRIMARY. H3K27ac/H3K4me1/DNase/TF ChIP and cCRE enhancers mark the same enhancers (partially related). positive_n/negative_n derived as n/2 (1:1 matched pairs).
v2_sensitivity/fantom5_membership_N20,fantom5_membership_N20,v2_sensitivity,regulatory activity,preregistered sensitivity,preregistered,sensitivity,PARTIALLY_RELATED,PARTIALLY_RELATED,INDEPENDENT,MAIN_QUALITY,7041,7041,14082,0.874247203986971,0.8646185387284051,0.8842249937828317,,,,,,,,,,,0.7235033241399145,0.7126828630004913,0.7358624417602598,,,,,,,,,,,0.630627302931048,0.617474828355445,0.6457245271563238,,,,,,,,,,,0.8870201097187147,0.8767025669815717,0.8971874767401716,,,,,,,,,,,"95% percentile bootstrap over 22 chromosome blocks (B=1000, seed 17); coarse by design (frozen protocol sec.0)",,,,HAVE,,HAVE,,HAVE,,,,,,,,auroc_oof__N20,AUROC,0.874247203986971,0.7235033241399145,0.630627302931048,0.8870201097,"campaign_full_svd256 (4,165 tracks + 23 dense cols)",0.1507438798470565,0.1378378546275852,0.1651912089654294,"95% percentile bootstrap over 22 chromosome blocks (B=1000, seed 17); coarse by design (frozen protocol sec.0)",0.243619901055923,0.2260252493523049,0.2614082521433106,"95% percentile bootstrap over 22 chromosome blocks (B=1000, seed 17); coarse by design (frozen protocol sec.0)",-0.0127729057317437,-0.0157528895726094,-0.0097389195617346,"95% percentile bootstrap over 22 chromosome blocks (B=1000, seed 17); coarse by design (frozen protocol sec.0)",,,,,,,,,,,,,,,,,,,,,,,,,,,,,,,,,,,,,paired delta CI available (95% paired chromosome-block bootstrap),PRIMARY. H3K27ac/H3K4me1/DNase/TF ChIP and cCRE enhancers mark the same enhancers (partially related). positive_n/negative_n derived as n/2 (1:1 matched pairs).
v2_sensitivity/fantom5_membership_N3,fantom5_membership_N3,v2_sensitivity,regulatory activity,preregistered sensitivity,preregistered,sensitivity,PARTIALLY_RELATED,PARTIALLY_RELATED,INDEPENDENT,MAIN_QUALITY,11163,11163,22326,0.8393726037379102,0.8319551726376865,0.8457204459931843,,,,,,,,,,,0.7046474421051379,0.6970306379727202,0.7143403888955866,,,,,,,,,,,0.6245348974387969,0.6129550916273451,0.6363015617569099,,,,,,,,,,,0.8559305121139105,0.8483511131957421,0.8634020005930522,,,,,,,,,,,"95% percentile bootstrap over 22 chromosome blocks (B=1000, seed 17); coarse by design (frozen protocol sec.0)",,,,HAVE,,HAVE,,HAVE,,,,,,,,auroc_oof__N3,AUROC,0.8393726037379102,0.7046474421051379,0.6245348974387969,0.8559305121,"campaign_full_svd256 (4,165 tracks + 23 dense cols)",0.1347251616327723,0.1255865924882016,0.1435780868972433,"95% percentile bootstrap over 22 chromosome blocks (B=1000, seed 17); coarse by design (frozen protocol sec.0)",0.2148377062991133,0.202405611713948,0.2273377196634904,"95% percentile bootstrap over 22 chromosome blocks (B=1000, seed 17); coarse by design (frozen protocol sec.0)",-0.0165579083760002,-0.0200173773100839,-0.0128741874283777,"95% percentile bootstrap over 22 chromosome blocks (B=1000, seed 17); coarse by design (frozen protocol sec.0)",,,,,,,,,,,,,,,,,,,,,,,,,,,,,,,,,,,,,paired delta CI available (95% paired chromosome-block bootstrap),PRIMARY. H3K27ac/H3K4me1/DNase/TF ChIP and cCRE enhancers mark the same enhancers (partially related). positive_n/negative_n derived as n/2 (1:1 matched pairs).
v2_sensitivity/loyfer_drop_single_sample_groups,loyfer_drop_single_sample_groups,v2_sensitivity,methylation program,preregistered sensitivity,preregistered,sensitivity,INDEPENDENT,INDEPENDENT,INDEPENDENT,MAIN_QUALITY,,,231807,,,,,-0.06851970978115418,-0.07770933540784397,-0.059242499799284906,,,,,,,,,,,0.11018134603932012,0.10453208549544354,0.11625733294251814,,,,,,,,,,,0.11805806485167294,0.1109089138219367,0.12478557029908945,,,,,,,,,,,-0.04384650992495126,-0.05117122409353021,-0.03578230068483451,,,,,,,,"95% percentile bootstrap over 22 chromosome blocks (B=1000, seed 17); coarse by design (frozen protocol sec.0)",,,HAVE,,HAVE,,HAVE,,,,,,,,spearman_pooled_gt1Mb_inter_eqw,Spearman,-0.06851970978115418,0.11018134603932012,0.11805806485167294,-0.04384650992,"campaign_full_svd256 (4,165 tracks + 23 dense cols)",,,,,,,,,,,,,-0.1787010558204743,-0.1916545778396209,-0.1670565887304116,"95% percentile bootstrap over 22 chromosome blocks (B=1000, seed 17); coarse by design (frozen protocol sec.0)",-0.1865777746328271,-0.2019511857645722,-0.1718273922466709,"95% percentile bootstrap over 22 chromosome blocks (B=1000, seed 17); coarse by design (frozen protocol sec.0)",-0.0246731998562029,-0.0283440722362267,-0.0213455520854338,"95% percentile bootstrap over 22 chromosome blocks (B=1000, seed 17); coarse by design (frozen protocol sec.0)",,,,,,,,,,,,,,,,,,,,,,,,,paired delta CI available (95% paired chromosome-block bootstrap),Primary endpoint. Candidate and legacy functional are NEGATIVE (rank below zero) at the primary pooled stat; sequence arms are positive. cpgpt_large_locus is methylation-supervised (provenance_outcome=DIRECT_METHYLATION_SUPERVISION in exploratory_posthoc_loyfer/interpretation_ABC.json). 849 all-zero candidate rows excluded for all arms (union rule).
v2_sensitivity/loyfer_mask_lenient,loyfer_mask_lenient,v2_sensitivity,methylation program,preregistered sensitivity,preregistered,sensitivity,INDEPENDENT,INDEPENDENT,INDEPENDENT,MAIN_QUALITY,,,232194,,,,,-0.06344814696180649,-0.07315141733708655,-0.054106352482887865,,,,,,,,,,,0.10722814030271319,0.10197772074999682,0.1128888231033401,,,,,,,,,,,0.11644395679178421,0.1087799264527341,0.12331507820133965,,,,,,,,,,,-0.03864751468944066,-0.046539788522618114,-0.03042505306284016,,,,,,,,"95% percentile bootstrap over 22 chromosome blocks (B=1000, seed 17); coarse by design (frozen protocol sec.0)",,,HAVE,,HAVE,,HAVE,,,,,,,,spearman_pooled_gt1Mb_inter_eqw,Spearman,-0.06344814696180649,0.10722814030271319,0.11644395679178421,-0.03864751469,"campaign_full_svd256 (4,165 tracks + 23 dense cols)",,,,,,,,,,,,,-0.1706762872645196,-0.1826474416092695,-0.1591850345529004,"95% percentile bootstrap over 22 chromosome blocks (B=1000, seed 17); coarse by design (frozen protocol sec.0)",-0.1798921037535907,-0.195114116403112,-0.1637234871853074,"95% percentile bootstrap over 22 chromosome blocks (B=1000, seed 17); coarse by design (frozen protocol sec.0)",-0.0248006322723658,-0.0285844707453491,-0.0214123725750566,"95% percentile bootstrap over 22 chromosome blocks (B=1000, seed 17); coarse by design (frozen protocol sec.0)",,,,,,,,,,,,,,,,,,,,,,,,,paired delta CI available (95% paired chromosome-block bootstrap),Primary endpoint. Candidate and legacy functional are NEGATIVE (rank below zero) at the primary pooled stat; sequence arms are positive. cpgpt_large_locus is methylation-supervised (provenance_outcome=DIRECT_METHYLATION_SUPERVISION in exploratory_posthoc_loyfer/interpretation_ABC.json). 849 all-zero candidate rows excluded for all arms (union rule).
