task_id,task_name,suite,probe_kind,biological_family,status,endpoint_class,preregistered,representations_tested,coverage_cand,coverage_cpgpt,coverage_deepcpg,headline_metric,positive_n,negative_n,n_items,prevalence_in_probe_set,auprc_reported,set_raw_size,set_fraction_in_universe,negatives,chromosome_matching,context_matching,probe_type_matching,gc_tss_matching,hyperparameter_selection,tuning_on_eval_labels,split_strategy,locus_leakage_checks,patient_derived_data_in_labels,patient_derived_data_in_representation,source_cohort_overlap_with_training,overlap_with_other_sets,duplicates,representation_specific_advantages,ci_present,ci_definition,circularity_vs_candidate,circularity_vs_functional_legacy,circularity_vs_sequence,rigor_grade,rigor_reasons,problems
encode_co_methylation/far_neighbour_correlation,co_methylation_far_neighbours,encode_co_methylation,methylation program (held-out patients),methylation program,discovery-campaign,campaign_confirm,no,add/assay/Histone ChIP-seq;context_only;fm/cpgpt_locus_large;full,PROXY_VARIANT_ONLY,PROXY_VARIANT_ONLY,MISSING,correlation_gap,2500,2498,2500,,no,,,matched reference CpG per neighbour,,,,,none (no model),no,evaluation on held-out patients (patient list in the json); no training,held-out patients (independence recorded in json); far neighbours >=1 Mb or other chromosome,yes at evaluation: held-out patients' betas define correlations (not inputs to representations),no for all panel arms (patient-agnostic stores; cpgpt/deepcpg pretrained externally),not applicable (external assay target),,,,no,,INDEPENDENT,INDEPENDENT,INDEPENDENT,SUPPLEMENTARY_ONLY,"no CI; derived mean from per-pair CSV; only campaign arms (histone+context proxy, compact CpGPT-256); no DeepCpG, no native CpGPT-512","no CI; derived mean from per-pair CSV; only campaign arms (histone+context proxy, compact CpGPT-256); no DeepCpG, no native CpGPT-512"
encode_ewas_matched_single_draw/ewas_atlas_colorectal_cancer,ewas_atlas_colorectal_cancer,encode_ewas_matched_single_draw,disease/EWAS,disease/pathology,discovery-campaign,campaign_single_draw,no,add/assay/Histone ChIP-seq;context_only;fm/cpgpt_locus_large;full,PROXY_VARIANT_ONLY,PROXY_VARIANT_ONLY,MISSING,AUROC,2000,2000,4000,0.5,yes (matched-sample prevalence 0.5),8894,0.88037,"1:1 unlisted CpG from the same stratum (<=2,000 pairs); unlisted != unassociated; negatives may belong to other EWAS sets",yes (exact),yes (island/shore/shelf/open sea; gene region; core-breadth decile),no (balance reported in probe_type_balance.csv),no (GC and TSS distance not matched; gene region + breadth decile only),"none: fixed LogisticRegression C=1, scaler fit on train folds only",no,GroupKFold(5) by chromosome; pooled out-of-fold score,GroupKFold by chromosome; pairs resampled within chromosome in the bootstrap; matching never uses embeddings,no (annotation/assay target),no for all panel arms (patient-agnostic stores; cpgpt/deepcpg pretrained externally),EWAS source cohorts / TCGA overlap NOT documented,max overlap partner ewas_catalog_bmi: 994 CpGs (12.7% of this set),no duplicate CpGs within set (verified),"matching strata (context, gene region, breadth) are inputs of the legacy functional store and context_only arm, not of regulatory_histone_dnase_v1 or sequence arms; native dims 512/128 vs 256",no,,INDEPENDENT,INDEPENDENT,INDEPENDENT,SUPPLEMENTARY_ONLY,"only campaign proxies (histone+context arm, compact CpGPT-256); native CpGPT-512 and DeepCpG missing; single matching draw, no CI; AUPRC on matched sample (baseline 0.5); GC / TSS distance unmatched","only campaign proxies (histone+context arm, compact CpGPT-256); native CpGPT-512 and DeepCpG missing; single matching draw, no CI; AUPRC on matched sample (baseline 0.5); GC / TSS distance unmatched"
encode_ewas_matched_single_draw/ewas_atlas_prostate_cancer,ewas_atlas_prostate_cancer,encode_ewas_matched_single_draw,disease/EWAS,disease/pathology,discovery-campaign,campaign_single_draw,no,add/assay/Histone ChIP-seq;context_only;fm/cpgpt_locus_large;full,PROXY_VARIANT_ONLY,PROXY_VARIANT_ONLY,MISSING,AUROC,2000,2000,4000,0.5,yes (matched-sample prevalence 0.5),8170,0.93794,"1:1 unlisted CpG from the same stratum (<=2,000 pairs); unlisted != unassociated; negatives may belong to other EWAS sets",yes (exact),yes (island/shore/shelf/open sea; gene region; core-breadth decile),no (balance reported in probe_type_balance.csv),no (GC and TSS distance not matched; gene region + breadth decile only),"none: fixed LogisticRegression C=1, scaler fit on train folds only",no,GroupKFold(5) by chromosome; pooled out-of-fold score,GroupKFold by chromosome; pairs resampled within chromosome in the bootstrap; matching never uses embeddings,no (annotation/assay target),no for all panel arms (patient-agnostic stores; cpgpt/deepcpg pretrained externally),EWAS source cohorts / TCGA overlap NOT documented,max overlap partner ewas_catalog_bmi: 937 CpGs (12.2% of this set),no duplicate CpGs within set (verified),"matching strata (context, gene region, breadth) are inputs of the legacy functional store and context_only arm, not of regulatory_histone_dnase_v1 or sequence arms; native dims 512/128 vs 256",no,,INDEPENDENT,INDEPENDENT,INDEPENDENT,SUPPLEMENTARY_ONLY,"only campaign proxies (histone+context arm, compact CpGPT-256); native CpGPT-512 and DeepCpG missing; single matching draw, no CI; AUPRC on matched sample (baseline 0.5); GC / TSS distance unmatched","only campaign proxies (histone+context arm, compact CpGPT-256); native CpGPT-512 and DeepCpG missing; single matching draw, no CI; AUPRC on matched sample (baseline 0.5); GC / TSS distance unmatched"
encode_ewas_matched_single_draw/ewas_catalog_age,ewas_catalog_age,encode_ewas_matched_single_draw,age/clock,aging,discovery-campaign,campaign_single_draw,no,add/assay/Histone ChIP-seq;context_only;fm/cpgpt_locus_large;full,PROXY_VARIANT_ONLY,PROXY_VARIANT_ONLY,MISSING,AUROC,2000,2000,4000,0.5,yes (matched-sample prevalence 0.5),300698,0.0073,"1:1 unlisted CpG from the same stratum (<=2,000 pairs); unlisted != unassociated; negatives may belong to other EWAS sets",yes (exact),yes (island/shore/shelf/open sea; gene region; core-breadth decile),no (balance reported in probe_type_balance.csv),no (GC and TSS distance not matched; gene region + breadth decile only),"none: fixed LogisticRegression C=1, scaler fit on train folds only",no,GroupKFold(5) by chromosome; pooled out-of-fold score,GroupKFold by chromosome; pairs resampled within chromosome in the bootstrap; matching never uses embeddings,no (annotation/assay target),no for all panel arms (patient-agnostic stores; cpgpt/deepcpg pretrained externally),EWAS source cohorts / TCGA overlap NOT documented,max overlap partner ewas_catalog_rheumatoid_arthritis: 147 CpGs (6.7% of this set),no duplicate CpGs within set (verified),"matching strata (context, gene region, breadth) are inputs of the legacy functional store and context_only arm, not of regulatory_histone_dnase_v1 or sequence arms; native dims 512/128 vs 256",no,,INDEPENDENT,INDEPENDENT,INDEPENDENT,SUPPLEMENTARY_ONLY,"only campaign proxies (histone+context arm, compact CpGPT-256); native CpGPT-512 and DeepCpG missing; single matching draw, no CI; AUPRC on matched sample (baseline 0.5); GC / TSS distance unmatched","only campaign proxies (histone+context arm, compact CpGPT-256); native CpGPT-512 and DeepCpG missing; single matching draw, no CI; AUPRC on matched sample (baseline 0.5); GC / TSS distance unmatched"
encode_ewas_matched_single_draw/ewas_catalog_bmi,ewas_catalog_bmi,encode_ewas_matched_single_draw,exposure (smoking/BMI),environmental exposure,discovery-campaign,campaign_single_draw,no,add/assay/Histone ChIP-seq;context_only;fm/cpgpt_locus_large;full,PROXY_VARIANT_ONLY,PROXY_VARIANT_ONLY,MISSING,AUROC,2000,2000,4000,0.5,yes (matched-sample prevalence 0.5),67815,0.35671,"1:1 unlisted CpG from the same stratum (<=2,000 pairs); unlisted != unassociated; negatives may belong to other EWAS sets",yes (exact),yes (island/shore/shelf/open sea; gene region; core-breadth decile),no (balance reported in probe_type_balance.csv),no (GC and TSS distance not matched; gene region + breadth decile only),"none: fixed LogisticRegression C=1, scaler fit on train folds only",no,GroupKFold(5) by chromosome; pooled out-of-fold score,GroupKFold by chromosome; pairs resampled within chromosome in the bootstrap; matching never uses embeddings,no (annotation/assay target),no for all panel arms (patient-agnostic stores; cpgpt/deepcpg pretrained externally),EWAS source cohorts / TCGA overlap NOT documented,max overlap partner ewas_catalog_smoking: 2082 CpGs (8.6% of this set),no duplicate CpGs within set (verified),"matching strata (context, gene region, breadth) are inputs of the legacy functional store and context_only arm, not of regulatory_histone_dnase_v1 or sequence arms; native dims 512/128 vs 256",no,,INDEPENDENT,INDEPENDENT,INDEPENDENT,SUPPLEMENTARY_ONLY,"only campaign proxies (histone+context arm, compact CpGPT-256); native CpGPT-512 and DeepCpG missing; single matching draw, no CI; AUPRC on matched sample (baseline 0.5); GC / TSS distance unmatched","only campaign proxies (histone+context arm, compact CpGPT-256); native CpGPT-512 and DeepCpG missing; single matching draw, no CI; AUPRC on matched sample (baseline 0.5); GC / TSS distance unmatched"
encode_ewas_matched_single_draw/ewas_catalog_breast_cancer,ewas_catalog_breast_cancer,encode_ewas_matched_single_draw,disease/EWAS,disease/pathology,discovery-campaign,campaign_single_draw,no,add/assay/Histone ChIP-seq;context_only;fm/cpgpt_locus_large;full,PROXY_VARIANT_ONLY,PROXY_VARIANT_ONLY,MISSING,AUROC,502,502,1004,0.5,yes (matched-sample prevalence 0.5),570,0.8807,"1:1 unlisted CpG from the same stratum (<=2,000 pairs); unlisted != unassociated; negatives may belong to other EWAS sets",yes (exact),yes (island/shore/shelf/open sea; gene region; core-breadth decile),no (balance reported in probe_type_balance.csv),no (GC and TSS distance not matched; gene region + breadth decile only),"none: fixed LogisticRegression C=1, scaler fit on train folds only",no,GroupKFold(5) by chromosome; pooled out-of-fold score,GroupKFold by chromosome; pairs resampled within chromosome in the bootstrap; matching never uses embeddings,no (annotation/assay target),no for all panel arms (patient-agnostic stores; cpgpt/deepcpg pretrained externally),EWAS source cohorts / TCGA overlap NOT documented,max overlap partner ewas_catalog_bmi: 20 CpGs (4.0% of this set),no duplicate CpGs within set (verified),"matching strata (context, gene region, breadth) are inputs of the legacy functional store and context_only arm, not of regulatory_histone_dnase_v1 or sequence arms; native dims 512/128 vs 256",no,,INDEPENDENT,INDEPENDENT,INDEPENDENT,SUPPLEMENTARY_ONLY,"only campaign proxies (histone+context arm, compact CpGPT-256); native CpGPT-512 and DeepCpG missing; single matching draw, no CI; AUPRC on matched sample (baseline 0.5); GC / TSS distance unmatched","only campaign proxies (histone+context arm, compact CpGPT-256); native CpGPT-512 and DeepCpG missing; single matching draw, no CI; AUPRC on matched sample (baseline 0.5); GC / TSS distance unmatched"
encode_ewas_matched_single_draw/ewas_catalog_lung_cancer,ewas_catalog_lung_cancer,encode_ewas_matched_single_draw,disease/EWAS,disease/pathology,discovery-campaign,campaign_single_draw,no,add/assay/Histone ChIP-seq;context_only;fm/cpgpt_locus_large;full,PROXY_VARIANT_ONLY,PROXY_VARIANT_ONLY,MISSING,AUROC,241,241,482,0.5,yes (matched-sample prevalence 0.5),510,0.47451,"1:1 unlisted CpG from the same stratum (<=2,000 pairs); unlisted != unassociated; negatives may belong to other EWAS sets",yes (exact),yes (island/shore/shelf/open sea; gene region; core-breadth decile),no (balance reported in probe_type_balance.csv),no (GC and TSS distance not matched; gene region + breadth decile only),"none: fixed LogisticRegression C=1, scaler fit on train folds only",no,GroupKFold(5) by chromosome; pooled out-of-fold score,GroupKFold by chromosome; pairs resampled within chromosome in the bootstrap; matching never uses embeddings,no (annotation/assay target),no for all panel arms (patient-agnostic stores; cpgpt/deepcpg pretrained externally),EWAS source cohorts / TCGA overlap NOT documented,max overlap partner ewas_catalog_smoking: 225 CpGs (93.0% of this set),no duplicate CpGs within set (verified),"matching strata (context, gene region, breadth) are inputs of the legacy functional store and context_only arm, not of regulatory_histone_dnase_v1 or sequence arms; native dims 512/128 vs 256",no,,INDEPENDENT,INDEPENDENT,INDEPENDENT,SUPPLEMENTARY_ONLY,"only campaign proxies (histone+context arm, compact CpGPT-256); native CpGPT-512 and DeepCpG missing; single matching draw, no CI; AUPRC on matched sample (baseline 0.5); GC / TSS distance unmatched","only campaign proxies (histone+context arm, compact CpGPT-256); native CpGPT-512 and DeepCpG missing; single matching draw, no CI; AUPRC on matched sample (baseline 0.5); GC / TSS distance unmatched"
encode_ewas_matched_single_draw/ewas_catalog_rheumatoid_arthritis,ewas_catalog_rheumatoid_arthritis,encode_ewas_matched_single_draw,disease/EWAS,disease/pathology,discovery-campaign,campaign_single_draw,no,add/assay/Histone ChIP-seq;context_only;fm/cpgpt_locus_large;full,PROXY_VARIANT_ONLY,PROXY_VARIANT_ONLY,MISSING,AUROC,238,238,476,0.5,yes (matched-sample prevalence 0.5),47956,0.00496,"1:1 unlisted CpG from the same stratum (<=2,000 pairs); unlisted != unassociated; negatives may belong to other EWAS sets",yes (exact),yes (island/shore/shelf/open sea; gene region; core-breadth decile),no (balance reported in probe_type_balance.csv),no (GC and TSS distance not matched; gene region + breadth decile only),"none: fixed LogisticRegression C=1, scaler fit on train folds only",no,GroupKFold(5) by chromosome; pooled out-of-fold score,GroupKFold by chromosome; pairs resampled within chromosome in the bootstrap; matching never uses embeddings,no (annotation/assay target),no for all panel arms (patient-agnostic stores; cpgpt/deepcpg pretrained externally),EWAS source cohorts / TCGA overlap NOT documented; RA set includes GSE42861 (external disease cohort) by design,max overlap partner ewas_catalog_age: 147 CpGs (61.8% of this set),no duplicate CpGs within set (verified),"matching strata (context, gene region, breadth) are inputs of the legacy functional store and context_only arm, not of regulatory_histone_dnase_v1 or sequence arms; native dims 512/128 vs 256",no,,INDEPENDENT,INDEPENDENT,INDEPENDENT,SUPPLEMENTARY_ONLY,"only campaign proxies (histone+context arm, compact CpGPT-256); native CpGPT-512 and DeepCpG missing; single matching draw, no CI; AUPRC on matched sample (baseline 0.5); GC / TSS distance unmatched","only campaign proxies (histone+context arm, compact CpGPT-256); native CpGPT-512 and DeepCpG missing; single matching draw, no CI; AUPRC on matched sample (baseline 0.5); GC / TSS distance unmatched"
encode_ewas_matched_single_draw/ewas_catalog_sle,ewas_catalog_sle,encode_ewas_matched_single_draw,disease/EWAS,disease/pathology,discovery-campaign,campaign_single_draw,no,add/assay/Histone ChIP-seq;context_only;fm/cpgpt_locus_large;full,PROXY_VARIANT_ONLY,PROXY_VARIANT_ONLY,MISSING,AUROC,139,139,278,0.5,yes (matched-sample prevalence 0.5),309,0.44984,"1:1 unlisted CpG from the same stratum (<=2,000 pairs); unlisted != unassociated; negatives may belong to other EWAS sets",yes (exact),yes (island/shore/shelf/open sea; gene region; core-breadth decile),no (balance reported in probe_type_balance.csv),no (GC and TSS distance not matched; gene region + breadth decile only),"none: fixed LogisticRegression C=1, scaler fit on train folds only",no,GroupKFold(5) by chromosome; pooled out-of-fold score,GroupKFold by chromosome; pairs resampled within chromosome in the bootstrap; matching never uses embeddings,no (annotation/assay target),no for all panel arms (patient-agnostic stores; cpgpt/deepcpg pretrained externally),EWAS source cohorts / TCGA overlap NOT documented,max overlap partner ewas_catalog_smoking: 23 CpGs (16.5% of this set),no duplicate CpGs within set (verified),"matching strata (context, gene region, breadth) are inputs of the legacy functional store and context_only arm, not of regulatory_histone_dnase_v1 or sequence arms; native dims 512/128 vs 256",no,,INDEPENDENT,INDEPENDENT,INDEPENDENT,SUPPLEMENTARY_ONLY,"only campaign proxies (histone+context arm, compact CpGPT-256); native CpGPT-512 and DeepCpG missing; single matching draw, no CI; small matched set (139 pairs): wide CIs; AUPRC on matched sample (baseline 0.5); GC / TSS distance unmatched","only campaign proxies (histone+context arm, compact CpGPT-256); native CpGPT-512 and DeepCpG missing; single matching draw, no CI; small matched set (139 pairs): wide CIs; AUPRC on matched sample (baseline 0.5); GC / TSS distance unmatched"
encode_ewas_matched_single_draw/ewas_catalog_smoking,ewas_catalog_smoking,encode_ewas_matched_single_draw,exposure (smoking/BMI),environmental exposure,discovery-campaign,campaign_single_draw,no,add/assay/Histone ChIP-seq;context_only;fm/cpgpt_locus_large;full,PROXY_VARIANT_ONLY,PROXY_VARIANT_ONLY,MISSING,AUROC,2000,2000,4000,0.5,yes (matched-sample prevalence 0.5),9109,0.86607,"1:1 unlisted CpG from the same stratum (<=2,000 pairs); unlisted != unassociated; negatives may belong to other EWAS sets",yes (exact),yes (island/shore/shelf/open sea; gene region; core-breadth decile),no (balance reported in probe_type_balance.csv),no (GC and TSS distance not matched; gene region + breadth decile only),"none: fixed LogisticRegression C=1, scaler fit on train folds only",no,GroupKFold(5) by chromosome; pooled out-of-fold score,GroupKFold by chromosome; pairs resampled within chromosome in the bootstrap; matching never uses embeddings,no (annotation/assay target),no for all panel arms (patient-agnostic stores; cpgpt/deepcpg pretrained externally),EWAS source cohorts / TCGA overlap NOT documented,max overlap partner ewas_catalog_bmi: 2082 CpGs (26.4% of this set),no duplicate CpGs within set (verified),"matching strata (context, gene region, breadth) are inputs of the legacy functional store and context_only arm, not of regulatory_histone_dnase_v1 or sequence arms; native dims 512/128 vs 256",no,,INDEPENDENT,INDEPENDENT,INDEPENDENT,SUPPLEMENTARY_ONLY,"only campaign proxies (histone+context arm, compact CpGPT-256); native CpGPT-512 and DeepCpG missing; single matching draw, no CI; AUPRC on matched sample (baseline 0.5); GC / TSS distance unmatched","only campaign proxies (histone+context arm, compact CpGPT-256); native CpGPT-512 and DeepCpG missing; single matching draw, no CI; AUPRC on matched sample (baseline 0.5); GC / TSS distance unmatched"
encode_ewas_matched_single_draw/ewas_catalog_type2_diabetes,ewas_catalog_type2_diabetes,encode_ewas_matched_single_draw,disease/EWAS,disease/pathology,discovery-campaign,campaign_single_draw,no,add/assay/Histone ChIP-seq;context_only;fm/cpgpt_locus_large;full,PROXY_VARIANT_ONLY,PROXY_VARIANT_ONLY,MISSING,AUROC,70,70,140,0.5,yes (matched-sample prevalence 0.5),76,0.93421,"1:1 unlisted CpG from the same stratum (<=2,000 pairs); unlisted != unassociated; negatives may belong to other EWAS sets",yes (exact),yes (island/shore/shelf/open sea; gene region; core-breadth decile),no (balance reported in probe_type_balance.csv),no (GC and TSS distance not matched; gene region + breadth decile only),"none: fixed LogisticRegression C=1, scaler fit on train folds only",no,GroupKFold(5) by chromosome; pooled out-of-fold score,GroupKFold by chromosome; pairs resampled within chromosome in the bootstrap; matching never uses embeddings,no (annotation/assay target),no for all panel arms (patient-agnostic stores; cpgpt/deepcpg pretrained externally),EWAS source cohorts / TCGA overlap NOT documented,max overlap partner ewas_catalog_bmi: 65 CpGs (91.5% of this set),no duplicate CpGs within set (verified),"matching strata (context, gene region, breadth) are inputs of the legacy functional store and context_only arm, not of regulatory_histone_dnase_v1 or sequence arms; native dims 512/128 vs 256",no,,INDEPENDENT,INDEPENDENT,INDEPENDENT,SUPPLEMENTARY_ONLY,"only campaign proxies (histone+context arm, compact CpGPT-256); native CpGPT-512 and DeepCpG missing; single matching draw, no CI; small matched set (70 pairs): wide CIs; AUPRC on matched sample (baseline 0.5); GC / TSS distance unmatched","only campaign proxies (histone+context arm, compact CpGPT-256); native CpGPT-512 and DeepCpG missing; single matching draw, no CI; small matched set (70 pairs): wide CIs; AUPRC on matched sample (baseline 0.5); GC / TSS distance unmatched"
encode_ewas_matched_single_draw/hannum_clock,hannum_clock,encode_ewas_matched_single_draw,age/clock,aging,discovery-campaign,campaign_single_draw,no,add/assay/Histone ChIP-seq;context_only;fm/cpgpt_locus_large;full,PROXY_VARIANT_ONLY,PROXY_VARIANT_ONLY,MISSING,AUROC,64,64,128,0.5,yes (matched-sample prevalence 0.5),71,0.90141,"1:1 unlisted CpG from the same stratum (<=2,000 pairs); unlisted != unassociated; negatives may belong to other EWAS sets",yes (exact),yes (island/shore/shelf/open sea; gene region; core-breadth decile),no (balance reported in probe_type_balance.csv),no (GC and TSS distance not matched; gene region + breadth decile only),"none: fixed LogisticRegression C=1, scaler fit on train folds only",no,GroupKFold(5) by chromosome; pooled out-of-fold score,GroupKFold by chromosome; pairs resampled within chromosome in the bootstrap; matching never uses embeddings,no (annotation/assay target),no for all panel arms (patient-agnostic stores; cpgpt/deepcpg pretrained externally),EWAS source cohorts / TCGA overlap NOT documented,max overlap partner ewas_catalog_bmi: 15 CpGs (23.4% of this set),no duplicate CpGs within set (verified),"matching strata (context, gene region, breadth) are inputs of the legacy functional store and context_only arm, not of regulatory_histone_dnase_v1 or sequence arms; native dims 512/128 vs 256",no,,INDEPENDENT,INDEPENDENT,INDEPENDENT,SUPPLEMENTARY_ONLY,"only campaign proxies (histone+context arm, compact CpGPT-256); native CpGPT-512 and DeepCpG missing; single matching draw, no CI; small matched set (64 pairs): wide CIs; AUPRC on matched sample (baseline 0.5); GC / TSS distance unmatched; tiny positive set; clock CpGs selected by elastic net on blood/pan-tissue 450K data","only campaign proxies (histone+context arm, compact CpGPT-256); native CpGPT-512 and DeepCpG missing; single matching draw, no CI; small matched set (64 pairs): wide CIs; AUPRC on matched sample (baseline 0.5); GC / TSS distance unmatched; tiny positive set; clock CpGs selected by elastic net on blood/pan-tissue 450K data"
encode_ewas_matched_single_draw/horvath_clock,horvath_clock,encode_ewas_matched_single_draw,age/clock,aging,discovery-campaign,campaign_single_draw,no,add/assay/Histone ChIP-seq;context_only;fm/cpgpt_locus_large;full,PROXY_VARIANT_ONLY,PROXY_VARIANT_ONLY,MISSING,AUROC,344,344,688,0.5,yes (matched-sample prevalence 0.5),353,0.9745,"1:1 unlisted CpG from the same stratum (<=2,000 pairs); unlisted != unassociated; negatives may belong to other EWAS sets",yes (exact),yes (island/shore/shelf/open sea; gene region; core-breadth decile),no (balance reported in probe_type_balance.csv),no (GC and TSS distance not matched; gene region + breadth decile only),"none: fixed LogisticRegression C=1, scaler fit on train folds only",no,GroupKFold(5) by chromosome; pooled out-of-fold score,GroupKFold by chromosome; pairs resampled within chromosome in the bootstrap; matching never uses embeddings,no (annotation/assay target),no for all panel arms (patient-agnostic stores; cpgpt/deepcpg pretrained externally),EWAS source cohorts / TCGA overlap NOT documented,max overlap partner phenoage_clock: 40 CpGs (11.6% of this set),no duplicate CpGs within set (verified),"matching strata (context, gene region, breadth) are inputs of the legacy functional store and context_only arm, not of regulatory_histone_dnase_v1 or sequence arms; native dims 512/128 vs 256",no,,INDEPENDENT,INDEPENDENT,INDEPENDENT,SUPPLEMENTARY_ONLY,"only campaign proxies (histone+context arm, compact CpGPT-256); native CpGPT-512 and DeepCpG missing; single matching draw, no CI; AUPRC on matched sample (baseline 0.5); GC / TSS distance unmatched; tiny positive set; clock CpGs selected by elastic net on blood/pan-tissue 450K data","only campaign proxies (histone+context arm, compact CpGPT-256); native CpGPT-512 and DeepCpG missing; single matching draw, no CI; AUPRC on matched sample (baseline 0.5); GC / TSS distance unmatched; tiny positive set; clock CpGs selected by elastic net on blood/pan-tissue 450K data"
encode_ewas_matched_single_draw/phenoage_clock,phenoage_clock,encode_ewas_matched_single_draw,age/clock,aging,discovery-campaign,campaign_single_draw,no,add/assay/Histone ChIP-seq;context_only;fm/cpgpt_locus_large;full,PROXY_VARIANT_ONLY,PROXY_VARIANT_ONLY,MISSING,AUROC,498,498,996,0.5,yes (matched-sample prevalence 0.5),513,0.97076,"1:1 unlisted CpG from the same stratum (<=2,000 pairs); unlisted != unassociated; negatives may belong to other EWAS sets",yes (exact),yes (island/shore/shelf/open sea; gene region; core-breadth decile),no (balance reported in probe_type_balance.csv),no (GC and TSS distance not matched; gene region + breadth decile only),"none: fixed LogisticRegression C=1, scaler fit on train folds only",no,GroupKFold(5) by chromosome; pooled out-of-fold score,GroupKFold by chromosome; pairs resampled within chromosome in the bootstrap; matching never uses embeddings,no (annotation/assay target),no for all panel arms (patient-agnostic stores; cpgpt/deepcpg pretrained externally),EWAS source cohorts / TCGA overlap NOT documented,max overlap partner horvath_clock: 40 CpGs (8.0% of this set),no duplicate CpGs within set (verified),"matching strata (context, gene region, breadth) are inputs of the legacy functional store and context_only arm, not of regulatory_histone_dnase_v1 or sequence arms; native dims 512/128 vs 256",no,,INDEPENDENT,INDEPENDENT,INDEPENDENT,SUPPLEMENTARY_ONLY,"only campaign proxies (histone+context arm, compact CpGPT-256); native CpGPT-512 and DeepCpG missing; single matching draw, no CI; AUPRC on matched sample (baseline 0.5); GC / TSS distance unmatched; tiny positive set; clock CpGs selected by elastic net on blood/pan-tissue 450K data","only campaign proxies (histone+context arm, compact CpGPT-256); native CpGPT-512 and DeepCpG missing; single matching draw, no CI; AUPRC on matched sample (baseline 0.5); GC / TSS distance unmatched; tiny positive set; clock CpGs selected by elastic net on blood/pan-tissue 450K data"
encode_exp2_decodability/mean_beta,mean_beta_decodability,encode_exp2_decodability,methylation program (patient-derived label),methylation program,discovery-campaign,campaign_followup,no,Context-only;CpGPT-large compacted-256;CpGPT-large native-512;DeepCpG campaign-256 (std+pad);DeepCpG native-128;Functional-128;Functional-256;raw::Breadth (dense 18-22) | alone;raw::Breadth (dense 18-22) | plus_context;raw::Context (18 dense) | alone;raw::Context (18 dense) | plus_context;raw::DNase | alone;raw::DNase | plus_context;raw::Full raw (4165 tracks + 23 dense) | alone;raw::Full raw (4165 tracks + 23 dense) | plus_context;raw::H3K4me3 | alone;raw::H3K4me3 | plus_context;raw::Histone | alone;raw::Histone | plus_context;raw::TF | alone;raw::TF | plus_context,PROXY_VARIANT_ONLY,HAVE,HAVE,R2,,,11929,,no,,,n/a (regression),,,,,ridge alpha by inner chromosome CV on train chromosomes,no,"nested chromosome CV: outer GroupKFold(5) by chromosome, inner GroupKFold(3)",nested chromosome CV,YES: target = mean beta over benchmark DISCOVERY (training) patients (label only),no for all panel arms (patient-agnostic stores; cpgpt/deepcpg pretrained externally),target IS computed on the benchmark training cohort (TCGA discovery patients),,,"raw feature subsets and functional store contain track features correlated with methylation; 11,929 loci only",yes,95% percentile chromosome-block bootstrap (B recorded in exp2 script; see scripts/followup/exp2_decodability.py),INDEPENDENT,INDEPENDENT,INDEPENDENT,SUPPLEMENTARY_ONLY,"regulatory_histone_dnase_v1 MISSING (only raw histone-only proxy); label derived from training patients; 11,929/408,399 loci","regulatory_histone_dnase_v1 MISSING (only raw histone-only proxy); label derived from training patients; 11,929/408,399 loci"
encode_exp5_base/ewas_atlas_colorectal_cancer,ewas_atlas_colorectal_cancer,encode_exp5_base,disease/EWAS,disease/pathology,discovery-campaign,campaign_robustness,no,context_only_256;cpgpt_large_native512;cpgpt_large_svd256;deepcpg_hcc_native128;deepcpg_hcc_pad256;functional_256,MISSING,HAVE,HAVE,AUROC,2000,2000,4000,0.5,no,8894,0.88037,"1:1 unlisted CpG from the same stratum (<=2,000 pairs); unlisted != unassociated; negatives may belong to other EWAS sets",yes (exact),yes (island/shore/shelf/open sea; gene region; core-breadth decile),no (balance reported in probe_type_balance.csv),no (GC and TSS distance not matched; gene region + breadth decile only),"none: fixed LogisticRegression C=1, scaler fit on train folds only",no,GroupKFold(5) by chromosome; pooled out-of-fold AUC,GroupKFold by chromosome; pairs resampled within chromosome in the bootstrap; matching never uses embeddings,no (annotation/assay target),no for all panel arms (patient-agnostic stores; cpgpt/deepcpg pretrained externally),EWAS source cohorts / TCGA overlap NOT documented,max overlap partner ewas_catalog_bmi: 994 CpGs (12.7% of this set),no duplicate CpGs within set (verified),"matching strata (context, gene region, breadth) are inputs of the legacy functional store and context_only arm, not of regulatory_histone_dnase_v1 or sequence arms; native dims 512/128 vs 256",yes,"95% percentile of 10,000-replicate seed-mixture bootstrap (draw 1 of 20 matching seeds, resample matched pairs within chromosome); includes matching-draw variability",INDEPENDENT,INDEPENDENT,INDEPENDENT,SUPPLEMENTARY_ONLY,regulatory_histone_dnase_v1 (and any histone/DNase arm) NOT evaluated; AUPRC not computed; GC / TSS distance unmatched,regulatory_histone_dnase_v1 (and any histone/DNase arm) NOT evaluated; AUPRC not computed; GC / TSS distance unmatched
encode_exp5_base/ewas_atlas_prostate_cancer,ewas_atlas_prostate_cancer,encode_exp5_base,disease/EWAS,disease/pathology,discovery-campaign,campaign_robustness,no,context_only_256;cpgpt_large_native512;cpgpt_large_svd256;deepcpg_hcc_native128;deepcpg_hcc_pad256;functional_256,MISSING,HAVE,HAVE,AUROC,2000,2000,4000,0.5,no,8170,0.93794,"1:1 unlisted CpG from the same stratum (<=2,000 pairs); unlisted != unassociated; negatives may belong to other EWAS sets",yes (exact),yes (island/shore/shelf/open sea; gene region; core-breadth decile),no (balance reported in probe_type_balance.csv),no (GC and TSS distance not matched; gene region + breadth decile only),"none: fixed LogisticRegression C=1, scaler fit on train folds only",no,GroupKFold(5) by chromosome; pooled out-of-fold AUC,GroupKFold by chromosome; pairs resampled within chromosome in the bootstrap; matching never uses embeddings,no (annotation/assay target),no for all panel arms (patient-agnostic stores; cpgpt/deepcpg pretrained externally),EWAS source cohorts / TCGA overlap NOT documented,max overlap partner ewas_catalog_bmi: 937 CpGs (12.2% of this set),no duplicate CpGs within set (verified),"matching strata (context, gene region, breadth) are inputs of the legacy functional store and context_only arm, not of regulatory_histone_dnase_v1 or sequence arms; native dims 512/128 vs 256",yes,"95% percentile of 10,000-replicate seed-mixture bootstrap (draw 1 of 20 matching seeds, resample matched pairs within chromosome); includes matching-draw variability",INDEPENDENT,INDEPENDENT,INDEPENDENT,SUPPLEMENTARY_ONLY,regulatory_histone_dnase_v1 (and any histone/DNase arm) NOT evaluated; AUPRC not computed; GC / TSS distance unmatched,regulatory_histone_dnase_v1 (and any histone/DNase arm) NOT evaluated; AUPRC not computed; GC / TSS distance unmatched
encode_exp5_base/ewas_catalog_age,ewas_catalog_age,encode_exp5_base,age/clock,aging,discovery-campaign,campaign_robustness,no,context_only_256;cpgpt_large_native512;cpgpt_large_svd256;deepcpg_hcc_native128;deepcpg_hcc_pad256;functional_256,MISSING,HAVE,HAVE,AUROC,2000,2000,4000,0.5,no,300698,0.0073,"1:1 unlisted CpG from the same stratum (<=2,000 pairs); unlisted != unassociated; negatives may belong to other EWAS sets",yes (exact),yes (island/shore/shelf/open sea; gene region; core-breadth decile),no (balance reported in probe_type_balance.csv),no (GC and TSS distance not matched; gene region + breadth decile only),"none: fixed LogisticRegression C=1, scaler fit on train folds only",no,GroupKFold(5) by chromosome; pooled out-of-fold AUC,GroupKFold by chromosome; pairs resampled within chromosome in the bootstrap; matching never uses embeddings,no (annotation/assay target),no for all panel arms (patient-agnostic stores; cpgpt/deepcpg pretrained externally),EWAS source cohorts / TCGA overlap NOT documented,max overlap partner ewas_catalog_rheumatoid_arthritis: 147 CpGs (6.7% of this set),no duplicate CpGs within set (verified),"matching strata (context, gene region, breadth) are inputs of the legacy functional store and context_only arm, not of regulatory_histone_dnase_v1 or sequence arms; native dims 512/128 vs 256",yes,"95% percentile of 10,000-replicate seed-mixture bootstrap (draw 1 of 20 matching seeds, resample matched pairs within chromosome); includes matching-draw variability",INDEPENDENT,INDEPENDENT,INDEPENDENT,SUPPLEMENTARY_ONLY,regulatory_histone_dnase_v1 (and any histone/DNase arm) NOT evaluated; AUPRC not computed; GC / TSS distance unmatched,regulatory_histone_dnase_v1 (and any histone/DNase arm) NOT evaluated; AUPRC not computed; GC / TSS distance unmatched
encode_exp5_base/ewas_catalog_bmi,ewas_catalog_bmi,encode_exp5_base,exposure (smoking/BMI),environmental exposure,discovery-campaign,campaign_robustness,no,context_only_256;cpgpt_large_native512;cpgpt_large_svd256;deepcpg_hcc_native128;deepcpg_hcc_pad256;functional_256,MISSING,HAVE,HAVE,AUROC,2000,2000,4000,0.5,no,67815,0.35671,"1:1 unlisted CpG from the same stratum (<=2,000 pairs); unlisted != unassociated; negatives may belong to other EWAS sets",yes (exact),yes (island/shore/shelf/open sea; gene region; core-breadth decile),no (balance reported in probe_type_balance.csv),no (GC and TSS distance not matched; gene region + breadth decile only),"none: fixed LogisticRegression C=1, scaler fit on train folds only",no,GroupKFold(5) by chromosome; pooled out-of-fold AUC,GroupKFold by chromosome; pairs resampled within chromosome in the bootstrap; matching never uses embeddings,no (annotation/assay target),no for all panel arms (patient-agnostic stores; cpgpt/deepcpg pretrained externally),EWAS source cohorts / TCGA overlap NOT documented,max overlap partner ewas_catalog_smoking: 2082 CpGs (8.6% of this set),no duplicate CpGs within set (verified),"matching strata (context, gene region, breadth) are inputs of the legacy functional store and context_only arm, not of regulatory_histone_dnase_v1 or sequence arms; native dims 512/128 vs 256",yes,"95% percentile of 10,000-replicate seed-mixture bootstrap (draw 1 of 20 matching seeds, resample matched pairs within chromosome); includes matching-draw variability",INDEPENDENT,INDEPENDENT,INDEPENDENT,SUPPLEMENTARY_ONLY,regulatory_histone_dnase_v1 (and any histone/DNase arm) NOT evaluated; AUPRC not computed; GC / TSS distance unmatched,regulatory_histone_dnase_v1 (and any histone/DNase arm) NOT evaluated; AUPRC not computed; GC / TSS distance unmatched
encode_exp5_base/ewas_catalog_breast_cancer,ewas_catalog_breast_cancer,encode_exp5_base,disease/EWAS,disease/pathology,discovery-campaign,campaign_robustness,no,context_only_256;cpgpt_large_native512;cpgpt_large_svd256;deepcpg_hcc_native128;deepcpg_hcc_pad256;functional_256,MISSING,HAVE,HAVE,AUROC,502,502,1004,0.5,no,570,0.8807,"1:1 unlisted CpG from the same stratum (<=2,000 pairs); unlisted != unassociated; negatives may belong to other EWAS sets",yes (exact),yes (island/shore/shelf/open sea; gene region; core-breadth decile),no (balance reported in probe_type_balance.csv),no (GC and TSS distance not matched; gene region + breadth decile only),"none: fixed LogisticRegression C=1, scaler fit on train folds only",no,GroupKFold(5) by chromosome; pooled out-of-fold AUC,GroupKFold by chromosome; pairs resampled within chromosome in the bootstrap; matching never uses embeddings,no (annotation/assay target),no for all panel arms (patient-agnostic stores; cpgpt/deepcpg pretrained externally),EWAS source cohorts / TCGA overlap NOT documented,max overlap partner ewas_catalog_bmi: 20 CpGs (4.0% of this set),no duplicate CpGs within set (verified),"matching strata (context, gene region, breadth) are inputs of the legacy functional store and context_only arm, not of regulatory_histone_dnase_v1 or sequence arms; native dims 512/128 vs 256",yes,"95% percentile of 10,000-replicate seed-mixture bootstrap (draw 1 of 20 matching seeds, resample matched pairs within chromosome); includes matching-draw variability",INDEPENDENT,INDEPENDENT,INDEPENDENT,SUPPLEMENTARY_ONLY,regulatory_histone_dnase_v1 (and any histone/DNase arm) NOT evaluated; AUPRC not computed; GC / TSS distance unmatched,regulatory_histone_dnase_v1 (and any histone/DNase arm) NOT evaluated; AUPRC not computed; GC / TSS distance unmatched
encode_exp5_base/ewas_catalog_lung_cancer,ewas_catalog_lung_cancer,encode_exp5_base,disease/EWAS,disease/pathology,discovery-campaign,campaign_robustness,no,context_only_256;cpgpt_large_native512;cpgpt_large_svd256;deepcpg_hcc_native128;deepcpg_hcc_pad256;functional_256,MISSING,HAVE,HAVE,AUROC,241,241,482,0.5,no,510,0.47451,"1:1 unlisted CpG from the same stratum (<=2,000 pairs); unlisted != unassociated; negatives may belong to other EWAS sets",yes (exact),yes (island/shore/shelf/open sea; gene region; core-breadth decile),no (balance reported in probe_type_balance.csv),no (GC and TSS distance not matched; gene region + breadth decile only),"none: fixed LogisticRegression C=1, scaler fit on train folds only",no,GroupKFold(5) by chromosome; pooled out-of-fold AUC,GroupKFold by chromosome; pairs resampled within chromosome in the bootstrap; matching never uses embeddings,no (annotation/assay target),no for all panel arms (patient-agnostic stores; cpgpt/deepcpg pretrained externally),EWAS source cohorts / TCGA overlap NOT documented,max overlap partner ewas_catalog_smoking: 225 CpGs (93.0% of this set),no duplicate CpGs within set (verified),"matching strata (context, gene region, breadth) are inputs of the legacy functional store and context_only arm, not of regulatory_histone_dnase_v1 or sequence arms; native dims 512/128 vs 256",yes,"95% percentile of 10,000-replicate seed-mixture bootstrap (draw 1 of 20 matching seeds, resample matched pairs within chromosome); includes matching-draw variability",INDEPENDENT,INDEPENDENT,INDEPENDENT,SUPPLEMENTARY_ONLY,regulatory_histone_dnase_v1 (and any histone/DNase arm) NOT evaluated; AUPRC not computed; GC / TSS distance unmatched,regulatory_histone_dnase_v1 (and any histone/DNase arm) NOT evaluated; AUPRC not computed; GC / TSS distance unmatched
encode_exp5_base/ewas_catalog_rheumatoid_arthritis,ewas_catalog_rheumatoid_arthritis,encode_exp5_base,disease/EWAS,disease/pathology,discovery-campaign,campaign_robustness,no,context_only_256;cpgpt_large_native512;cpgpt_large_svd256;deepcpg_hcc_native128;deepcpg_hcc_pad256;functional_256,MISSING,HAVE,HAVE,AUROC,238,238,476,0.5,no,47956,0.00496,"1:1 unlisted CpG from the same stratum (<=2,000 pairs); unlisted != unassociated; negatives may belong to other EWAS sets",yes (exact),yes (island/shore/shelf/open sea; gene region; core-breadth decile),no (balance reported in probe_type_balance.csv),no (GC and TSS distance not matched; gene region + breadth decile only),"none: fixed LogisticRegression C=1, scaler fit on train folds only",no,GroupKFold(5) by chromosome; pooled out-of-fold AUC,GroupKFold by chromosome; pairs resampled within chromosome in the bootstrap; matching never uses embeddings,no (annotation/assay target),no for all panel arms (patient-agnostic stores; cpgpt/deepcpg pretrained externally),EWAS source cohorts / TCGA overlap NOT documented; RA set includes GSE42861 (external disease cohort) by design,max overlap partner ewas_catalog_age: 147 CpGs (61.8% of this set),no duplicate CpGs within set (verified),"matching strata (context, gene region, breadth) are inputs of the legacy functional store and context_only arm, not of regulatory_histone_dnase_v1 or sequence arms; native dims 512/128 vs 256",yes,"95% percentile of 10,000-replicate seed-mixture bootstrap (draw 1 of 20 matching seeds, resample matched pairs within chromosome); includes matching-draw variability",INDEPENDENT,INDEPENDENT,INDEPENDENT,SUPPLEMENTARY_ONLY,regulatory_histone_dnase_v1 (and any histone/DNase arm) NOT evaluated; AUPRC not computed; GC / TSS distance unmatched,regulatory_histone_dnase_v1 (and any histone/DNase arm) NOT evaluated; AUPRC not computed; GC / TSS distance unmatched
encode_exp5_base/ewas_catalog_sle,ewas_catalog_sle,encode_exp5_base,disease/EWAS,disease/pathology,discovery-campaign,campaign_robustness,no,context_only_256;cpgpt_large_native512;cpgpt_large_svd256;deepcpg_hcc_native128;deepcpg_hcc_pad256;functional_256,MISSING,HAVE,HAVE,AUROC,139,139,278,0.5,no,309,0.44984,"1:1 unlisted CpG from the same stratum (<=2,000 pairs); unlisted != unassociated; negatives may belong to other EWAS sets",yes (exact),yes (island/shore/shelf/open sea; gene region; core-breadth decile),no (balance reported in probe_type_balance.csv),no (GC and TSS distance not matched; gene region + breadth decile only),"none: fixed LogisticRegression C=1, scaler fit on train folds only",no,GroupKFold(5) by chromosome; pooled out-of-fold AUC,GroupKFold by chromosome; pairs resampled within chromosome in the bootstrap; matching never uses embeddings,no (annotation/assay target),no for all panel arms (patient-agnostic stores; cpgpt/deepcpg pretrained externally),EWAS source cohorts / TCGA overlap NOT documented,max overlap partner ewas_catalog_smoking: 23 CpGs (16.5% of this set),no duplicate CpGs within set (verified),"matching strata (context, gene region, breadth) are inputs of the legacy functional store and context_only arm, not of regulatory_histone_dnase_v1 or sequence arms; native dims 512/128 vs 256",yes,"95% percentile of 10,000-replicate seed-mixture bootstrap (draw 1 of 20 matching seeds, resample matched pairs within chromosome); includes matching-draw variability",INDEPENDENT,INDEPENDENT,INDEPENDENT,SUPPLEMENTARY_ONLY,regulatory_histone_dnase_v1 (and any histone/DNase arm) NOT evaluated; small matched set (139 pairs): wide CIs; AUPRC not computed; GC / TSS distance unmatched,regulatory_histone_dnase_v1 (and any histone/DNase arm) NOT evaluated; small matched set (139 pairs): wide CIs; AUPRC not computed; GC / TSS distance unmatched
encode_exp5_base/ewas_catalog_smoking,ewas_catalog_smoking,encode_exp5_base,exposure (smoking/BMI),environmental exposure,discovery-campaign,campaign_robustness,no,context_only_256;cpgpt_large_native512;cpgpt_large_svd256;deepcpg_hcc_native128;deepcpg_hcc_pad256;functional_256,MISSING,HAVE,HAVE,AUROC,2000,2000,4000,0.5,no,9109,0.86607,"1:1 unlisted CpG from the same stratum (<=2,000 pairs); unlisted != unassociated; negatives may belong to other EWAS sets",yes (exact),yes (island/shore/shelf/open sea; gene region; core-breadth decile),no (balance reported in probe_type_balance.csv),no (GC and TSS distance not matched; gene region + breadth decile only),"none: fixed LogisticRegression C=1, scaler fit on train folds only",no,GroupKFold(5) by chromosome; pooled out-of-fold AUC,GroupKFold by chromosome; pairs resampled within chromosome in the bootstrap; matching never uses embeddings,no (annotation/assay target),no for all panel arms (patient-agnostic stores; cpgpt/deepcpg pretrained externally),EWAS source cohorts / TCGA overlap NOT documented,max overlap partner ewas_catalog_bmi: 2082 CpGs (26.4% of this set),no duplicate CpGs within set (verified),"matching strata (context, gene region, breadth) are inputs of the legacy functional store and context_only arm, not of regulatory_histone_dnase_v1 or sequence arms; native dims 512/128 vs 256",yes,"95% percentile of 10,000-replicate seed-mixture bootstrap (draw 1 of 20 matching seeds, resample matched pairs within chromosome); includes matching-draw variability",INDEPENDENT,INDEPENDENT,INDEPENDENT,SUPPLEMENTARY_ONLY,regulatory_histone_dnase_v1 (and any histone/DNase arm) NOT evaluated; AUPRC not computed; GC / TSS distance unmatched,regulatory_histone_dnase_v1 (and any histone/DNase arm) NOT evaluated; AUPRC not computed; GC / TSS distance unmatched
encode_exp5_base/ewas_catalog_type2_diabetes,ewas_catalog_type2_diabetes,encode_exp5_base,disease/EWAS,disease/pathology,discovery-campaign,campaign_robustness,no,context_only_256;cpgpt_large_native512;cpgpt_large_svd256;deepcpg_hcc_native128;deepcpg_hcc_pad256;functional_256,MISSING,HAVE,HAVE,AUROC,70,70,140,0.5,no,76,0.93421,"1:1 unlisted CpG from the same stratum (<=2,000 pairs); unlisted != unassociated; negatives may belong to other EWAS sets",yes (exact),yes (island/shore/shelf/open sea; gene region; core-breadth decile),no (balance reported in probe_type_balance.csv),no (GC and TSS distance not matched; gene region + breadth decile only),"none: fixed LogisticRegression C=1, scaler fit on train folds only",no,GroupKFold(5) by chromosome; pooled out-of-fold AUC,GroupKFold by chromosome; pairs resampled within chromosome in the bootstrap; matching never uses embeddings,no (annotation/assay target),no for all panel arms (patient-agnostic stores; cpgpt/deepcpg pretrained externally),EWAS source cohorts / TCGA overlap NOT documented,max overlap partner ewas_catalog_bmi: 65 CpGs (91.5% of this set),no duplicate CpGs within set (verified),"matching strata (context, gene region, breadth) are inputs of the legacy functional store and context_only arm, not of regulatory_histone_dnase_v1 or sequence arms; native dims 512/128 vs 256",yes,"95% percentile of 10,000-replicate seed-mixture bootstrap (draw 1 of 20 matching seeds, resample matched pairs within chromosome); includes matching-draw variability",INDEPENDENT,INDEPENDENT,INDEPENDENT,SUPPLEMENTARY_ONLY,regulatory_histone_dnase_v1 (and any histone/DNase arm) NOT evaluated; small matched set (70 pairs): wide CIs; AUPRC not computed; GC / TSS distance unmatched,regulatory_histone_dnase_v1 (and any histone/DNase arm) NOT evaluated; small matched set (70 pairs): wide CIs; AUPRC not computed; GC / TSS distance unmatched
encode_exp5_base/hannum_clock,hannum_clock,encode_exp5_base,age/clock,aging,discovery-campaign,campaign_robustness,no,context_only_256;cpgpt_large_native512;cpgpt_large_svd256;deepcpg_hcc_native128;deepcpg_hcc_pad256;functional_256,MISSING,HAVE,HAVE,AUROC,64,64,128,0.5,no,71,0.90141,"1:1 unlisted CpG from the same stratum (<=2,000 pairs); unlisted != unassociated; negatives may belong to other EWAS sets",yes (exact),yes (island/shore/shelf/open sea; gene region; core-breadth decile),no (balance reported in probe_type_balance.csv),no (GC and TSS distance not matched; gene region + breadth decile only),"none: fixed LogisticRegression C=1, scaler fit on train folds only",no,GroupKFold(5) by chromosome; pooled out-of-fold AUC,GroupKFold by chromosome; pairs resampled within chromosome in the bootstrap; matching never uses embeddings,no (annotation/assay target),no for all panel arms (patient-agnostic stores; cpgpt/deepcpg pretrained externally),EWAS source cohorts / TCGA overlap NOT documented,max overlap partner ewas_catalog_bmi: 15 CpGs (23.4% of this set),no duplicate CpGs within set (verified),"matching strata (context, gene region, breadth) are inputs of the legacy functional store and context_only arm, not of regulatory_histone_dnase_v1 or sequence arms; native dims 512/128 vs 256",yes,"95% percentile of 10,000-replicate seed-mixture bootstrap (draw 1 of 20 matching seeds, resample matched pairs within chromosome); includes matching-draw variability",INDEPENDENT,INDEPENDENT,INDEPENDENT,SUPPLEMENTARY_ONLY,regulatory_histone_dnase_v1 (and any histone/DNase arm) NOT evaluated; small matched set (64 pairs): wide CIs; AUPRC not computed; GC / TSS distance unmatched; tiny positive set; clock CpGs selected by elastic net on blood/pan-tissue 450K data,regulatory_histone_dnase_v1 (and any histone/DNase arm) NOT evaluated; small matched set (64 pairs): wide CIs; AUPRC not computed; GC / TSS distance unmatched; tiny positive set; clock CpGs selected by elastic net on blood/pan-tissue 450K data
encode_exp5_base/horvath_clock,horvath_clock,encode_exp5_base,age/clock,aging,discovery-campaign,campaign_robustness,no,context_only_256;cpgpt_large_native512;cpgpt_large_svd256;deepcpg_hcc_native128;deepcpg_hcc_pad256;functional_256,MISSING,HAVE,HAVE,AUROC,344,344,688,0.5,no,353,0.9745,"1:1 unlisted CpG from the same stratum (<=2,000 pairs); unlisted != unassociated; negatives may belong to other EWAS sets",yes (exact),yes (island/shore/shelf/open sea; gene region; core-breadth decile),no (balance reported in probe_type_balance.csv),no (GC and TSS distance not matched; gene region + breadth decile only),"none: fixed LogisticRegression C=1, scaler fit on train folds only",no,GroupKFold(5) by chromosome; pooled out-of-fold AUC,GroupKFold by chromosome; pairs resampled within chromosome in the bootstrap; matching never uses embeddings,no (annotation/assay target),no for all panel arms (patient-agnostic stores; cpgpt/deepcpg pretrained externally),EWAS source cohorts / TCGA overlap NOT documented,max overlap partner phenoage_clock: 40 CpGs (11.6% of this set),no duplicate CpGs within set (verified),"matching strata (context, gene region, breadth) are inputs of the legacy functional store and context_only arm, not of regulatory_histone_dnase_v1 or sequence arms; native dims 512/128 vs 256",yes,"95% percentile of 10,000-replicate seed-mixture bootstrap (draw 1 of 20 matching seeds, resample matched pairs within chromosome); includes matching-draw variability",INDEPENDENT,INDEPENDENT,INDEPENDENT,SUPPLEMENTARY_ONLY,regulatory_histone_dnase_v1 (and any histone/DNase arm) NOT evaluated; AUPRC not computed; GC / TSS distance unmatched; tiny positive set; clock CpGs selected by elastic net on blood/pan-tissue 450K data,regulatory_histone_dnase_v1 (and any histone/DNase arm) NOT evaluated; AUPRC not computed; GC / TSS distance unmatched; tiny positive set; clock CpGs selected by elastic net on blood/pan-tissue 450K data
encode_exp5_base/phenoage_clock,phenoage_clock,encode_exp5_base,age/clock,aging,discovery-campaign,campaign_robustness,no,context_only_256;cpgpt_large_native512;cpgpt_large_svd256;deepcpg_hcc_native128;deepcpg_hcc_pad256;functional_256,MISSING,HAVE,HAVE,AUROC,498,498,996,0.5,no,513,0.97076,"1:1 unlisted CpG from the same stratum (<=2,000 pairs); unlisted != unassociated; negatives may belong to other EWAS sets",yes (exact),yes (island/shore/shelf/open sea; gene region; core-breadth decile),no (balance reported in probe_type_balance.csv),no (GC and TSS distance not matched; gene region + breadth decile only),"none: fixed LogisticRegression C=1, scaler fit on train folds only",no,GroupKFold(5) by chromosome; pooled out-of-fold AUC,GroupKFold by chromosome; pairs resampled within chromosome in the bootstrap; matching never uses embeddings,no (annotation/assay target),no for all panel arms (patient-agnostic stores; cpgpt/deepcpg pretrained externally),EWAS source cohorts / TCGA overlap NOT documented,max overlap partner horvath_clock: 40 CpGs (8.0% of this set),no duplicate CpGs within set (verified),"matching strata (context, gene region, breadth) are inputs of the legacy functional store and context_only arm, not of regulatory_histone_dnase_v1 or sequence arms; native dims 512/128 vs 256",yes,"95% percentile of 10,000-replicate seed-mixture bootstrap (draw 1 of 20 matching seeds, resample matched pairs within chromosome); includes matching-draw variability",INDEPENDENT,INDEPENDENT,INDEPENDENT,SUPPLEMENTARY_ONLY,regulatory_histone_dnase_v1 (and any histone/DNase arm) NOT evaluated; AUPRC not computed; GC / TSS distance unmatched; tiny positive set; clock CpGs selected by elastic net on blood/pan-tissue 450K data,regulatory_histone_dnase_v1 (and any histone/DNase arm) NOT evaluated; AUPRC not computed; GC / TSS distance unmatched; tiny positive set; clock CpGs selected by elastic net on blood/pan-tissue 450K data
encode_exp5_probe/ewas_atlas_colorectal_cancer,ewas_atlas_colorectal_cancer,encode_exp5_probe,disease/EWAS,disease/pathology,discovery-campaign,campaign_robustness,no,context_only_256;cpgpt_large_native512;cpgpt_large_svd256;deepcpg_hcc_native128;deepcpg_hcc_pad256;functional_256,MISSING,HAVE,HAVE,AUROC,2000,2000,4000,0.5,no,8894,0.88037,"1:1 unlisted CpG from the same stratum (<=2,000 pairs); unlisted != unassociated; negatives may belong to other EWAS sets",yes (exact),yes (island/shore/shelf/open sea; gene region; core-breadth decile),yes (Infinium I/II),no (GC and TSS distance not matched; gene region + breadth decile only),"none: fixed LogisticRegression C=1, scaler fit on train folds only",no,GroupKFold(5) by chromosome; pooled out-of-fold AUC,GroupKFold by chromosome; pairs resampled within chromosome in the bootstrap; matching never uses embeddings,no (annotation/assay target),no for all panel arms (patient-agnostic stores; cpgpt/deepcpg pretrained externally),EWAS source cohorts / TCGA overlap NOT documented,max overlap partner ewas_catalog_bmi: 994 CpGs (12.7% of this set),no duplicate CpGs within set (verified),"matching strata (context, gene region, breadth) are inputs of the legacy functional store and context_only arm, not of regulatory_histone_dnase_v1 or sequence arms; native dims 512/128 vs 256",yes,"95% percentile of 10,000-replicate seed-mixture bootstrap (draw 1 of 20 matching seeds, resample matched pairs within chromosome); includes matching-draw variability",INDEPENDENT,INDEPENDENT,INDEPENDENT,SUPPLEMENTARY_ONLY,regulatory_histone_dnase_v1 (and any histone/DNase arm) NOT evaluated; AUPRC not computed; GC / TSS distance unmatched,regulatory_histone_dnase_v1 (and any histone/DNase arm) NOT evaluated; AUPRC not computed; GC / TSS distance unmatched
encode_exp5_probe/ewas_atlas_prostate_cancer,ewas_atlas_prostate_cancer,encode_exp5_probe,disease/EWAS,disease/pathology,discovery-campaign,campaign_robustness,no,context_only_256;cpgpt_large_native512;cpgpt_large_svd256;deepcpg_hcc_native128;deepcpg_hcc_pad256;functional_256,MISSING,HAVE,HAVE,AUROC,2000,2000,4000,0.5,no,8170,0.93794,"1:1 unlisted CpG from the same stratum (<=2,000 pairs); unlisted != unassociated; negatives may belong to other EWAS sets",yes (exact),yes (island/shore/shelf/open sea; gene region; core-breadth decile),yes (Infinium I/II),no (GC and TSS distance not matched; gene region + breadth decile only),"none: fixed LogisticRegression C=1, scaler fit on train folds only",no,GroupKFold(5) by chromosome; pooled out-of-fold AUC,GroupKFold by chromosome; pairs resampled within chromosome in the bootstrap; matching never uses embeddings,no (annotation/assay target),no for all panel arms (patient-agnostic stores; cpgpt/deepcpg pretrained externally),EWAS source cohorts / TCGA overlap NOT documented,max overlap partner ewas_catalog_bmi: 937 CpGs (12.2% of this set),no duplicate CpGs within set (verified),"matching strata (context, gene region, breadth) are inputs of the legacy functional store and context_only arm, not of regulatory_histone_dnase_v1 or sequence arms; native dims 512/128 vs 256",yes,"95% percentile of 10,000-replicate seed-mixture bootstrap (draw 1 of 20 matching seeds, resample matched pairs within chromosome); includes matching-draw variability",INDEPENDENT,INDEPENDENT,INDEPENDENT,SUPPLEMENTARY_ONLY,regulatory_histone_dnase_v1 (and any histone/DNase arm) NOT evaluated; AUPRC not computed; GC / TSS distance unmatched,regulatory_histone_dnase_v1 (and any histone/DNase arm) NOT evaluated; AUPRC not computed; GC / TSS distance unmatched
encode_exp5_probe/ewas_catalog_age,ewas_catalog_age,encode_exp5_probe,age/clock,aging,discovery-campaign,campaign_robustness,no,context_only_256;cpgpt_large_native512;cpgpt_large_svd256;deepcpg_hcc_native128;deepcpg_hcc_pad256;functional_256,MISSING,HAVE,HAVE,AUROC,1998,1998,3996,0.5,no,300698,0.0073,"1:1 unlisted CpG from the same stratum (<=2,000 pairs); unlisted != unassociated; negatives may belong to other EWAS sets",yes (exact),yes (island/shore/shelf/open sea; gene region; core-breadth decile),yes (Infinium I/II),no (GC and TSS distance not matched; gene region + breadth decile only),"none: fixed LogisticRegression C=1, scaler fit on train folds only",no,GroupKFold(5) by chromosome; pooled out-of-fold AUC,GroupKFold by chromosome; pairs resampled within chromosome in the bootstrap; matching never uses embeddings,no (annotation/assay target),no for all panel arms (patient-agnostic stores; cpgpt/deepcpg pretrained externally),EWAS source cohorts / TCGA overlap NOT documented,max overlap partner ewas_catalog_rheumatoid_arthritis: 147 CpGs (6.7% of this set),no duplicate CpGs within set (verified),"matching strata (context, gene region, breadth) are inputs of the legacy functional store and context_only arm, not of regulatory_histone_dnase_v1 or sequence arms; native dims 512/128 vs 256",yes,"95% percentile of 10,000-replicate seed-mixture bootstrap (draw 1 of 20 matching seeds, resample matched pairs within chromosome); includes matching-draw variability",INDEPENDENT,INDEPENDENT,INDEPENDENT,SUPPLEMENTARY_ONLY,regulatory_histone_dnase_v1 (and any histone/DNase arm) NOT evaluated; AUPRC not computed; GC / TSS distance unmatched,regulatory_histone_dnase_v1 (and any histone/DNase arm) NOT evaluated; AUPRC not computed; GC / TSS distance unmatched
encode_exp5_probe/ewas_catalog_bmi,ewas_catalog_bmi,encode_exp5_probe,exposure (smoking/BMI),environmental exposure,discovery-campaign,campaign_robustness,no,context_only_256;cpgpt_large_native512;cpgpt_large_svd256;deepcpg_hcc_native128;deepcpg_hcc_pad256;functional_256,MISSING,HAVE,HAVE,AUROC,2000,2000,4000,0.5,no,67815,0.35671,"1:1 unlisted CpG from the same stratum (<=2,000 pairs); unlisted != unassociated; negatives may belong to other EWAS sets",yes (exact),yes (island/shore/shelf/open sea; gene region; core-breadth decile),yes (Infinium I/II),no (GC and TSS distance not matched; gene region + breadth decile only),"none: fixed LogisticRegression C=1, scaler fit on train folds only",no,GroupKFold(5) by chromosome; pooled out-of-fold AUC,GroupKFold by chromosome; pairs resampled within chromosome in the bootstrap; matching never uses embeddings,no (annotation/assay target),no for all panel arms (patient-agnostic stores; cpgpt/deepcpg pretrained externally),EWAS source cohorts / TCGA overlap NOT documented,max overlap partner ewas_catalog_smoking: 2082 CpGs (8.6% of this set),no duplicate CpGs within set (verified),"matching strata (context, gene region, breadth) are inputs of the legacy functional store and context_only arm, not of regulatory_histone_dnase_v1 or sequence arms; native dims 512/128 vs 256",yes,"95% percentile of 10,000-replicate seed-mixture bootstrap (draw 1 of 20 matching seeds, resample matched pairs within chromosome); includes matching-draw variability",INDEPENDENT,INDEPENDENT,INDEPENDENT,SUPPLEMENTARY_ONLY,regulatory_histone_dnase_v1 (and any histone/DNase arm) NOT evaluated; AUPRC not computed; GC / TSS distance unmatched,regulatory_histone_dnase_v1 (and any histone/DNase arm) NOT evaluated; AUPRC not computed; GC / TSS distance unmatched
encode_exp5_probe/ewas_catalog_breast_cancer,ewas_catalog_breast_cancer,encode_exp5_probe,disease/EWAS,disease/pathology,discovery-campaign,campaign_robustness,no,context_only_256;cpgpt_large_native512;cpgpt_large_svd256;deepcpg_hcc_native128;deepcpg_hcc_pad256;functional_256,MISSING,HAVE,HAVE,AUROC,479,479,958,0.5,no,570,0.8807,"1:1 unlisted CpG from the same stratum (<=2,000 pairs); unlisted != unassociated; negatives may belong to other EWAS sets",yes (exact),yes (island/shore/shelf/open sea; gene region; core-breadth decile),yes (Infinium I/II),no (GC and TSS distance not matched; gene region + breadth decile only),"none: fixed LogisticRegression C=1, scaler fit on train folds only",no,GroupKFold(5) by chromosome; pooled out-of-fold AUC,GroupKFold by chromosome; pairs resampled within chromosome in the bootstrap; matching never uses embeddings,no (annotation/assay target),no for all panel arms (patient-agnostic stores; cpgpt/deepcpg pretrained externally),EWAS source cohorts / TCGA overlap NOT documented,max overlap partner ewas_catalog_bmi: 20 CpGs (4.0% of this set),no duplicate CpGs within set (verified),"matching strata (context, gene region, breadth) are inputs of the legacy functional store and context_only arm, not of regulatory_histone_dnase_v1 or sequence arms; native dims 512/128 vs 256",yes,"95% percentile of 10,000-replicate seed-mixture bootstrap (draw 1 of 20 matching seeds, resample matched pairs within chromosome); includes matching-draw variability",INDEPENDENT,INDEPENDENT,INDEPENDENT,SUPPLEMENTARY_ONLY,regulatory_histone_dnase_v1 (and any histone/DNase arm) NOT evaluated; AUPRC not computed; GC / TSS distance unmatched,regulatory_histone_dnase_v1 (and any histone/DNase arm) NOT evaluated; AUPRC not computed; GC / TSS distance unmatched
encode_exp5_probe/ewas_catalog_lung_cancer,ewas_catalog_lung_cancer,encode_exp5_probe,disease/EWAS,disease/pathology,discovery-campaign,campaign_robustness,no,context_only_256;cpgpt_large_native512;cpgpt_large_svd256;deepcpg_hcc_native128;deepcpg_hcc_pad256;functional_256,MISSING,HAVE,HAVE,AUROC,235,235,470,0.5,no,510,0.47451,"1:1 unlisted CpG from the same stratum (<=2,000 pairs); unlisted != unassociated; negatives may belong to other EWAS sets",yes (exact),yes (island/shore/shelf/open sea; gene region; core-breadth decile),yes (Infinium I/II),no (GC and TSS distance not matched; gene region + breadth decile only),"none: fixed LogisticRegression C=1, scaler fit on train folds only",no,GroupKFold(5) by chromosome; pooled out-of-fold AUC,GroupKFold by chromosome; pairs resampled within chromosome in the bootstrap; matching never uses embeddings,no (annotation/assay target),no for all panel arms (patient-agnostic stores; cpgpt/deepcpg pretrained externally),EWAS source cohorts / TCGA overlap NOT documented,max overlap partner ewas_catalog_smoking: 225 CpGs (93.0% of this set),no duplicate CpGs within set (verified),"matching strata (context, gene region, breadth) are inputs of the legacy functional store and context_only arm, not of regulatory_histone_dnase_v1 or sequence arms; native dims 512/128 vs 256",yes,"95% percentile of 10,000-replicate seed-mixture bootstrap (draw 1 of 20 matching seeds, resample matched pairs within chromosome); includes matching-draw variability",INDEPENDENT,INDEPENDENT,INDEPENDENT,SUPPLEMENTARY_ONLY,regulatory_histone_dnase_v1 (and any histone/DNase arm) NOT evaluated; AUPRC not computed; GC / TSS distance unmatched,regulatory_histone_dnase_v1 (and any histone/DNase arm) NOT evaluated; AUPRC not computed; GC / TSS distance unmatched
encode_exp5_probe/ewas_catalog_rheumatoid_arthritis,ewas_catalog_rheumatoid_arthritis,encode_exp5_probe,disease/EWAS,disease/pathology,discovery-campaign,campaign_robustness,no,context_only_256;cpgpt_large_native512;cpgpt_large_svd256;deepcpg_hcc_native128;deepcpg_hcc_pad256;functional_256,MISSING,HAVE,HAVE,AUROC,216,216,432,0.5,no,47956,0.00496,"1:1 unlisted CpG from the same stratum (<=2,000 pairs); unlisted != unassociated; negatives may belong to other EWAS sets",yes (exact),yes (island/shore/shelf/open sea; gene region; core-breadth decile),yes (Infinium I/II),no (GC and TSS distance not matched; gene region + breadth decile only),"none: fixed LogisticRegression C=1, scaler fit on train folds only",no,GroupKFold(5) by chromosome; pooled out-of-fold AUC,GroupKFold by chromosome; pairs resampled within chromosome in the bootstrap; matching never uses embeddings,no (annotation/assay target),no for all panel arms (patient-agnostic stores; cpgpt/deepcpg pretrained externally),EWAS source cohorts / TCGA overlap NOT documented; RA set includes GSE42861 (external disease cohort) by design,max overlap partner ewas_catalog_age: 147 CpGs (61.8% of this set),no duplicate CpGs within set (verified),"matching strata (context, gene region, breadth) are inputs of the legacy functional store and context_only arm, not of regulatory_histone_dnase_v1 or sequence arms; native dims 512/128 vs 256",yes,"95% percentile of 10,000-replicate seed-mixture bootstrap (draw 1 of 20 matching seeds, resample matched pairs within chromosome); includes matching-draw variability",INDEPENDENT,INDEPENDENT,INDEPENDENT,SUPPLEMENTARY_ONLY,regulatory_histone_dnase_v1 (and any histone/DNase arm) NOT evaluated; AUPRC not computed; GC / TSS distance unmatched,regulatory_histone_dnase_v1 (and any histone/DNase arm) NOT evaluated; AUPRC not computed; GC / TSS distance unmatched
encode_exp5_probe/ewas_catalog_sle,ewas_catalog_sle,encode_exp5_probe,disease/EWAS,disease/pathology,discovery-campaign,campaign_robustness,no,context_only_256;cpgpt_large_native512;cpgpt_large_svd256;deepcpg_hcc_native128;deepcpg_hcc_pad256;functional_256,MISSING,HAVE,HAVE,AUROC,128,128,256,0.5,no,309,0.44984,"1:1 unlisted CpG from the same stratum (<=2,000 pairs); unlisted != unassociated; negatives may belong to other EWAS sets",yes (exact),yes (island/shore/shelf/open sea; gene region; core-breadth decile),yes (Infinium I/II),no (GC and TSS distance not matched; gene region + breadth decile only),"none: fixed LogisticRegression C=1, scaler fit on train folds only",no,GroupKFold(5) by chromosome; pooled out-of-fold AUC,GroupKFold by chromosome; pairs resampled within chromosome in the bootstrap; matching never uses embeddings,no (annotation/assay target),no for all panel arms (patient-agnostic stores; cpgpt/deepcpg pretrained externally),EWAS source cohorts / TCGA overlap NOT documented,max overlap partner ewas_catalog_smoking: 23 CpGs (16.5% of this set),no duplicate CpGs within set (verified),"matching strata (context, gene region, breadth) are inputs of the legacy functional store and context_only arm, not of regulatory_histone_dnase_v1 or sequence arms; native dims 512/128 vs 256",yes,"95% percentile of 10,000-replicate seed-mixture bootstrap (draw 1 of 20 matching seeds, resample matched pairs within chromosome); includes matching-draw variability",INDEPENDENT,INDEPENDENT,INDEPENDENT,SUPPLEMENTARY_ONLY,regulatory_histone_dnase_v1 (and any histone/DNase arm) NOT evaluated; small matched set (128 pairs): wide CIs; AUPRC not computed; GC / TSS distance unmatched,regulatory_histone_dnase_v1 (and any histone/DNase arm) NOT evaluated; small matched set (128 pairs): wide CIs; AUPRC not computed; GC / TSS distance unmatched
encode_exp5_probe/ewas_catalog_smoking,ewas_catalog_smoking,encode_exp5_probe,exposure (smoking/BMI),environmental exposure,discovery-campaign,campaign_robustness,no,context_only_256;cpgpt_large_native512;cpgpt_large_svd256;deepcpg_hcc_native128;deepcpg_hcc_pad256;functional_256,MISSING,HAVE,HAVE,AUROC,2000,2000,4000,0.5,no,9109,0.86607,"1:1 unlisted CpG from the same stratum (<=2,000 pairs); unlisted != unassociated; negatives may belong to other EWAS sets",yes (exact),yes (island/shore/shelf/open sea; gene region; core-breadth decile),yes (Infinium I/II),no (GC and TSS distance not matched; gene region + breadth decile only),"none: fixed LogisticRegression C=1, scaler fit on train folds only",no,GroupKFold(5) by chromosome; pooled out-of-fold AUC,GroupKFold by chromosome; pairs resampled within chromosome in the bootstrap; matching never uses embeddings,no (annotation/assay target),no for all panel arms (patient-agnostic stores; cpgpt/deepcpg pretrained externally),EWAS source cohorts / TCGA overlap NOT documented,max overlap partner ewas_catalog_bmi: 2082 CpGs (26.4% of this set),no duplicate CpGs within set (verified),"matching strata (context, gene region, breadth) are inputs of the legacy functional store and context_only arm, not of regulatory_histone_dnase_v1 or sequence arms; native dims 512/128 vs 256",yes,"95% percentile of 10,000-replicate seed-mixture bootstrap (draw 1 of 20 matching seeds, resample matched pairs within chromosome); includes matching-draw variability",INDEPENDENT,INDEPENDENT,INDEPENDENT,SUPPLEMENTARY_ONLY,regulatory_histone_dnase_v1 (and any histone/DNase arm) NOT evaluated; AUPRC not computed; GC / TSS distance unmatched,regulatory_histone_dnase_v1 (and any histone/DNase arm) NOT evaluated; AUPRC not computed; GC / TSS distance unmatched
encode_exp5_probe/ewas_catalog_type2_diabetes,ewas_catalog_type2_diabetes,encode_exp5_probe,disease/EWAS,disease/pathology,discovery-campaign,campaign_robustness,no,context_only_256;cpgpt_large_native512;cpgpt_large_svd256;deepcpg_hcc_native128;deepcpg_hcc_pad256;functional_256,MISSING,HAVE,HAVE,AUROC,67,67,134,0.5,no,76,0.93421,"1:1 unlisted CpG from the same stratum (<=2,000 pairs); unlisted != unassociated; negatives may belong to other EWAS sets",yes (exact),yes (island/shore/shelf/open sea; gene region; core-breadth decile),yes (Infinium I/II),no (GC and TSS distance not matched; gene region + breadth decile only),"none: fixed LogisticRegression C=1, scaler fit on train folds only",no,GroupKFold(5) by chromosome; pooled out-of-fold AUC,GroupKFold by chromosome; pairs resampled within chromosome in the bootstrap; matching never uses embeddings,no (annotation/assay target),no for all panel arms (patient-agnostic stores; cpgpt/deepcpg pretrained externally),EWAS source cohorts / TCGA overlap NOT documented,max overlap partner ewas_catalog_bmi: 65 CpGs (91.5% of this set),no duplicate CpGs within set (verified),"matching strata (context, gene region, breadth) are inputs of the legacy functional store and context_only arm, not of regulatory_histone_dnase_v1 or sequence arms; native dims 512/128 vs 256",yes,"95% percentile of 10,000-replicate seed-mixture bootstrap (draw 1 of 20 matching seeds, resample matched pairs within chromosome); includes matching-draw variability",INDEPENDENT,INDEPENDENT,INDEPENDENT,SUPPLEMENTARY_ONLY,regulatory_histone_dnase_v1 (and any histone/DNase arm) NOT evaluated; small matched set (67 pairs): wide CIs; AUPRC not computed; GC / TSS distance unmatched,regulatory_histone_dnase_v1 (and any histone/DNase arm) NOT evaluated; small matched set (67 pairs): wide CIs; AUPRC not computed; GC / TSS distance unmatched
encode_exp5_probe/hannum_clock,hannum_clock,encode_exp5_probe,age/clock,aging,discovery-campaign,campaign_robustness,no,context_only_256;cpgpt_large_native512;cpgpt_large_svd256;deepcpg_hcc_native128;deepcpg_hcc_pad256;functional_256,MISSING,HAVE,HAVE,AUROC,62,62,124,0.5,no,71,0.90141,"1:1 unlisted CpG from the same stratum (<=2,000 pairs); unlisted != unassociated; negatives may belong to other EWAS sets",yes (exact),yes (island/shore/shelf/open sea; gene region; core-breadth decile),yes (Infinium I/II),no (GC and TSS distance not matched; gene region + breadth decile only),"none: fixed LogisticRegression C=1, scaler fit on train folds only",no,GroupKFold(5) by chromosome; pooled out-of-fold AUC,GroupKFold by chromosome; pairs resampled within chromosome in the bootstrap; matching never uses embeddings,no (annotation/assay target),no for all panel arms (patient-agnostic stores; cpgpt/deepcpg pretrained externally),EWAS source cohorts / TCGA overlap NOT documented,max overlap partner ewas_catalog_bmi: 15 CpGs (23.4% of this set),no duplicate CpGs within set (verified),"matching strata (context, gene region, breadth) are inputs of the legacy functional store and context_only arm, not of regulatory_histone_dnase_v1 or sequence arms; native dims 512/128 vs 256",yes,"95% percentile of 10,000-replicate seed-mixture bootstrap (draw 1 of 20 matching seeds, resample matched pairs within chromosome); includes matching-draw variability",INDEPENDENT,INDEPENDENT,INDEPENDENT,SUPPLEMENTARY_ONLY,regulatory_histone_dnase_v1 (and any histone/DNase arm) NOT evaluated; small matched set (62 pairs): wide CIs; AUPRC not computed; GC / TSS distance unmatched; tiny positive set; clock CpGs selected by elastic net on blood/pan-tissue 450K data,regulatory_histone_dnase_v1 (and any histone/DNase arm) NOT evaluated; small matched set (62 pairs): wide CIs; AUPRC not computed; GC / TSS distance unmatched; tiny positive set; clock CpGs selected by elastic net on blood/pan-tissue 450K data
encode_exp5_probe/horvath_clock,horvath_clock,encode_exp5_probe,age/clock,aging,discovery-campaign,campaign_robustness,no,context_only_256;cpgpt_large_native512;cpgpt_large_svd256;deepcpg_hcc_native128;deepcpg_hcc_pad256;functional_256,MISSING,HAVE,HAVE,AUROC,336,336,672,0.5,no,353,0.9745,"1:1 unlisted CpG from the same stratum (<=2,000 pairs); unlisted != unassociated; negatives may belong to other EWAS sets",yes (exact),yes (island/shore/shelf/open sea; gene region; core-breadth decile),yes (Infinium I/II),no (GC and TSS distance not matched; gene region + breadth decile only),"none: fixed LogisticRegression C=1, scaler fit on train folds only",no,GroupKFold(5) by chromosome; pooled out-of-fold AUC,GroupKFold by chromosome; pairs resampled within chromosome in the bootstrap; matching never uses embeddings,no (annotation/assay target),no for all panel arms (patient-agnostic stores; cpgpt/deepcpg pretrained externally),EWAS source cohorts / TCGA overlap NOT documented,max overlap partner phenoage_clock: 40 CpGs (11.6% of this set),no duplicate CpGs within set (verified),"matching strata (context, gene region, breadth) are inputs of the legacy functional store and context_only arm, not of regulatory_histone_dnase_v1 or sequence arms; native dims 512/128 vs 256",yes,"95% percentile of 10,000-replicate seed-mixture bootstrap (draw 1 of 20 matching seeds, resample matched pairs within chromosome); includes matching-draw variability",INDEPENDENT,INDEPENDENT,INDEPENDENT,SUPPLEMENTARY_ONLY,regulatory_histone_dnase_v1 (and any histone/DNase arm) NOT evaluated; AUPRC not computed; GC / TSS distance unmatched; tiny positive set; clock CpGs selected by elastic net on blood/pan-tissue 450K data,regulatory_histone_dnase_v1 (and any histone/DNase arm) NOT evaluated; AUPRC not computed; GC / TSS distance unmatched; tiny positive set; clock CpGs selected by elastic net on blood/pan-tissue 450K data
encode_exp5_probe/phenoage_clock,phenoage_clock,encode_exp5_probe,age/clock,aging,discovery-campaign,campaign_robustness,no,context_only_256;cpgpt_large_native512;cpgpt_large_svd256;deepcpg_hcc_native128;deepcpg_hcc_pad256;functional_256,MISSING,HAVE,HAVE,AUROC,488,488,976,0.5,no,513,0.97076,"1:1 unlisted CpG from the same stratum (<=2,000 pairs); unlisted != unassociated; negatives may belong to other EWAS sets",yes (exact),yes (island/shore/shelf/open sea; gene region; core-breadth decile),yes (Infinium I/II),no (GC and TSS distance not matched; gene region + breadth decile only),"none: fixed LogisticRegression C=1, scaler fit on train folds only",no,GroupKFold(5) by chromosome; pooled out-of-fold AUC,GroupKFold by chromosome; pairs resampled within chromosome in the bootstrap; matching never uses embeddings,no (annotation/assay target),no for all panel arms (patient-agnostic stores; cpgpt/deepcpg pretrained externally),EWAS source cohorts / TCGA overlap NOT documented,max overlap partner horvath_clock: 40 CpGs (8.0% of this set),no duplicate CpGs within set (verified),"matching strata (context, gene region, breadth) are inputs of the legacy functional store and context_only arm, not of regulatory_histone_dnase_v1 or sequence arms; native dims 512/128 vs 256",yes,"95% percentile of 10,000-replicate seed-mixture bootstrap (draw 1 of 20 matching seeds, resample matched pairs within chromosome); includes matching-draw variability",INDEPENDENT,INDEPENDENT,INDEPENDENT,SUPPLEMENTARY_ONLY,regulatory_histone_dnase_v1 (and any histone/DNase arm) NOT evaluated; AUPRC not computed; GC / TSS distance unmatched; tiny positive set; clock CpGs selected by elastic net on blood/pan-tissue 450K data,regulatory_histone_dnase_v1 (and any histone/DNase arm) NOT evaluated; AUPRC not computed; GC / TSS distance unmatched; tiny positive set; clock CpGs selected by elastic net on blood/pan-tissue 450K data
legacy_bio_validation/coef/hannum_clock,hannum_clock_coefficient_regression,legacy_bio_validation,age/clock coefficient regression,aging,legacy-unregistered,legacy_exploratory,no,cpgpt_locus;cpgpt_locus_large;deepcpg_dna_locus;deepcpg_dna_locus_hepg2;functional_annotations_pca;methylgpt_locus;methylgpt_locus_medium,MISSING,HAVE,HAVE,R2,,,64,,no,,,regression on the CpGs that have a weight (no negatives),no,no,no,no,LogisticRegressionCV / RidgeCV inner CV inside each training fold (no test labels); inner CV also random,no (inner CV on train fold),"KFold(5, shuffle, random_state=17): RANDOM locus split",NONE: random folds -> spatially/chromatin-correlated neighbouring CpGs in train and test,no (annotation/assay target),no for all panel arms (patient-agnostic stores; cpgpt/deepcpg pretrained externally),not applicable (external assay target),clock CpGs: max overlap partner ewas_catalog_bmi: 15 CpGs (23.4% of the clock set),,regulatory_histone_dnase_v1 not evaluated; functional_annotations_pca here is the older PCA store; dimension 64..1536 differs across arms; ntv3_pre errored for all probes,no,,INDEPENDENT,INDEPENDENT,INDEPENDENT,PROBLEMATIC,random KFold; tiny n (64) -> R2 <= 0 for 7 of 7 arms; no CI; effectively uninformative; candidate MISSING,random KFold; tiny n (64) -> R2 <= 0 for 7 of 7 arms; no CI; effectively uninformative; candidate MISSING
legacy_bio_validation/coef/horvath_clock,horvath_clock_coefficient_regression,legacy_bio_validation,age/clock coefficient regression,aging,legacy-unregistered,legacy_exploratory,no,cpgpt_locus;cpgpt_locus_large;deepcpg_dna_locus;deepcpg_dna_locus_hepg2;functional_annotations_pca;methylgpt_locus;methylgpt_locus_medium,MISSING,HAVE,HAVE,R2,,,344,,no,,,regression on the CpGs that have a weight (no negatives),no,no,no,no,LogisticRegressionCV / RidgeCV inner CV inside each training fold (no test labels); inner CV also random,no (inner CV on train fold),"KFold(5, shuffle, random_state=17): RANDOM locus split",NONE: random folds -> spatially/chromatin-correlated neighbouring CpGs in train and test,no (annotation/assay target),no for all panel arms (patient-agnostic stores; cpgpt/deepcpg pretrained externally),not applicable (external assay target),clock CpGs: max overlap partner phenoage_clock: 40 CpGs (11.6% of the clock set),,regulatory_histone_dnase_v1 not evaluated; functional_annotations_pca here is the older PCA store; dimension 64..1536 differs across arms; ntv3_pre errored for all probes,no,,INDEPENDENT,INDEPENDENT,INDEPENDENT,PROBLEMATIC,random KFold; tiny n (344) -> R2 <= 0 for 7 of 7 arms; no CI; effectively uninformative; candidate MISSING,random KFold; tiny n (344) -> R2 <= 0 for 7 of 7 arms; no CI; effectively uninformative; candidate MISSING
legacy_bio_validation/coef/phastcons100way,phastcons100way_coefficient_regression,legacy_bio_validation,conservation regression,genomic locus identity,legacy-unregistered,legacy_exploratory,no,cpgpt_locus;cpgpt_locus_large;deepcpg_dna_locus;deepcpg_dna_locus_hepg2;functional_annotations_pca;methylgpt_locus;methylgpt_locus_medium,MISSING,HAVE,HAVE,R2,,,408186,,no,,,regression on the CpGs that have a weight (no negatives),no,no,no,no,LogisticRegressionCV / RidgeCV inner CV inside each training fold (no test labels); inner CV also random,no (inner CV on train fold),"KFold(5, shuffle, random_state=17): RANDOM locus split",NONE: random folds -> spatially/chromatin-correlated neighbouring CpGs in train and test,no (annotation/assay target),no for all panel arms (patient-agnostic stores; cpgpt/deepcpg pretrained externally),not applicable (external assay target),,,regulatory_histone_dnase_v1 not evaluated; functional_annotations_pca here is the older PCA store; dimension 64..1536 differs across arms; ntv3_pre errored for all probes,no,,INDEPENDENT,INDEPENDENT,INDEPENDENT,PROBLEMATIC,random KFold with spatially autocorrelated target; no CI; candidate MISSING,random KFold with spatially autocorrelated target; no CI; candidate MISSING
legacy_bio_validation/coef/phenoage_clock,phenoage_clock_coefficient_regression,legacy_bio_validation,age/clock coefficient regression,aging,legacy-unregistered,legacy_exploratory,no,cpgpt_locus;cpgpt_locus_large;deepcpg_dna_locus;deepcpg_dna_locus_hepg2;functional_annotations_pca;methylgpt_locus;methylgpt_locus_medium,MISSING,HAVE,HAVE,R2,,,498,,no,,,regression on the CpGs that have a weight (no negatives),no,no,no,no,LogisticRegressionCV / RidgeCV inner CV inside each training fold (no test labels); inner CV also random,no (inner CV on train fold),"KFold(5, shuffle, random_state=17): RANDOM locus split",NONE: random folds -> spatially/chromatin-correlated neighbouring CpGs in train and test,no (annotation/assay target),no for all panel arms (patient-agnostic stores; cpgpt/deepcpg pretrained externally),not applicable (external assay target),clock CpGs: max overlap partner horvath_clock: 40 CpGs (8.0% of the clock set),,regulatory_histone_dnase_v1 not evaluated; functional_annotations_pca here is the older PCA store; dimension 64..1536 differs across arms; ntv3_pre errored for all probes,no,,INDEPENDENT,INDEPENDENT,INDEPENDENT,PROBLEMATIC,random KFold; tiny n (498) -> R2 <= 0 for 7 of 7 arms; no CI; effectively uninformative; candidate MISSING,random KFold; tiny n (498) -> R2 <= 0 for 7 of 7 arms; no CI; effectively uninformative; candidate MISSING
legacy_bio_validation/context/island,genomic_context_island,legacy_bio_validation,genomic context (non-phenotype),genomic locus identity,legacy-unregistered,legacy_exploratory,no,cpgpt_locus;cpgpt_locus_large;deepcpg_dna_locus;deepcpg_dna_locus_hepg2;functional_annotations_pca;methylgpt_locus;methylgpt_locus_medium,MISSING,HAVE,HAVE,AUROC,131018,277373,408391,0.320815,no,,,"ALL other CpGs of the annotated universe (no sampling, unmatched)",no,no,no,no,LogisticRegressionCV / RidgeCV inner CV inside each training fold (no test labels); inner CV also random,no (inner CV on train fold),"StratifiedKFold(5, shuffle, random_state=17): RANDOM locus split (neighbouring CpGs fall in train and test)",NONE: random folds -> spatially/chromatin-correlated neighbouring CpGs in train and test,no (annotation/assay target),no for all panel arms (patient-agnostic stores; cpgpt/deepcpg pretrained externally),not applicable (external assay target),,,regulatory_histone_dnase_v1 not evaluated; functional_annotations_pca here is the older PCA store; dimension 64..1536 differs across arms; ntv3_pre errored for all probes,no,,INDEPENDENT,SOURCE_RETENTION,PARTIALLY_RELATED,PROBLEMATIC,SOURCE_RETENTION for functional_annotations_pca (dense cols 0-3 are inputs); island is sequence-defined (partial for sequence arms); random split; unmatched; no CI; imbalance for shelf/shore with AUROC + threshold metrics,SOURCE_RETENTION for functional_annotations_pca (dense cols 0-3 are inputs); island is sequence-defined (partial for sequence arms); random split; unmatched; no CI; imbalance for shelf/shore with AUROC + threshold metrics
legacy_bio_validation/context/open_sea,genomic_context_open_sea,legacy_bio_validation,genomic context (non-phenotype),genomic locus identity,legacy-unregistered,legacy_exploratory,no,cpgpt_locus;cpgpt_locus_large;deepcpg_dna_locus;deepcpg_dna_locus_hepg2;functional_annotations_pca;methylgpt_locus;methylgpt_locus_medium,MISSING,HAVE,HAVE,AUROC,142643,265748,408391,0.34928,no,,,"ALL other CpGs of the annotated universe (no sampling, unmatched)",no,no,no,no,LogisticRegressionCV / RidgeCV inner CV inside each training fold (no test labels); inner CV also random,no (inner CV on train fold),"StratifiedKFold(5, shuffle, random_state=17): RANDOM locus split (neighbouring CpGs fall in train and test)",NONE: random folds -> spatially/chromatin-correlated neighbouring CpGs in train and test,no (annotation/assay target),no for all panel arms (patient-agnostic stores; cpgpt/deepcpg pretrained externally),not applicable (external assay target),,,regulatory_histone_dnase_v1 not evaluated; functional_annotations_pca here is the older PCA store; dimension 64..1536 differs across arms; ntv3_pre errored for all probes,no,,INDEPENDENT,SOURCE_RETENTION,PARTIALLY_RELATED,PROBLEMATIC,SOURCE_RETENTION for functional_annotations_pca (dense cols 0-3 are inputs); island is sequence-defined (partial for sequence arms); random split; unmatched; no CI; imbalance for shelf/shore with AUROC + threshold metrics,SOURCE_RETENTION for functional_annotations_pca (dense cols 0-3 are inputs); island is sequence-defined (partial for sequence arms); random split; unmatched; no CI; imbalance for shelf/shore with AUROC + threshold metrics
legacy_bio_validation/context/shelf,genomic_context_shelf,legacy_bio_validation,genomic context (non-phenotype),genomic locus identity,legacy-unregistered,legacy_exploratory,no,cpgpt_locus;cpgpt_locus_large;deepcpg_dna_locus;deepcpg_dna_locus_hepg2;functional_annotations_pca;methylgpt_locus;methylgpt_locus_medium,MISSING,HAVE,HAVE,AUROC,37173,371218,408391,0.091023,no,,,"ALL other CpGs of the annotated universe (no sampling, unmatched)",no,no,no,no,LogisticRegressionCV / RidgeCV inner CV inside each training fold (no test labels); inner CV also random,no (inner CV on train fold),"StratifiedKFold(5, shuffle, random_state=17): RANDOM locus split (neighbouring CpGs fall in train and test)",NONE: random folds -> spatially/chromatin-correlated neighbouring CpGs in train and test,no (annotation/assay target),no for all panel arms (patient-agnostic stores; cpgpt/deepcpg pretrained externally),not applicable (external assay target),,,regulatory_histone_dnase_v1 not evaluated; functional_annotations_pca here is the older PCA store; dimension 64..1536 differs across arms; ntv3_pre errored for all probes,no,,INDEPENDENT,SOURCE_RETENTION,PARTIALLY_RELATED,PROBLEMATIC,SOURCE_RETENTION for functional_annotations_pca (dense cols 0-3 are inputs); island is sequence-defined (partial for sequence arms); random split; unmatched; no CI; imbalance for shelf/shore with AUROC + threshold metrics,SOURCE_RETENTION for functional_annotations_pca (dense cols 0-3 are inputs); island is sequence-defined (partial for sequence arms); random split; unmatched; no CI; imbalance for shelf/shore with AUROC + threshold metrics
legacy_bio_validation/context/shore,genomic_context_shore,legacy_bio_validation,genomic context (non-phenotype),genomic locus identity,legacy-unregistered,legacy_exploratory,no,cpgpt_locus;cpgpt_locus_large;deepcpg_dna_locus;deepcpg_dna_locus_hepg2;functional_annotations_pca;methylgpt_locus;methylgpt_locus_medium,MISSING,HAVE,HAVE,AUROC,97557,310834,408391,0.238881,no,,,"ALL other CpGs of the annotated universe (no sampling, unmatched)",no,no,no,no,LogisticRegressionCV / RidgeCV inner CV inside each training fold (no test labels); inner CV also random,no (inner CV on train fold),"StratifiedKFold(5, shuffle, random_state=17): RANDOM locus split (neighbouring CpGs fall in train and test)",NONE: random folds -> spatially/chromatin-correlated neighbouring CpGs in train and test,no (annotation/assay target),no for all panel arms (patient-agnostic stores; cpgpt/deepcpg pretrained externally),not applicable (external assay target),,,regulatory_histone_dnase_v1 not evaluated; functional_annotations_pca here is the older PCA store; dimension 64..1536 differs across arms; ntv3_pre errored for all probes,no,,INDEPENDENT,SOURCE_RETENTION,PARTIALLY_RELATED,PROBLEMATIC,SOURCE_RETENTION for functional_annotations_pca (dense cols 0-3 are inputs); island is sequence-defined (partial for sequence arms); random split; unmatched; no CI; imbalance for shelf/shore with AUROC + threshold metrics,SOURCE_RETENTION for functional_annotations_pca (dense cols 0-3 are inputs); island is sequence-defined (partial for sequence arms); random split; unmatched; no CI; imbalance for shelf/shore with AUROC + threshold metrics
legacy_bio_validation/known_set/ewas_atlas_colorectal_cancer,ewas_atlas_colorectal_cancer,legacy_bio_validation,disease/EWAS,disease/pathology,legacy-unregistered,legacy_exploratory,no,cpgpt_locus;cpgpt_locus_large;deepcpg_dna_locus;deepcpg_dna_locus_hepg2;functional_annotations_pca;methylgpt_locus;methylgpt_locus_medium,MISSING,HAVE,HAVE,AUROC,7830,400569,408399,0.019172,no,8894,0.88037,"ALL other universe CpGs (unlisted != unassociated; unmatched, extreme imbalance)",no,no,no,no,LogisticRegressionCV / RidgeCV inner CV inside each training fold (no test labels); inner CV also random,no (inner CV on train fold),"StratifiedKFold(5, shuffle, random_state=17): RANDOM locus split (neighbouring CpGs fall in train and test)",NONE: random folds -> spatially/chromatin-correlated neighbouring CpGs in train and test,no (annotation/assay target),no for all panel arms (patient-agnostic stores; cpgpt/deepcpg pretrained externally),EWAS source cohorts not recorded per CpG; overlap with the TCGA training cohort NOT documented in the repo,max overlap partner ewas_catalog_bmi: 994 CpGs (12.7% of this set; Jaccard 0.032),no duplicate CpGs within set (verified); cross-set overlaps listed,regulatory_histone_dnase_v1 not evaluated; functional_annotations_pca here is the older PCA store; dimension 64..1536 differs across arms; ntv3_pre errored for all probes,no,,INDEPENDENT,INDEPENDENT,INDEPENDENT,PROBLEMATIC,"random split with spatially correlated loci; unmatched negatives (all other CpGs; unlisted != unassociated); AUROC only, no AUPRC; prevalence 0.019172; no CI; candidate regulatory_histone_dnase_v1 MISSING","random split with spatially correlated loci; unmatched negatives (all other CpGs; unlisted != unassociated); AUROC only, no AUPRC; prevalence 0.019172; no CI; candidate regulatory_histone_dnase_v1 MISSING"
legacy_bio_validation/known_set/ewas_atlas_ovarian_cancer,ewas_atlas_ovarian_cancer,legacy_bio_validation,disease/EWAS,disease/pathology,legacy-unregistered,legacy_exploratory,no,cpgpt_locus;cpgpt_locus_large;deepcpg_dna_locus;deepcpg_dna_locus_hepg2;functional_annotations_pca;methylgpt_locus;methylgpt_locus_medium,MISSING,HAVE,HAVE,AUROC,28,408371,408399,6.9e-05,no,72,0.38889,"ALL other universe CpGs (unlisted != unassociated; unmatched, extreme imbalance)",no,no,no,no,LogisticRegressionCV / RidgeCV inner CV inside each training fold (no test labels); inner CV also random,no (inner CV on train fold),"StratifiedKFold(5, shuffle, random_state=17): RANDOM locus split (neighbouring CpGs fall in train and test)",NONE: random folds -> spatially/chromatin-correlated neighbouring CpGs in train and test,no (annotation/assay target),no for all panel arms (patient-agnostic stores; cpgpt/deepcpg pretrained externally),EWAS source cohorts not recorded per CpG; overlap with the TCGA training cohort NOT documented in the repo,max overlap partner ewas_catalog_bmi: 3 CpGs (10.7% of this set; Jaccard 0.000),no duplicate CpGs within set (verified); cross-set overlaps listed,regulatory_histone_dnase_v1 not evaluated; functional_annotations_pca here is the older PCA store; dimension 64..1536 differs across arms; ntv3_pre errored for all probes,no,,INDEPENDENT,INDEPENDENT,INDEPENDENT,PROBLEMATIC,"random split with spatially correlated loci; unmatched negatives (all other CpGs; unlisted != unassociated); AUROC only, no AUPRC; prevalence 6.9e-05; no CI; candidate regulatory_histone_dnase_v1 MISSING; very few positives (28)","random split with spatially correlated loci; unmatched negatives (all other CpGs; unlisted != unassociated); AUROC only, no AUPRC; prevalence 6.9e-05; no CI; candidate regulatory_histone_dnase_v1 MISSING; very few positives (28)"
legacy_bio_validation/known_set/ewas_atlas_prostate_cancer,ewas_atlas_prostate_cancer,legacy_bio_validation,disease/EWAS,disease/pathology,legacy-unregistered,legacy_exploratory,no,cpgpt_locus;cpgpt_locus_large;deepcpg_dna_locus;deepcpg_dna_locus_hepg2;functional_annotations_pca;methylgpt_locus;methylgpt_locus_medium,MISSING,HAVE,HAVE,AUROC,7663,400736,408399,0.018764,no,8170,0.93794,"ALL other universe CpGs (unlisted != unassociated; unmatched, extreme imbalance)",no,no,no,no,LogisticRegressionCV / RidgeCV inner CV inside each training fold (no test labels); inner CV also random,no (inner CV on train fold),"StratifiedKFold(5, shuffle, random_state=17): RANDOM locus split (neighbouring CpGs fall in train and test)",NONE: random folds -> spatially/chromatin-correlated neighbouring CpGs in train and test,no (annotation/assay target),no for all panel arms (patient-agnostic stores; cpgpt/deepcpg pretrained externally),EWAS source cohorts not recorded per CpG; overlap with the TCGA training cohort NOT documented in the repo,max overlap partner ewas_catalog_bmi: 937 CpGs (12.2% of this set; Jaccard 0.030),no duplicate CpGs within set (verified); cross-set overlaps listed,regulatory_histone_dnase_v1 not evaluated; functional_annotations_pca here is the older PCA store; dimension 64..1536 differs across arms; ntv3_pre errored for all probes,no,,INDEPENDENT,INDEPENDENT,INDEPENDENT,PROBLEMATIC,"random split with spatially correlated loci; unmatched negatives (all other CpGs; unlisted != unassociated); AUROC only, no AUPRC; prevalence 0.018764; no CI; candidate regulatory_histone_dnase_v1 MISSING","random split with spatially correlated loci; unmatched negatives (all other CpGs; unlisted != unassociated); AUROC only, no AUPRC; prevalence 0.018764; no CI; candidate regulatory_histone_dnase_v1 MISSING"
legacy_bio_validation/known_set/ewas_catalog_age,ewas_catalog_age,legacy_bio_validation,age/clock,aging,legacy-unregistered,legacy_exploratory,no,cpgpt_locus;cpgpt_locus_large;deepcpg_dna_locus;deepcpg_dna_locus_hepg2;functional_annotations_pca;methylgpt_locus;methylgpt_locus_medium,MISSING,HAVE,HAVE,AUROC,2194,406205,408399,0.005372,no,300698,0.0073,"ALL other universe CpGs (unlisted != unassociated; unmatched, extreme imbalance)",no,no,no,no,LogisticRegressionCV / RidgeCV inner CV inside each training fold (no test labels); inner CV also random,no (inner CV on train fold),"StratifiedKFold(5, shuffle, random_state=17): RANDOM locus split (neighbouring CpGs fall in train and test)",NONE: random folds -> spatially/chromatin-correlated neighbouring CpGs in train and test,no (annotation/assay target),no for all panel arms (patient-agnostic stores; cpgpt/deepcpg pretrained externally),EWAS source cohorts not recorded per CpG; overlap with the TCGA training cohort NOT documented in the repo,max overlap partner ewas_catalog_rheumatoid_arthritis: 147 CpGs (6.7% of this set; Jaccard 0.064),no duplicate CpGs within set (verified); cross-set overlaps listed,regulatory_histone_dnase_v1 not evaluated; functional_annotations_pca here is the older PCA store; dimension 64..1536 differs across arms; ntv3_pre errored for all probes,no,,INDEPENDENT,INDEPENDENT,INDEPENDENT,PROBLEMATIC,"random split with spatially correlated loci; unmatched negatives (all other CpGs; unlisted != unassociated); AUROC only, no AUPRC; prevalence 0.005372; no CI; candidate regulatory_histone_dnase_v1 MISSING","random split with spatially correlated loci; unmatched negatives (all other CpGs; unlisted != unassociated); AUROC only, no AUPRC; prevalence 0.005372; no CI; candidate regulatory_histone_dnase_v1 MISSING"
legacy_bio_validation/known_set/ewas_catalog_bmi,ewas_catalog_bmi,legacy_bio_validation,exposure (smoking/BMI),environmental exposure,legacy-unregistered,legacy_exploratory,no,cpgpt_locus;cpgpt_locus_large;deepcpg_dna_locus;deepcpg_dna_locus_hepg2;functional_annotations_pca;methylgpt_locus;methylgpt_locus_medium,MISSING,HAVE,HAVE,AUROC,24190,384209,408399,0.059231,no,67815,0.35671,"ALL other universe CpGs (unlisted != unassociated; unmatched, extreme imbalance)",no,no,no,no,LogisticRegressionCV / RidgeCV inner CV inside each training fold (no test labels); inner CV also random,no (inner CV on train fold),"StratifiedKFold(5, shuffle, random_state=17): RANDOM locus split (neighbouring CpGs fall in train and test)",NONE: random folds -> spatially/chromatin-correlated neighbouring CpGs in train and test,no (annotation/assay target),no for all panel arms (patient-agnostic stores; cpgpt/deepcpg pretrained externally),EWAS source cohorts not recorded per CpG; overlap with the TCGA training cohort NOT documented in the repo,max overlap partner ewas_catalog_smoking: 2082 CpGs (8.6% of this set; Jaccard 0.069),no duplicate CpGs within set (verified); cross-set overlaps listed,regulatory_histone_dnase_v1 not evaluated; functional_annotations_pca here is the older PCA store; dimension 64..1536 differs across arms; ntv3_pre errored for all probes,no,,INDEPENDENT,INDEPENDENT,INDEPENDENT,PROBLEMATIC,"random split with spatially correlated loci; unmatched negatives (all other CpGs; unlisted != unassociated); AUROC only, no AUPRC; prevalence 0.059231; no CI; candidate regulatory_histone_dnase_v1 MISSING","random split with spatially correlated loci; unmatched negatives (all other CpGs; unlisted != unassociated); AUROC only, no AUPRC; prevalence 0.059231; no CI; candidate regulatory_histone_dnase_v1 MISSING"
legacy_bio_validation/known_set/ewas_catalog_breast_cancer,ewas_catalog_breast_cancer,legacy_bio_validation,disease/EWAS,disease/pathology,legacy-unregistered,legacy_exploratory,no,cpgpt_locus;cpgpt_locus_large;deepcpg_dna_locus;deepcpg_dna_locus_hepg2;functional_annotations_pca;methylgpt_locus;methylgpt_locus_medium,MISSING,HAVE,HAVE,AUROC,502,407897,408399,0.001229,no,570,0.8807,"ALL other universe CpGs (unlisted != unassociated; unmatched, extreme imbalance)",no,no,no,no,LogisticRegressionCV / RidgeCV inner CV inside each training fold (no test labels); inner CV also random,no (inner CV on train fold),"StratifiedKFold(5, shuffle, random_state=17): RANDOM locus split (neighbouring CpGs fall in train and test)",NONE: random folds -> spatially/chromatin-correlated neighbouring CpGs in train and test,no (annotation/assay target),no for all panel arms (patient-agnostic stores; cpgpt/deepcpg pretrained externally),EWAS source cohorts not recorded per CpG; overlap with the TCGA training cohort NOT documented in the repo,max overlap partner ewas_catalog_bmi: 20 CpGs (4.0% of this set; Jaccard 0.001),no duplicate CpGs within set (verified); cross-set overlaps listed,regulatory_histone_dnase_v1 not evaluated; functional_annotations_pca here is the older PCA store; dimension 64..1536 differs across arms; ntv3_pre errored for all probes,no,,INDEPENDENT,INDEPENDENT,INDEPENDENT,PROBLEMATIC,"random split with spatially correlated loci; unmatched negatives (all other CpGs; unlisted != unassociated); AUROC only, no AUPRC; prevalence 0.001229; no CI; candidate regulatory_histone_dnase_v1 MISSING","random split with spatially correlated loci; unmatched negatives (all other CpGs; unlisted != unassociated); AUROC only, no AUPRC; prevalence 0.001229; no CI; candidate regulatory_histone_dnase_v1 MISSING"
legacy_bio_validation/known_set/ewas_catalog_coronary_heart_disease,ewas_catalog_coronary_heart_disease,legacy_bio_validation,disease/EWAS,disease/pathology,legacy-unregistered,legacy_exploratory,no,cpgpt_locus;cpgpt_locus_large;deepcpg_dna_locus;deepcpg_dna_locus_hepg2;functional_annotations_pca,MISSING,HAVE,HAVE,AUROC,49,408350,408399,0.00012,no,52,0.94231,"ALL other universe CpGs (unlisted != unassociated; unmatched, extreme imbalance)",no,no,no,no,LogisticRegressionCV / RidgeCV inner CV inside each training fold (no test labels); inner CV also random,no (inner CV on train fold),"StratifiedKFold(5, shuffle, random_state=17): RANDOM locus split (neighbouring CpGs fall in train and test)",NONE: random folds -> spatially/chromatin-correlated neighbouring CpGs in train and test,no (annotation/assay target),no for all panel arms (patient-agnostic stores; cpgpt/deepcpg pretrained externally),EWAS source cohorts not recorded per CpG; overlap with the TCGA training cohort NOT documented in the repo,max overlap partner ewas_catalog_bmi: 2 CpGs (4.1% of this set; Jaccard 0.000),no duplicate CpGs within set (verified); cross-set overlaps listed,regulatory_histone_dnase_v1 not evaluated; functional_annotations_pca here is the older PCA store; dimension 64..1536 differs across arms; ntv3_pre errored for all probes,no,,INDEPENDENT,INDEPENDENT,INDEPENDENT,PROBLEMATIC,"random split with spatially correlated loci; unmatched negatives (all other CpGs; unlisted != unassociated); AUROC only, no AUPRC; prevalence 0.00012; no CI; candidate regulatory_histone_dnase_v1 MISSING; very few positives (49)","random split with spatially correlated loci; unmatched negatives (all other CpGs; unlisted != unassociated); AUROC only, no AUPRC; prevalence 0.00012; no CI; candidate regulatory_histone_dnase_v1 MISSING; very few positives (49)"
legacy_bio_validation/known_set/ewas_catalog_lung_cancer,ewas_catalog_lung_cancer,legacy_bio_validation,disease/EWAS,disease/pathology,legacy-unregistered,legacy_exploratory,no,cpgpt_locus;cpgpt_locus_large;deepcpg_dna_locus;deepcpg_dna_locus_hepg2;functional_annotations_pca;methylgpt_locus;methylgpt_locus_medium,MISSING,HAVE,HAVE,AUROC,242,408157,408399,0.000593,no,510,0.47451,"ALL other universe CpGs (unlisted != unassociated; unmatched, extreme imbalance)",no,no,no,no,LogisticRegressionCV / RidgeCV inner CV inside each training fold (no test labels); inner CV also random,no (inner CV on train fold),"StratifiedKFold(5, shuffle, random_state=17): RANDOM locus split (neighbouring CpGs fall in train and test)",NONE: random folds -> spatially/chromatin-correlated neighbouring CpGs in train and test,no (annotation/assay target),no for all panel arms (patient-agnostic stores; cpgpt/deepcpg pretrained externally),EWAS source cohorts not recorded per CpG; overlap with the TCGA training cohort NOT documented in the repo,max overlap partner ewas_catalog_smoking: 225 CpGs (93.0% of this set; Jaccard 0.028),no duplicate CpGs within set (verified); cross-set overlaps listed,regulatory_histone_dnase_v1 not evaluated; functional_annotations_pca here is the older PCA store; dimension 64..1536 differs across arms; ntv3_pre errored for all probes,no,,INDEPENDENT,INDEPENDENT,INDEPENDENT,PROBLEMATIC,"random split with spatially correlated loci; unmatched negatives (all other CpGs; unlisted != unassociated); AUROC only, no AUPRC; prevalence 0.000593; no CI; candidate regulatory_histone_dnase_v1 MISSING","random split with spatially correlated loci; unmatched negatives (all other CpGs; unlisted != unassociated); AUROC only, no AUPRC; prevalence 0.000593; no CI; candidate regulatory_histone_dnase_v1 MISSING"
legacy_bio_validation/known_set/ewas_catalog_rheumatoid_arthritis,ewas_catalog_rheumatoid_arthritis,legacy_bio_validation,disease/EWAS,disease/pathology,legacy-unregistered,legacy_exploratory,no,cpgpt_locus;cpgpt_locus_large;deepcpg_dna_locus;deepcpg_dna_locus_hepg2;functional_annotations_pca;methylgpt_locus;methylgpt_locus_medium,MISSING,HAVE,HAVE,AUROC,238,408161,408399,0.000583,no,47956,0.00496,"ALL other universe CpGs (unlisted != unassociated; unmatched, extreme imbalance)",no,no,no,no,LogisticRegressionCV / RidgeCV inner CV inside each training fold (no test labels); inner CV also random,no (inner CV on train fold),"StratifiedKFold(5, shuffle, random_state=17): RANDOM locus split (neighbouring CpGs fall in train and test)",NONE: random folds -> spatially/chromatin-correlated neighbouring CpGs in train and test,no (annotation/assay target),no for all panel arms (patient-agnostic stores; cpgpt/deepcpg pretrained externally),EWAS source cohorts not recorded per CpG; overlap with the TCGA training cohort NOT documented in the repo; RA set includes GSE42861 (the benchmark's external disease cohort) by design (README),max overlap partner ewas_catalog_age: 147 CpGs (61.8% of this set; Jaccard 0.064),no duplicate CpGs within set (verified); cross-set overlaps listed,regulatory_histone_dnase_v1 not evaluated; functional_annotations_pca here is the older PCA store; dimension 64..1536 differs across arms; ntv3_pre errored for all probes,no,,INDEPENDENT,INDEPENDENT,INDEPENDENT,PROBLEMATIC,"random split with spatially correlated loci; unmatched negatives (all other CpGs; unlisted != unassociated); AUROC only, no AUPRC; prevalence 0.000583; no CI; candidate regulatory_histone_dnase_v1 MISSING","random split with spatially correlated loci; unmatched negatives (all other CpGs; unlisted != unassociated); AUROC only, no AUPRC; prevalence 0.000583; no CI; candidate regulatory_histone_dnase_v1 MISSING"
legacy_bio_validation/known_set/ewas_catalog_schizophrenia,ewas_catalog_schizophrenia,legacy_bio_validation,disease/EWAS,disease/pathology,legacy-unregistered,legacy_exploratory,no,cpgpt_locus;cpgpt_locus_large;deepcpg_dna_locus;deepcpg_dna_locus_hepg2;functional_annotations_pca,MISSING,HAVE,HAVE,AUROC,28,408371,408399,6.9e-05,no,5460,0.00513,"ALL other universe CpGs (unlisted != unassociated; unmatched, extreme imbalance)",no,no,no,no,LogisticRegressionCV / RidgeCV inner CV inside each training fold (no test labels); inner CV also random,no (inner CV on train fold),"StratifiedKFold(5, shuffle, random_state=17): RANDOM locus split (neighbouring CpGs fall in train and test)",NONE: random folds -> spatially/chromatin-correlated neighbouring CpGs in train and test,no (annotation/assay target),no for all panel arms (patient-agnostic stores; cpgpt/deepcpg pretrained externally),EWAS source cohorts not recorded per CpG; overlap with the TCGA training cohort NOT documented in the repo; schizophrenia set mirrors GSE147221 by design (README),max overlap partner ewas_catalog_age: 13 CpGs (46.4% of this set; Jaccard 0.006),no duplicate CpGs within set (verified); cross-set overlaps listed,regulatory_histone_dnase_v1 not evaluated; functional_annotations_pca here is the older PCA store; dimension 64..1536 differs across arms; ntv3_pre errored for all probes,no,,INDEPENDENT,INDEPENDENT,INDEPENDENT,PROBLEMATIC,"random split with spatially correlated loci; unmatched negatives (all other CpGs; unlisted != unassociated); AUROC only, no AUPRC; prevalence 6.9e-05; no CI; candidate regulatory_histone_dnase_v1 MISSING; very few positives (28)","random split with spatially correlated loci; unmatched negatives (all other CpGs; unlisted != unassociated); AUROC only, no AUPRC; prevalence 6.9e-05; no CI; candidate regulatory_histone_dnase_v1 MISSING; very few positives (28)"
legacy_bio_validation/known_set/ewas_catalog_sle,ewas_catalog_sle,legacy_bio_validation,disease/EWAS,disease/pathology,legacy-unregistered,legacy_exploratory,no,cpgpt_locus;cpgpt_locus_large;deepcpg_dna_locus;deepcpg_dna_locus_hepg2;functional_annotations_pca;methylgpt_locus;methylgpt_locus_medium,MISSING,HAVE,HAVE,AUROC,139,408260,408399,0.00034,no,309,0.44984,"ALL other universe CpGs (unlisted != unassociated; unmatched, extreme imbalance)",no,no,no,no,LogisticRegressionCV / RidgeCV inner CV inside each training fold (no test labels); inner CV also random,no (inner CV on train fold),"StratifiedKFold(5, shuffle, random_state=17): RANDOM locus split (neighbouring CpGs fall in train and test)",NONE: random folds -> spatially/chromatin-correlated neighbouring CpGs in train and test,no (annotation/assay target),no for all panel arms (patient-agnostic stores; cpgpt/deepcpg pretrained externally),EWAS source cohorts not recorded per CpG; overlap with the TCGA training cohort NOT documented in the repo,max overlap partner ewas_catalog_smoking: 23 CpGs (16.5% of this set; Jaccard 0.003),no duplicate CpGs within set (verified); cross-set overlaps listed,regulatory_histone_dnase_v1 not evaluated; functional_annotations_pca here is the older PCA store; dimension 64..1536 differs across arms; ntv3_pre errored for all probes,no,,INDEPENDENT,INDEPENDENT,INDEPENDENT,PROBLEMATIC,"random split with spatially correlated loci; unmatched negatives (all other CpGs; unlisted != unassociated); AUROC only, no AUPRC; prevalence 0.00034; no CI; candidate regulatory_histone_dnase_v1 MISSING","random split with spatially correlated loci; unmatched negatives (all other CpGs; unlisted != unassociated); AUROC only, no AUPRC; prevalence 0.00034; no CI; candidate regulatory_histone_dnase_v1 MISSING"
legacy_bio_validation/known_set/ewas_catalog_smoking,ewas_catalog_smoking,legacy_bio_validation,exposure (smoking/BMI),environmental exposure,legacy-unregistered,legacy_exploratory,no,cpgpt_locus;cpgpt_locus_large;deepcpg_dna_locus;deepcpg_dna_locus_hepg2;functional_annotations_pca;methylgpt_locus;methylgpt_locus_medium,MISSING,HAVE,HAVE,AUROC,7889,400510,408399,0.019317,no,9109,0.86607,"ALL other universe CpGs (unlisted != unassociated; unmatched, extreme imbalance)",no,no,no,no,LogisticRegressionCV / RidgeCV inner CV inside each training fold (no test labels); inner CV also random,no (inner CV on train fold),"StratifiedKFold(5, shuffle, random_state=17): RANDOM locus split (neighbouring CpGs fall in train and test)",NONE: random folds -> spatially/chromatin-correlated neighbouring CpGs in train and test,no (annotation/assay target),no for all panel arms (patient-agnostic stores; cpgpt/deepcpg pretrained externally),EWAS source cohorts not recorded per CpG; overlap with the TCGA training cohort NOT documented in the repo,max overlap partner ewas_catalog_bmi: 2082 CpGs (26.4% of this set; Jaccard 0.069),no duplicate CpGs within set (verified); cross-set overlaps listed,regulatory_histone_dnase_v1 not evaluated; functional_annotations_pca here is the older PCA store; dimension 64..1536 differs across arms; ntv3_pre errored for all probes,no,,INDEPENDENT,INDEPENDENT,INDEPENDENT,PROBLEMATIC,"random split with spatially correlated loci; unmatched negatives (all other CpGs; unlisted != unassociated); AUROC only, no AUPRC; prevalence 0.019317; no CI; candidate regulatory_histone_dnase_v1 MISSING","random split with spatially correlated loci; unmatched negatives (all other CpGs; unlisted != unassociated); AUROC only, no AUPRC; prevalence 0.019317; no CI; candidate regulatory_histone_dnase_v1 MISSING"
legacy_bio_validation/known_set/ewas_catalog_type2_diabetes,ewas_catalog_type2_diabetes,legacy_bio_validation,disease/EWAS,disease/pathology,legacy-unregistered,legacy_exploratory,no,cpgpt_locus;cpgpt_locus_large;deepcpg_dna_locus;deepcpg_dna_locus_hepg2;functional_annotations_pca;methylgpt_locus;methylgpt_locus_medium,MISSING,HAVE,HAVE,AUROC,71,408328,408399,0.000174,no,76,0.93421,"ALL other universe CpGs (unlisted != unassociated; unmatched, extreme imbalance)",no,no,no,no,LogisticRegressionCV / RidgeCV inner CV inside each training fold (no test labels); inner CV also random,no (inner CV on train fold),"StratifiedKFold(5, shuffle, random_state=17): RANDOM locus split (neighbouring CpGs fall in train and test)",NONE: random folds -> spatially/chromatin-correlated neighbouring CpGs in train and test,no (annotation/assay target),no for all panel arms (patient-agnostic stores; cpgpt/deepcpg pretrained externally),EWAS source cohorts not recorded per CpG; overlap with the TCGA training cohort NOT documented in the repo,max overlap partner ewas_catalog_bmi: 65 CpGs (91.5% of this set; Jaccard 0.003),no duplicate CpGs within set (verified); cross-set overlaps listed,regulatory_histone_dnase_v1 not evaluated; functional_annotations_pca here is the older PCA store; dimension 64..1536 differs across arms; ntv3_pre errored for all probes,no,,INDEPENDENT,INDEPENDENT,INDEPENDENT,PROBLEMATIC,"random split with spatially correlated loci; unmatched negatives (all other CpGs; unlisted != unassociated); AUROC only, no AUPRC; prevalence 0.000174; no CI; candidate regulatory_histone_dnase_v1 MISSING; very few positives (71)","random split with spatially correlated loci; unmatched negatives (all other CpGs; unlisted != unassociated); AUROC only, no AUPRC; prevalence 0.000174; no CI; candidate regulatory_histone_dnase_v1 MISSING; very few positives (71)"
legacy_bio_validation/known_set/hannum_clock,hannum_clock,legacy_bio_validation,age/clock,aging,legacy-unregistered,legacy_exploratory,no,cpgpt_locus;cpgpt_locus_large;deepcpg_dna_locus;deepcpg_dna_locus_hepg2;functional_annotations_pca;methylgpt_locus;methylgpt_locus_medium,MISSING,HAVE,HAVE,AUROC,64,408335,408399,0.000157,no,71,0.90141,"ALL other universe CpGs (unlisted != unassociated; unmatched, extreme imbalance)",no,no,no,no,LogisticRegressionCV / RidgeCV inner CV inside each training fold (no test labels); inner CV also random,no (inner CV on train fold),"StratifiedKFold(5, shuffle, random_state=17): RANDOM locus split (neighbouring CpGs fall in train and test)",NONE: random folds -> spatially/chromatin-correlated neighbouring CpGs in train and test,no (annotation/assay target),no for all panel arms (patient-agnostic stores; cpgpt/deepcpg pretrained externally),EWAS source cohorts not recorded per CpG; overlap with the TCGA training cohort NOT documented in the repo,max overlap partner ewas_catalog_bmi: 15 CpGs (23.4% of this set; Jaccard 0.001),no duplicate CpGs within set (verified); cross-set overlaps listed,regulatory_histone_dnase_v1 not evaluated; functional_annotations_pca here is the older PCA store; dimension 64..1536 differs across arms; ntv3_pre errored for all probes,no,,INDEPENDENT,INDEPENDENT,INDEPENDENT,PROBLEMATIC,"random split with spatially correlated loci; unmatched negatives (all other CpGs; unlisted != unassociated); AUROC only, no AUPRC; prevalence 0.000157; no CI; candidate regulatory_histone_dnase_v1 MISSING; very few positives (64)","random split with spatially correlated loci; unmatched negatives (all other CpGs; unlisted != unassociated); AUROC only, no AUPRC; prevalence 0.000157; no CI; candidate regulatory_histone_dnase_v1 MISSING; very few positives (64)"
legacy_bio_validation/known_set/horvath_clock,horvath_clock,legacy_bio_validation,age/clock,aging,legacy-unregistered,legacy_exploratory,no,cpgpt_locus;cpgpt_locus_large;deepcpg_dna_locus;deepcpg_dna_locus_hepg2;functional_annotations_pca;methylgpt_locus;methylgpt_locus_medium,MISSING,HAVE,HAVE,AUROC,344,408055,408399,0.000842,no,353,0.9745,"ALL other universe CpGs (unlisted != unassociated; unmatched, extreme imbalance)",no,no,no,no,LogisticRegressionCV / RidgeCV inner CV inside each training fold (no test labels); inner CV also random,no (inner CV on train fold),"StratifiedKFold(5, shuffle, random_state=17): RANDOM locus split (neighbouring CpGs fall in train and test)",NONE: random folds -> spatially/chromatin-correlated neighbouring CpGs in train and test,no (annotation/assay target),no for all panel arms (patient-agnostic stores; cpgpt/deepcpg pretrained externally),EWAS source cohorts not recorded per CpG; overlap with the TCGA training cohort NOT documented in the repo,max overlap partner phenoage_clock: 40 CpGs (11.6% of this set; Jaccard 0.050),no duplicate CpGs within set (verified); cross-set overlaps listed,regulatory_histone_dnase_v1 not evaluated; functional_annotations_pca here is the older PCA store; dimension 64..1536 differs across arms; ntv3_pre errored for all probes,no,,INDEPENDENT,INDEPENDENT,INDEPENDENT,PROBLEMATIC,"random split with spatially correlated loci; unmatched negatives (all other CpGs; unlisted != unassociated); AUROC only, no AUPRC; prevalence 0.000842; no CI; candidate regulatory_histone_dnase_v1 MISSING","random split with spatially correlated loci; unmatched negatives (all other CpGs; unlisted != unassociated); AUROC only, no AUPRC; prevalence 0.000842; no CI; candidate regulatory_histone_dnase_v1 MISSING"
legacy_bio_validation/known_set/phenoage_clock,phenoage_clock,legacy_bio_validation,age/clock,aging,legacy-unregistered,legacy_exploratory,no,cpgpt_locus;cpgpt_locus_large;deepcpg_dna_locus;deepcpg_dna_locus_hepg2;functional_annotations_pca;methylgpt_locus;methylgpt_locus_medium,MISSING,HAVE,HAVE,AUROC,498,407901,408399,0.001219,no,513,0.97076,"ALL other universe CpGs (unlisted != unassociated; unmatched, extreme imbalance)",no,no,no,no,LogisticRegressionCV / RidgeCV inner CV inside each training fold (no test labels); inner CV also random,no (inner CV on train fold),"StratifiedKFold(5, shuffle, random_state=17): RANDOM locus split (neighbouring CpGs fall in train and test)",NONE: random folds -> spatially/chromatin-correlated neighbouring CpGs in train and test,no (annotation/assay target),no for all panel arms (patient-agnostic stores; cpgpt/deepcpg pretrained externally),EWAS source cohorts not recorded per CpG; overlap with the TCGA training cohort NOT documented in the repo,max overlap partner horvath_clock: 40 CpGs (8.0% of this set; Jaccard 0.050),no duplicate CpGs within set (verified); cross-set overlaps listed,regulatory_histone_dnase_v1 not evaluated; functional_annotations_pca here is the older PCA store; dimension 64..1536 differs across arms; ntv3_pre errored for all probes,no,,INDEPENDENT,INDEPENDENT,INDEPENDENT,PROBLEMATIC,"random split with spatially correlated loci; unmatched negatives (all other CpGs; unlisted != unassociated); AUROC only, no AUPRC; prevalence 0.001219; no CI; candidate regulatory_histone_dnase_v1 MISSING","random split with spatially correlated loci; unmatched negatives (all other CpGs; unlisted != unassociated); AUROC only, no AUPRC; prevalence 0.001219; no CI; candidate regulatory_histone_dnase_v1 MISSING"
legacy_bio_validation/locality,locality_knn_genomic_proximity,legacy_bio_validation,locality (unsupervised),genomic locus identity,legacy-unregistered,legacy_exploratory,no,cpgpt_locus;cpgpt_locus_large;deepcpg_dna_locus;deepcpg_dna_locus_hepg2;functional_annotations_pca;methylgpt_locus;methylgpt_locus_medium,MISSING,HAVE,HAVE,enrichment,,,2000,,no,,,random pairing null (null_hit_rate in file),no,no,no,no,LogisticRegressionCV / RidgeCV inner CV inside each training fold (no test labels); inner CV also random,no (inner CV on train fold),"unsupervised; 2,000 randomly sampled query CpGs of the universe",NONE: random folds -> spatially/chromatin-correlated neighbouring CpGs in train and test,no (annotation/assay target),no for all panel arms (patient-agnostic stores; cpgpt/deepcpg pretrained externally),not applicable (external assay target),,,regulatory_histone_dnase_v1 not evaluated; functional_annotations_pca here is the older PCA store; dimension 64..1536 differs across arms; ntv3_pre errored for all probes,no,,PARTIALLY_RELATED,PARTIALLY_RELATED,INDEPENDENT,SUPPLEMENTARY_ONLY,"unsupervised, 2,000 queries, no CI; locality expected by construction for track-based arms; candidate MISSING","unsupervised, 2,000 queries, no CI; locality expected by construction for track-based arms; candidate MISSING"
umap_neighborhood/ewas_atlas_colorectal_cancer/native,neighborhood_ewas_atlas_colorectal_cancer,umap_neighborhood,descriptive neighbourhood (context + 2 EWAS sets),disease/pathology,legacy-unregistered,legacy_descriptive,no,cpgpt_locus_large;deepcpg_dna_locus;functional_annotations_pca,MISSING,HAVE,HAVE,enrichment,217,,12000,,no,,,random fraction,,,,,,,"none (descriptive neighbourhood statistic on a 12,000-point sample)",,no (annotation/assay target),no for all panel arms (patient-agnostic stores; cpgpt/deepcpg pretrained externally),not applicable (external assay target),,,,no,,INDEPENDENT,INDEPENDENT,INDEPENDENT,SUPPLEMENTARY_ONLY,"descriptive on 12,000-point sample; no CI; candidate MISSING; island/shore/shelf targets are SOURCE_RETENTION for legacy functional","descriptive on 12,000-point sample; no CI; candidate MISSING; island/shore/shelf targets are SOURCE_RETENTION for legacy functional"
umap_neighborhood/ewas_atlas_colorectal_cancer/pca,neighborhood_ewas_atlas_colorectal_cancer,umap_neighborhood,descriptive neighbourhood (context + 2 EWAS sets),disease/pathology,legacy-unregistered,legacy_descriptive,no,cpgpt_locus_large;deepcpg_dna_locus;functional_annotations_pca,MISSING,HAVE,HAVE,enrichment,217,,12000,,no,,,random fraction,,,,,,,"none (descriptive neighbourhood statistic on a 12,000-point sample)",,no (annotation/assay target),no for all panel arms (patient-agnostic stores; cpgpt/deepcpg pretrained externally),not applicable (external assay target),,,,no,,INDEPENDENT,INDEPENDENT,INDEPENDENT,SUPPLEMENTARY_ONLY,"descriptive on 12,000-point sample; no CI; candidate MISSING; island/shore/shelf targets are SOURCE_RETENTION for legacy functional","descriptive on 12,000-point sample; no CI; candidate MISSING; island/shore/shelf targets are SOURCE_RETENTION for legacy functional"
umap_neighborhood/ewas_atlas_colorectal_cancer/umap,neighborhood_ewas_atlas_colorectal_cancer,umap_neighborhood,descriptive neighbourhood (context + 2 EWAS sets),disease/pathology,legacy-unregistered,legacy_descriptive,no,cpgpt_locus_large;deepcpg_dna_locus;functional_annotations_pca,MISSING,HAVE,HAVE,enrichment,217,,12000,,no,,,random fraction,,,,,,,"none (descriptive neighbourhood statistic on a 12,000-point sample)",,no (annotation/assay target),no for all panel arms (patient-agnostic stores; cpgpt/deepcpg pretrained externally),not applicable (external assay target),,,,no,,INDEPENDENT,INDEPENDENT,INDEPENDENT,SUPPLEMENTARY_ONLY,"descriptive on 12,000-point sample; no CI; candidate MISSING; island/shore/shelf targets are SOURCE_RETENTION for legacy functional","descriptive on 12,000-point sample; no CI; candidate MISSING; island/shore/shelf targets are SOURCE_RETENTION for legacy functional"
umap_neighborhood/ewas_atlas_prostate_cancer/native,neighborhood_ewas_atlas_prostate_cancer,umap_neighborhood,descriptive neighbourhood (context + 2 EWAS sets),disease/pathology,legacy-unregistered,legacy_descriptive,no,cpgpt_locus_large;deepcpg_dna_locus;functional_annotations_pca,MISSING,HAVE,HAVE,enrichment,221,,12000,,no,,,random fraction,,,,,,,"none (descriptive neighbourhood statistic on a 12,000-point sample)",,no (annotation/assay target),no for all panel arms (patient-agnostic stores; cpgpt/deepcpg pretrained externally),not applicable (external assay target),,,,no,,INDEPENDENT,INDEPENDENT,INDEPENDENT,SUPPLEMENTARY_ONLY,"descriptive on 12,000-point sample; no CI; candidate MISSING; island/shore/shelf targets are SOURCE_RETENTION for legacy functional","descriptive on 12,000-point sample; no CI; candidate MISSING; island/shore/shelf targets are SOURCE_RETENTION for legacy functional"
umap_neighborhood/ewas_atlas_prostate_cancer/pca,neighborhood_ewas_atlas_prostate_cancer,umap_neighborhood,descriptive neighbourhood (context + 2 EWAS sets),disease/pathology,legacy-unregistered,legacy_descriptive,no,cpgpt_locus_large;deepcpg_dna_locus;functional_annotations_pca,MISSING,HAVE,HAVE,enrichment,221,,12000,,no,,,random fraction,,,,,,,"none (descriptive neighbourhood statistic on a 12,000-point sample)",,no (annotation/assay target),no for all panel arms (patient-agnostic stores; cpgpt/deepcpg pretrained externally),not applicable (external assay target),,,,no,,INDEPENDENT,INDEPENDENT,INDEPENDENT,SUPPLEMENTARY_ONLY,"descriptive on 12,000-point sample; no CI; candidate MISSING; island/shore/shelf targets are SOURCE_RETENTION for legacy functional","descriptive on 12,000-point sample; no CI; candidate MISSING; island/shore/shelf targets are SOURCE_RETENTION for legacy functional"
umap_neighborhood/ewas_atlas_prostate_cancer/umap,neighborhood_ewas_atlas_prostate_cancer,umap_neighborhood,descriptive neighbourhood (context + 2 EWAS sets),disease/pathology,legacy-unregistered,legacy_descriptive,no,cpgpt_locus_large;deepcpg_dna_locus;functional_annotations_pca,MISSING,HAVE,HAVE,enrichment,221,,12000,,no,,,random fraction,,,,,,,"none (descriptive neighbourhood statistic on a 12,000-point sample)",,no (annotation/assay target),no for all panel arms (patient-agnostic stores; cpgpt/deepcpg pretrained externally),not applicable (external assay target),,,,no,,INDEPENDENT,INDEPENDENT,INDEPENDENT,SUPPLEMENTARY_ONLY,"descriptive on 12,000-point sample; no CI; candidate MISSING; island/shore/shelf targets are SOURCE_RETENTION for legacy functional","descriptive on 12,000-point sample; no CI; candidate MISSING; island/shore/shelf targets are SOURCE_RETENTION for legacy functional"
umap_neighborhood/island/native,neighborhood_island,umap_neighborhood,descriptive neighbourhood (context + 2 EWAS sets),genomic locus identity,legacy-unregistered,legacy_descriptive,no,cpgpt_locus_large;deepcpg_dna_locus;functional_annotations_pca,MISSING,HAVE,HAVE,enrichment,3858,,12000,,no,,,random fraction,,,,,,,"none (descriptive neighbourhood statistic on a 12,000-point sample)",,no (annotation/assay target),no for all panel arms (patient-agnostic stores; cpgpt/deepcpg pretrained externally),not applicable (external assay target),,,,no,,INDEPENDENT,SOURCE_RETENTION,PARTIALLY_RELATED,PROBLEMATIC,"descriptive on 12,000-point sample; no CI; candidate MISSING; island/shore/shelf targets are SOURCE_RETENTION for legacy functional","descriptive on 12,000-point sample; no CI; candidate MISSING; island/shore/shelf targets are SOURCE_RETENTION for legacy functional"
umap_neighborhood/island/pca,neighborhood_island,umap_neighborhood,descriptive neighbourhood (context + 2 EWAS sets),genomic locus identity,legacy-unregistered,legacy_descriptive,no,cpgpt_locus_large;deepcpg_dna_locus;functional_annotations_pca,MISSING,HAVE,HAVE,enrichment,3858,,12000,,no,,,random fraction,,,,,,,"none (descriptive neighbourhood statistic on a 12,000-point sample)",,no (annotation/assay target),no for all panel arms (patient-agnostic stores; cpgpt/deepcpg pretrained externally),not applicable (external assay target),,,,no,,INDEPENDENT,SOURCE_RETENTION,PARTIALLY_RELATED,PROBLEMATIC,"descriptive on 12,000-point sample; no CI; candidate MISSING; island/shore/shelf targets are SOURCE_RETENTION for legacy functional","descriptive on 12,000-point sample; no CI; candidate MISSING; island/shore/shelf targets are SOURCE_RETENTION for legacy functional"
umap_neighborhood/island/umap,neighborhood_island,umap_neighborhood,descriptive neighbourhood (context + 2 EWAS sets),genomic locus identity,legacy-unregistered,legacy_descriptive,no,cpgpt_locus_large;deepcpg_dna_locus;functional_annotations_pca,MISSING,HAVE,HAVE,enrichment,3858,,12000,,no,,,random fraction,,,,,,,"none (descriptive neighbourhood statistic on a 12,000-point sample)",,no (annotation/assay target),no for all panel arms (patient-agnostic stores; cpgpt/deepcpg pretrained externally),not applicable (external assay target),,,,no,,INDEPENDENT,SOURCE_RETENTION,PARTIALLY_RELATED,PROBLEMATIC,"descriptive on 12,000-point sample; no CI; candidate MISSING; island/shore/shelf targets are SOURCE_RETENTION for legacy functional","descriptive on 12,000-point sample; no CI; candidate MISSING; island/shore/shelf targets are SOURCE_RETENTION for legacy functional"
umap_neighborhood/open_sea/native,neighborhood_open_sea,umap_neighborhood,descriptive neighbourhood (context + 2 EWAS sets),genomic locus identity,legacy-unregistered,legacy_descriptive,no,cpgpt_locus_large;deepcpg_dna_locus;functional_annotations_pca,MISSING,HAVE,HAVE,enrichment,4192,,12000,,no,,,random fraction,,,,,,,"none (descriptive neighbourhood statistic on a 12,000-point sample)",,no (annotation/assay target),no for all panel arms (patient-agnostic stores; cpgpt/deepcpg pretrained externally),not applicable (external assay target),,,,no,,INDEPENDENT,SOURCE_RETENTION,PARTIALLY_RELATED,PROBLEMATIC,"descriptive on 12,000-point sample; no CI; candidate MISSING; island/shore/shelf targets are SOURCE_RETENTION for legacy functional","descriptive on 12,000-point sample; no CI; candidate MISSING; island/shore/shelf targets are SOURCE_RETENTION for legacy functional"
umap_neighborhood/open_sea/pca,neighborhood_open_sea,umap_neighborhood,descriptive neighbourhood (context + 2 EWAS sets),genomic locus identity,legacy-unregistered,legacy_descriptive,no,cpgpt_locus_large;deepcpg_dna_locus;functional_annotations_pca,MISSING,HAVE,HAVE,enrichment,4192,,12000,,no,,,random fraction,,,,,,,"none (descriptive neighbourhood statistic on a 12,000-point sample)",,no (annotation/assay target),no for all panel arms (patient-agnostic stores; cpgpt/deepcpg pretrained externally),not applicable (external assay target),,,,no,,INDEPENDENT,SOURCE_RETENTION,PARTIALLY_RELATED,PROBLEMATIC,"descriptive on 12,000-point sample; no CI; candidate MISSING; island/shore/shelf targets are SOURCE_RETENTION for legacy functional","descriptive on 12,000-point sample; no CI; candidate MISSING; island/shore/shelf targets are SOURCE_RETENTION for legacy functional"
umap_neighborhood/open_sea/umap,neighborhood_open_sea,umap_neighborhood,descriptive neighbourhood (context + 2 EWAS sets),genomic locus identity,legacy-unregistered,legacy_descriptive,no,cpgpt_locus_large;deepcpg_dna_locus;functional_annotations_pca,MISSING,HAVE,HAVE,enrichment,4192,,12000,,no,,,random fraction,,,,,,,"none (descriptive neighbourhood statistic on a 12,000-point sample)",,no (annotation/assay target),no for all panel arms (patient-agnostic stores; cpgpt/deepcpg pretrained externally),not applicable (external assay target),,,,no,,INDEPENDENT,SOURCE_RETENTION,PARTIALLY_RELATED,PROBLEMATIC,"descriptive on 12,000-point sample; no CI; candidate MISSING; island/shore/shelf targets are SOURCE_RETENTION for legacy functional","descriptive on 12,000-point sample; no CI; candidate MISSING; island/shore/shelf targets are SOURCE_RETENTION for legacy functional"
umap_neighborhood/shelf/native,neighborhood_shelf,umap_neighborhood,descriptive neighbourhood (context + 2 EWAS sets),genomic locus identity,legacy-unregistered,legacy_descriptive,no,cpgpt_locus_large;deepcpg_dna_locus;functional_annotations_pca,MISSING,HAVE,HAVE,enrichment,1105,,12000,,no,,,random fraction,,,,,,,"none (descriptive neighbourhood statistic on a 12,000-point sample)",,no (annotation/assay target),no for all panel arms (patient-agnostic stores; cpgpt/deepcpg pretrained externally),not applicable (external assay target),,,,no,,INDEPENDENT,SOURCE_RETENTION,PARTIALLY_RELATED,PROBLEMATIC,"descriptive on 12,000-point sample; no CI; candidate MISSING; island/shore/shelf targets are SOURCE_RETENTION for legacy functional","descriptive on 12,000-point sample; no CI; candidate MISSING; island/shore/shelf targets are SOURCE_RETENTION for legacy functional"
umap_neighborhood/shelf/pca,neighborhood_shelf,umap_neighborhood,descriptive neighbourhood (context + 2 EWAS sets),genomic locus identity,legacy-unregistered,legacy_descriptive,no,cpgpt_locus_large;deepcpg_dna_locus;functional_annotations_pca,MISSING,HAVE,HAVE,enrichment,1105,,12000,,no,,,random fraction,,,,,,,"none (descriptive neighbourhood statistic on a 12,000-point sample)",,no (annotation/assay target),no for all panel arms (patient-agnostic stores; cpgpt/deepcpg pretrained externally),not applicable (external assay target),,,,no,,INDEPENDENT,SOURCE_RETENTION,PARTIALLY_RELATED,PROBLEMATIC,"descriptive on 12,000-point sample; no CI; candidate MISSING; island/shore/shelf targets are SOURCE_RETENTION for legacy functional","descriptive on 12,000-point sample; no CI; candidate MISSING; island/shore/shelf targets are SOURCE_RETENTION for legacy functional"
umap_neighborhood/shelf/umap,neighborhood_shelf,umap_neighborhood,descriptive neighbourhood (context + 2 EWAS sets),genomic locus identity,legacy-unregistered,legacy_descriptive,no,cpgpt_locus_large;deepcpg_dna_locus;functional_annotations_pca,MISSING,HAVE,HAVE,enrichment,1105,,12000,,no,,,random fraction,,,,,,,"none (descriptive neighbourhood statistic on a 12,000-point sample)",,no (annotation/assay target),no for all panel arms (patient-agnostic stores; cpgpt/deepcpg pretrained externally),not applicable (external assay target),,,,no,,INDEPENDENT,SOURCE_RETENTION,PARTIALLY_RELATED,PROBLEMATIC,"descriptive on 12,000-point sample; no CI; candidate MISSING; island/shore/shelf targets are SOURCE_RETENTION for legacy functional","descriptive on 12,000-point sample; no CI; candidate MISSING; island/shore/shelf targets are SOURCE_RETENTION for legacy functional"
umap_neighborhood/shore/native,neighborhood_shore,umap_neighborhood,descriptive neighbourhood (context + 2 EWAS sets),genomic locus identity,legacy-unregistered,legacy_descriptive,no,cpgpt_locus_large;deepcpg_dna_locus;functional_annotations_pca,MISSING,HAVE,HAVE,enrichment,2844,,12000,,no,,,random fraction,,,,,,,"none (descriptive neighbourhood statistic on a 12,000-point sample)",,no (annotation/assay target),no for all panel arms (patient-agnostic stores; cpgpt/deepcpg pretrained externally),not applicable (external assay target),,,,no,,INDEPENDENT,SOURCE_RETENTION,PARTIALLY_RELATED,PROBLEMATIC,"descriptive on 12,000-point sample; no CI; candidate MISSING; island/shore/shelf targets are SOURCE_RETENTION for legacy functional","descriptive on 12,000-point sample; no CI; candidate MISSING; island/shore/shelf targets are SOURCE_RETENTION for legacy functional"
umap_neighborhood/shore/pca,neighborhood_shore,umap_neighborhood,descriptive neighbourhood (context + 2 EWAS sets),genomic locus identity,legacy-unregistered,legacy_descriptive,no,cpgpt_locus_large;deepcpg_dna_locus;functional_annotations_pca,MISSING,HAVE,HAVE,enrichment,2844,,12000,,no,,,random fraction,,,,,,,"none (descriptive neighbourhood statistic on a 12,000-point sample)",,no (annotation/assay target),no for all panel arms (patient-agnostic stores; cpgpt/deepcpg pretrained externally),not applicable (external assay target),,,,no,,INDEPENDENT,SOURCE_RETENTION,PARTIALLY_RELATED,PROBLEMATIC,"descriptive on 12,000-point sample; no CI; candidate MISSING; island/shore/shelf targets are SOURCE_RETENTION for legacy functional","descriptive on 12,000-point sample; no CI; candidate MISSING; island/shore/shelf targets are SOURCE_RETENTION for legacy functional"
umap_neighborhood/shore/umap,neighborhood_shore,umap_neighborhood,descriptive neighbourhood (context + 2 EWAS sets),genomic locus identity,legacy-unregistered,legacy_descriptive,no,cpgpt_locus_large;deepcpg_dna_locus;functional_annotations_pca,MISSING,HAVE,HAVE,enrichment,2844,,12000,,no,,,random fraction,,,,,,,"none (descriptive neighbourhood statistic on a 12,000-point sample)",,no (annotation/assay target),no for all panel arms (patient-agnostic stores; cpgpt/deepcpg pretrained externally),not applicable (external assay target),,,,no,,INDEPENDENT,SOURCE_RETENTION,PARTIALLY_RELATED,PROBLEMATIC,"descriptive on 12,000-point sample; no CI; candidate MISSING; island/shore/shelf targets are SOURCE_RETENTION for legacy functional","descriptive on 12,000-point sample; no CI; candidate MISSING; island/shore/shelf targets are SOURCE_RETENTION for legacy functional"
v2_exploratory_posthoc/B3_ridge__centered__all_cpgs,B3_profile_ridge,v2_exploratory_posthoc,locus-level assay target (non-phenotype),methylation program,exploratory,exploratory_posthoc,"registered Part B before running, but post-hoc exploratory",cpgpt_large_locus;deepcpg_dna_locus;functional_annotations_pca;regulatory_histone_dnase_v1,HAVE,HAVE,HAVE,R2,,,,,no,,,continuous multi-output target,n/a or no,no,n/a,n/a,inner CV restricted to train chromosomes (never test chromosomes),no,5-fold chromosome-blocked (frozen map),chromosome-blocked folds (assert_no_leak); matching never uses embeddings; same item set for all arms (union zero-row exclusion for cosine endpoints),no (annotation/assay target),no for all panel arms (patient-agnostic stores; cpgpt/deepcpg pretrained externally),"none documented; external assays (Loyfer, 4DN, FANTOM5, Repli-seq, Decato PMD)",,,"regulatory_histone_dnase_v1 has 849 all-zero rows: excluded from cosine endpoints for ALL arms (D2), kept in probes; dimensions differ (256/512/128) - cosine is dimension-free but probes are not; cpgpt_large_locus is methylation-supervised (DIRECT_METHYLATION_SUPERVISION)",no,,INDEPENDENT,INDEPENDENT,INDEPENDENT,SUPPLEMENTARY_ONLY,EXPLORATORY POST-HOC (Part B): no claim; absolute values lack CI,EXPLORATORY POST-HOC (Part B): no claim; absolute values lack CI
v2_exploratory_posthoc/B3_ridge__centered__variable_cpgs,B3_profile_ridge,v2_exploratory_posthoc,locus-level assay target (non-phenotype),methylation program,exploratory,exploratory_posthoc,"registered Part B before running, but post-hoc exploratory",cpgpt_large_locus;deepcpg_dna_locus;functional_annotations_pca;regulatory_histone_dnase_v1,HAVE,HAVE,HAVE,R2,,,,,no,,,continuous multi-output target,n/a or no,no,n/a,n/a,inner CV restricted to train chromosomes (never test chromosomes),no,5-fold chromosome-blocked (frozen map),chromosome-blocked folds (assert_no_leak); matching never uses embeddings; same item set for all arms (union zero-row exclusion for cosine endpoints),no (annotation/assay target),no for all panel arms (patient-agnostic stores; cpgpt/deepcpg pretrained externally),"none documented; external assays (Loyfer, 4DN, FANTOM5, Repli-seq, Decato PMD)",,,"regulatory_histone_dnase_v1 has 849 all-zero rows: excluded from cosine endpoints for ALL arms (D2), kept in probes; dimensions differ (256/512/128) - cosine is dimension-free but probes are not; cpgpt_large_locus is methylation-supervised (DIRECT_METHYLATION_SUPERVISION)",no,,INDEPENDENT,INDEPENDENT,INDEPENDENT,SUPPLEMENTARY_ONLY,EXPLORATORY POST-HOC (Part B): no claim; absolute values lack CI,EXPLORATORY POST-HOC (Part B): no claim; absolute values lack CI
v2_exploratory_posthoc/B3_ridge__level__all_cpgs,B3_profile_ridge,v2_exploratory_posthoc,locus-level assay target (non-phenotype),methylation program,exploratory,exploratory_posthoc,"registered Part B before running, but post-hoc exploratory",cpgpt_large_locus;deepcpg_dna_locus;functional_annotations_pca;regulatory_histone_dnase_v1,HAVE,HAVE,HAVE,R2,,,,,no,,,continuous multi-output target,n/a or no,no,n/a,n/a,inner CV restricted to train chromosomes (never test chromosomes),no,5-fold chromosome-blocked (frozen map),chromosome-blocked folds (assert_no_leak); matching never uses embeddings; same item set for all arms (union zero-row exclusion for cosine endpoints),no (annotation/assay target),no for all panel arms (patient-agnostic stores; cpgpt/deepcpg pretrained externally),"none documented; external assays (Loyfer, 4DN, FANTOM5, Repli-seq, Decato PMD)",,,"regulatory_histone_dnase_v1 has 849 all-zero rows: excluded from cosine endpoints for ALL arms (D2), kept in probes; dimensions differ (256/512/128) - cosine is dimension-free but probes are not; cpgpt_large_locus is methylation-supervised (DIRECT_METHYLATION_SUPERVISION)",no,,INDEPENDENT,INDEPENDENT,INDEPENDENT,SUPPLEMENTARY_ONLY,EXPLORATORY POST-HOC (Part B): no claim; absolute values lack CI,EXPLORATORY POST-HOC (Part B): no claim; absolute values lack CI
v2_exploratory_posthoc/B3_ridge__level__variable_cpgs,B3_profile_ridge,v2_exploratory_posthoc,locus-level assay target (non-phenotype),methylation program,exploratory,exploratory_posthoc,"registered Part B before running, but post-hoc exploratory",cpgpt_large_locus;deepcpg_dna_locus;functional_annotations_pca;regulatory_histone_dnase_v1,HAVE,HAVE,HAVE,R2,,,,,no,,,continuous multi-output target,n/a or no,no,n/a,n/a,inner CV restricted to train chromosomes (never test chromosomes),no,5-fold chromosome-blocked (frozen map),chromosome-blocked folds (assert_no_leak); matching never uses embeddings; same item set for all arms (union zero-row exclusion for cosine endpoints),no (annotation/assay target),no for all panel arms (patient-agnostic stores; cpgpt/deepcpg pretrained externally),"none documented; external assays (Loyfer, 4DN, FANTOM5, Repli-seq, Decato PMD)",,,"regulatory_histone_dnase_v1 has 849 all-zero rows: excluded from cosine endpoints for ALL arms (D2), kept in probes; dimensions differ (256/512/128) - cosine is dimension-free but probes are not; cpgpt_large_locus is methylation-supervised (DIRECT_METHYLATION_SUPERVISION)",no,,INDEPENDENT,INDEPENDENT,INDEPENDENT,SUPPLEMENTARY_ONLY,EXPLORATORY POST-HOC (Part B): no claim; absolute values lack CI,EXPLORATORY POST-HOC (Part B): no claim; absolute values lack CI
v2_exploratory_posthoc/B3_ridge__raw__all_cpgs,B3_profile_ridge,v2_exploratory_posthoc,locus-level assay target (non-phenotype),methylation program,exploratory,exploratory_posthoc,"registered Part B before running, but post-hoc exploratory",cpgpt_large_locus;deepcpg_dna_locus;functional_annotations_pca;regulatory_histone_dnase_v1,HAVE,HAVE,HAVE,R2,,,,,no,,,continuous multi-output target,n/a or no,no,n/a,n/a,inner CV restricted to train chromosomes (never test chromosomes),no,5-fold chromosome-blocked (frozen map),chromosome-blocked folds (assert_no_leak); matching never uses embeddings; same item set for all arms (union zero-row exclusion for cosine endpoints),no (annotation/assay target),no for all panel arms (patient-agnostic stores; cpgpt/deepcpg pretrained externally),"none documented; external assays (Loyfer, 4DN, FANTOM5, Repli-seq, Decato PMD)",,,"regulatory_histone_dnase_v1 has 849 all-zero rows: excluded from cosine endpoints for ALL arms (D2), kept in probes; dimensions differ (256/512/128) - cosine is dimension-free but probes are not; cpgpt_large_locus is methylation-supervised (DIRECT_METHYLATION_SUPERVISION)",no,,INDEPENDENT,INDEPENDENT,INDEPENDENT,SUPPLEMENTARY_ONLY,EXPLORATORY POST-HOC (Part B): no claim; absolute values lack CI,EXPLORATORY POST-HOC (Part B): no claim; absolute values lack CI
v2_exploratory_posthoc/B3_ridge__raw__variable_cpgs,B3_profile_ridge,v2_exploratory_posthoc,locus-level assay target (non-phenotype),methylation program,exploratory,exploratory_posthoc,"registered Part B before running, but post-hoc exploratory",cpgpt_large_locus;deepcpg_dna_locus;functional_annotations_pca;regulatory_histone_dnase_v1,HAVE,HAVE,HAVE,R2,,,,,no,,,continuous multi-output target,n/a or no,no,n/a,n/a,inner CV restricted to train chromosomes (never test chromosomes),no,5-fold chromosome-blocked (frozen map),chromosome-blocked folds (assert_no_leak); matching never uses embeddings; same item set for all arms (union zero-row exclusion for cosine endpoints),no (annotation/assay target),no for all panel arms (patient-agnostic stores; cpgpt/deepcpg pretrained externally),"none documented; external assays (Loyfer, 4DN, FANTOM5, Repli-seq, Decato PMD)",,,"regulatory_histone_dnase_v1 has 849 all-zero rows: excluded from cosine endpoints for ALL arms (D2), kept in probes; dimensions differ (256/512/128) - cosine is dimension-free but probes are not; cpgpt_large_locus is methylation-supervised (DIRECT_METHYLATION_SUPERVISION)",no,,INDEPENDENT,INDEPENDENT,INDEPENDENT,SUPPLEMENTARY_ONLY,EXPLORATORY POST-HOC (Part B): no claim; absolute values lack CI,EXPLORATORY POST-HOC (Part B): no claim; absolute values lack CI
v2_exploratory_posthoc/exploratory_similarity,exploratory_similarity,v2_exploratory_posthoc,locus-level assay target (non-phenotype),methylation program,exploratory,exploratory_posthoc,"registered Part B before running, but post-hoc exploratory",cpgpt_large_locus;deepcpg_dna_locus;functional_annotations_pca;regulatory_histone_dnase_v1,HAVE,HAVE,HAVE,Spearman,,,384675,,no,,,as primary,n/a or no,no,n/a,n/a,"no tuning (cosine / kNN, no model)",no,no training,chromosome-blocked folds (assert_no_leak); matching never uses embeddings; same item set for all arms (union zero-row exclusion for cosine endpoints),no (annotation/assay target),no for all panel arms (patient-agnostic stores; cpgpt/deepcpg pretrained externally),"none documented; external assays (Loyfer, 4DN, FANTOM5, Repli-seq, Decato PMD)",,,"regulatory_histone_dnase_v1 has 849 all-zero rows: excluded from cosine endpoints for ALL arms (D2), kept in probes; dimensions differ (256/512/128) - cosine is dimension-free but probes are not; cpgpt_large_locus is methylation-supervised (DIRECT_METHYLATION_SUPERVISION)",yes,"95% percentile bootstrap over 22 chromosome blocks (B=1000, seed 17); coarse by design (frozen protocol sec.0)",INDEPENDENT,INDEPENDENT,INDEPENDENT,SUPPLEMENTARY_ONLY,EXPLORATORY POST-HOC,EXPLORATORY POST-HOC
v2_frozen/compartment_E1_probe_GM12878_100kb,compartment_E1_probe_GM12878_100kb,v2_frozen,locus-level assay target (non-phenotype),3D genome,frozen,secondary,yes (frozen protocol tag bioval-v2-protocol-freeze-v1),cpgpt_large_locus;deepcpg_dna_locus;functional_annotations_pca;regulatory_histone_dnase_v1,HAVE,HAVE,HAVE,R2,,,408275,,no,,,continuous target,n/a or no,no,n/a,n/a,inner CV restricted to train chromosomes (never test chromosomes),no,5-fold chromosome-blocked CV (seed 17),chromosome-blocked folds (assert_no_leak); matching never uses embeddings; same item set for all arms (union zero-row exclusion for cosine endpoints),no (annotation/assay target),no for all panel arms (patient-agnostic stores; cpgpt/deepcpg pretrained externally),"none documented; external assays (Loyfer, 4DN, FANTOM5, Repli-seq, Decato PMD)",,,"regulatory_histone_dnase_v1 has 849 all-zero rows: excluded from cosine endpoints for ALL arms (D2), kept in probes; dimensions differ (256/512/128) - cosine is dimension-free but probes are not",yes,"95% percentile bootstrap over 22 chromosome blocks (B=1000, seed 17); coarse by design (frozen protocol sec.0)",PARTIALLY_RELATED,PARTIALLY_RELATED,PARTIALLY_RELATED,MAIN_QUALITY,"frozen secondary, same rigour as primaries; E1 sign GC-oriented; circularity PARTIALLY_RELATED",
v2_frozen/compartment_E1_probe_H1_100kb,compartment_E1_probe_H1_100kb,v2_frozen,locus-level assay target (non-phenotype),3D genome,frozen,secondary,yes (frozen protocol tag bioval-v2-protocol-freeze-v1),cpgpt_large_locus;deepcpg_dna_locus;functional_annotations_pca;regulatory_histone_dnase_v1,HAVE,HAVE,HAVE,R2,,,407903,,no,,,continuous target (no negatives),n/a or no,no,n/a,n/a,inner CV restricted to train chromosomes (never test chromosomes),no,5-fold chromosome-blocked CV (seed 17),chromosome-blocked folds (assert_no_leak); matching never uses embeddings; same item set for all arms (union zero-row exclusion for cosine endpoints),no (annotation/assay target),no for all panel arms (patient-agnostic stores; cpgpt/deepcpg pretrained externally),"none documented; external assays (Loyfer, 4DN, FANTOM5, Repli-seq, Decato PMD)",,,"regulatory_histone_dnase_v1 has 849 all-zero rows: excluded from cosine endpoints for ALL arms (D2), kept in probes; dimensions differ (256/512/128) - cosine is dimension-free but probes are not",yes,"95% percentile bootstrap over 22 chromosome blocks (B=1000, seed 17); coarse by design (frozen protocol sec.0)",PARTIALLY_RELATED,PARTIALLY_RELATED,PARTIALLY_RELATED,MAIN_QUALITY,"frozen secondary, same rigour as primaries; E1 sign GC-oriented; circularity PARTIALLY_RELATED",
v2_frozen/fantom5_activity_similarity,fantom5_activity_similarity,v2_frozen,locus-level assay target (non-phenotype),regulatory activity,frozen,secondary,yes (frozen protocol tag bioval-v2-protocol-freeze-v1),cpgpt_large_locus;deepcpg_dna_locus;functional_annotations_pca;regulatory_histone_dnase_v1,HAVE,HAVE,HAVE,Spearman,,,170841,,no,,,intra (same-enhancer removed) and inter pairs,n/a or no,no,n/a,n/a,"no tuning (cosine / kNN, no model)",no,no training,chromosome-blocked folds (assert_no_leak); matching never uses embeddings; same item set for all arms (union zero-row exclusion for cosine endpoints),no (annotation/assay target),no for all panel arms (patient-agnostic stores; cpgpt/deepcpg pretrained externally),"none documented; external assays (Loyfer, 4DN, FANTOM5, Repli-seq, Decato PMD)",,,"regulatory_histone_dnase_v1 has 849 all-zero rows: excluded from cosine endpoints for ALL arms (D2), kept in probes; dimensions differ (256/512/128) - cosine is dimension-free but probes are not",yes,"95% percentile bootstrap over 22 chromosome blocks (B=1000, seed 17); coarse by design (frozen protocol sec.0)",PARTIALLY_RELATED,PARTIALLY_RELATED,INDEPENDENT,MAIN_QUALITY,"frozen secondary, same rigour as primaries",
v2_frozen/fantom5_membership,fantom5_membership,v2_frozen,locus-level assay target (non-phenotype),regulatory activity,frozen,primary,yes (frozen protocol tag bioval-v2-protocol-freeze-v1),cpgpt_large_locus;deepcpg_dna_locus;functional_annotations_pca;regulatory_histone_dnase_v1,HAVE,HAVE,HAVE,AUROC,11575,11575,23150,0.5,no,,,"CpGs >=5 kb from any FANTOM5 enhancer (257,326), 1:1 nearest-neighbour matched, no replacement",yes,yes (island/shore/shelf/open sea),no (reported balance only),"yes (GC, log10 TSS distance, CpG density caliper)",inner CV restricted to train chromosomes (never test chromosomes),no,5-fold chromosome-blocked CV (seed 17),chromosome-blocked folds (assert_no_leak); matching never uses embeddings; same item set for all arms (union zero-row exclusion for cosine endpoints),no (annotation/assay target),no for all panel arms (patient-agnostic stores; cpgpt/deepcpg pretrained externally),"none documented; external assays (Loyfer, 4DN, FANTOM5, Repli-seq, Decato PMD)",,,"regulatory_histone_dnase_v1 has 849 all-zero rows: excluded from cosine endpoints for ALL arms (D2), kept in probes; dimensions differ (256/512/128) - cosine is dimension-free but probes are not",yes,"95% percentile bootstrap over 22 chromosome blocks (B=1000, seed 17); coarse by design (frozen protocol sec.0)",PARTIALLY_RELATED,PARTIALLY_RELATED,INDEPENDENT,MAIN_QUALITY,"frozen primary, chromosome-blocked, matched/stratified design, CIs (coarse: 22 blocks, B=1000); circularity PARTIALLY_RELATED (shared enhancer chromatin evidence)",
v2_frozen/fantom5_membership__tss5k_pool,fantom5_membership,v2_frozen,locus-level assay target (non-phenotype),regulatory activity,frozen,sensitivity,yes (frozen protocol tag bioval-v2-protocol-freeze-v1),cpgpt_large_locus;deepcpg_dna_locus;functional_annotations_pca;regulatory_histone_dnase_v1,HAVE,HAVE,HAVE,AUROC,3349,3349,6698,0.5,no,,,"CpGs >=5 kb from any FANTOM5 enhancer (257,326), 1:1 nearest-neighbour matched, no replacement",yes,yes (island/shore/shelf/open sea),no (reported balance only),"yes (GC, log10 TSS distance, CpG density caliper)",inner CV restricted to train chromosomes (never test chromosomes),no,5-fold chromosome-blocked CV (seed 17),chromosome-blocked folds (assert_no_leak); matching never uses embeddings; same item set for all arms (union zero-row exclusion for cosine endpoints),no (annotation/assay target),no for all panel arms (patient-agnostic stores; cpgpt/deepcpg pretrained externally),"none documented; external assays (Loyfer, 4DN, FANTOM5, Repli-seq, Decato PMD)",,,"regulatory_histone_dnase_v1 has 849 all-zero rows: excluded from cosine endpoints for ALL arms (D2), kept in probes; dimensions differ (256/512/128) - cosine is dimension-free but probes are not",yes,"95% percentile bootstrap over 22 chromosome blocks (B=1000, seed 17); coarse by design (frozen protocol sec.0)",PARTIALLY_RELATED,PARTIALLY_RELATED,INDEPENDENT,MAIN_QUALITY,frozen sensitivity of a primary (supplement-level),
v2_frozen/fantom5_membership__win500,fantom5_membership,v2_frozen,locus-level assay target (non-phenotype),regulatory activity,frozen,sensitivity,yes (frozen protocol tag bioval-v2-protocol-freeze-v1),cpgpt_large_locus;deepcpg_dna_locus;functional_annotations_pca;regulatory_histone_dnase_v1,HAVE,HAVE,HAVE,AUROC,26880,26880,53760,0.5,no,,,"CpGs >=5 kb from any FANTOM5 enhancer (257,326), 1:1 nearest-neighbour matched, no replacement",yes,yes (island/shore/shelf/open sea),no (reported balance only),"yes (GC, log10 TSS distance, CpG density caliper)",inner CV restricted to train chromosomes (never test chromosomes),no,5-fold chromosome-blocked CV (seed 17),chromosome-blocked folds (assert_no_leak); matching never uses embeddings; same item set for all arms (union zero-row exclusion for cosine endpoints),no (annotation/assay target),no for all panel arms (patient-agnostic stores; cpgpt/deepcpg pretrained externally),"none documented; external assays (Loyfer, 4DN, FANTOM5, Repli-seq, Decato PMD)",,,"regulatory_histone_dnase_v1 has 849 all-zero rows: excluded from cosine endpoints for ALL arms (D2), kept in probes; dimensions differ (256/512/128) - cosine is dimension-free but probes are not",yes,"95% percentile bootstrap over 22 chromosome blocks (B=1000, seed 17); coarse by design (frozen protocol sec.0)",PARTIALLY_RELATED,PARTIALLY_RELATED,INDEPENDENT,MAIN_QUALITY,frozen sensitivity of a primary (supplement-level),
v2_frozen/loyfer_marker_knn,loyfer_marker_knn,v2_frozen,locus-level assay target (non-phenotype),methylation program,frozen,secondary,yes (frozen protocol tag bioval-v2-protocol-freeze-v1),cpgpt_large_locus;deepcpg_dna_locus;functional_annotations_pca;regulatory_histone_dnase_v1,HAVE,HAVE,HAVE,enrichment,1257,407550,1257,,no,,,all other candidate loci (n_candidates in file); permutation within chromosome,n/a or no,no,n/a,n/a,"no tuning (cosine / kNN, no model)",no,no training; permutation p-value (n_perm=999),chromosome-blocked folds (assert_no_leak); matching never uses embeddings; same item set for all arms (union zero-row exclusion for cosine endpoints),no (annotation/assay target),no for all panel arms (patient-agnostic stores; cpgpt/deepcpg pretrained externally),"none documented; external assays (Loyfer, 4DN, FANTOM5, Repli-seq, Decato PMD)",,,"regulatory_histone_dnase_v1 has 849 all-zero rows: excluded from cosine endpoints for ALL arms (D2), kept in probes; dimensions differ (256/512/128) - cosine is dimension-free but probes are not; cpgpt_large_locus is methylation-supervised (DIRECT_METHYLATION_SUPERVISION)",yes,"95% percentile bootstrap over 22 chromosome blocks (B=1000, seed 17); coarse by design (frozen protocol sec.0)",INDEPENDENT,INDEPENDENT,INDEPENDENT,SUPPLEMENTARY_ONLY,"marker provenance WEAK, low power (1,257 markers), not in Holm family","marker provenance WEAK, low power (1,257 markers), not in Holm family"
v2_frozen/loyfer_profile,loyfer_profile,v2_frozen,locus-level assay target (non-phenotype),methylation program,frozen,primary,yes (frozen protocol tag bioval-v2-protocol-freeze-v1),cpgpt_large_locus;deepcpg_dna_locus;functional_annotations_pca;regulatory_histone_dnase_v1,HAVE,HAVE,HAVE,Spearman,,,232194,,no,,,"CpG pairs sampled in distance strata (<1kb ... >1Mb, inter); no negatives (continuous pair score)",n/a or no,no,n/a,no (confounders as sensitivity),"no tuning (cosine / kNN, no model)",no,"no training; frozen embeddings, cosine score; chromosome-block bootstrap",chromosome-blocked folds (assert_no_leak); matching never uses embeddings; same item set for all arms (union zero-row exclusion for cosine endpoints),no (annotation/assay target),no for all panel arms (patient-agnostic stores; cpgpt/deepcpg pretrained externally),"none documented; external assays (Loyfer, 4DN, FANTOM5, Repli-seq, Decato PMD)",,,"regulatory_histone_dnase_v1 has 849 all-zero rows: excluded from cosine endpoints for ALL arms (D2), kept in probes; dimensions differ (256/512/128) - cosine is dimension-free but probes are not; cpgpt_large_locus is methylation-supervised (DIRECT_METHYLATION_SUPERVISION)",yes,"95% percentile bootstrap over 22 chromosome blocks (B=1000, seed 17); coarse by design (frozen protocol sec.0)",INDEPENDENT,INDEPENDENT,INDEPENDENT,MAIN_QUALITY,"frozen primary, chromosome-blocked, matched/stratified design, CIs (coarse: 22 blocks, B=1000); primary result is NEGATIVE for candidate and legacy functional",
v2_frozen/microc_H1_inter1Mb,microc_H1_inter1Mb,v2_frozen,locus-level assay target (non-phenotype),3D genome,frozen,exploratory,yes (frozen protocol tag bioval-v2-protocol-freeze-v1),cpgpt_large_locus;deepcpg_dna_locus;functional_annotations_pca;regulatory_histone_dnase_v1,HAVE,HAVE,HAVE,AUROC,9789,9585,19374,0.505265,no,,,trans non-contact pool (thin),yes,no,n/a,"yes (GC tercile, TSS tercile)","no tuning (cosine / kNN, no model)",no,no training,chromosome-blocked folds (assert_no_leak); matching never uses embeddings; same item set for all arms (union zero-row exclusion for cosine endpoints),no (annotation/assay target),no for all panel arms (patient-agnostic stores; cpgpt/deepcpg pretrained externally),"none documented; external assays (Loyfer, 4DN, FANTOM5, Repli-seq, Decato PMD)",,,"regulatory_histone_dnase_v1 has 849 all-zero rows: excluded from cosine endpoints for ALL arms (D2), kept in probes; dimensions differ (256/512/128) - cosine is dimension-free but probes are not",yes,"95% percentile bootstrap over 22 chromosome blocks (B=1000, seed 17); coarse by design (frozen protocol sec.0)",INDEPENDENT,INDEPENDENT,INDEPENDENT,SUPPLEMENTARY_ONLY,"declared EXPLORATORY in the frozen protocol; weak balance, 98.3% drop","declared EXPLORATORY in the frozen protocol; weak balance, 98.3% drop"
v2_frozen/microc_H1_intra10kb,microc_H1_intra10kb,v2_frozen,locus-level assay target (non-phenotype),3D genome,frozen,primary,yes (frozen protocol tag bioval-v2-protocol-freeze-v1),cpgpt_large_locus;deepcpg_dna_locus;functional_annotations_pca;regulatory_histone_dnase_v1,HAVE,HAVE,HAVE,AUROC,2682590,2681778,5364368,0.500076,no,,,"matched non-contact pairs (same chromosome, distance bin +-1)",yes,no,n/a,"yes (GC tercile, TSS tercile)","no tuning (cosine / kNN, no model)",no,no training; chromosome-block bootstrap,chromosome-blocked folds (assert_no_leak); matching never uses embeddings; same item set for all arms (union zero-row exclusion for cosine endpoints),no (annotation/assay target),no for all panel arms (patient-agnostic stores; cpgpt/deepcpg pretrained externally),"none documented; external assays (Loyfer, 4DN, FANTOM5, Repli-seq, Decato PMD)",,,"regulatory_histone_dnase_v1 has 849 all-zero rows: excluded from cosine endpoints for ALL arms (D2), kept in probes; dimensions differ (256/512/128) - cosine is dimension-free but probes are not",yes,"95% percentile bootstrap over 22 chromosome blocks (B=1000, seed 17); coarse by design (frozen protocol sec.0)",PARTIALLY_RELATED,PARTIALLY_RELATED,INDEPENDENT,MAIN_QUALITY,"frozen primary, chromosome-blocked, matched/stratified design, CIs (coarse: 22 blocks, B=1000); circularity PARTIALLY_RELATED (CTCF/cohesin tracks vs loop anchors); effect small (AUROC ~0.50-0.57)",
v2_frozen/microc_HFFc6_intra10kb,microc_HFFc6_intra10kb,v2_frozen,locus-level assay target (non-phenotype),3D genome,frozen,sensitivity,yes (frozen protocol tag bioval-v2-protocol-freeze-v1),cpgpt_large_locus;deepcpg_dna_locus;functional_annotations_pca;regulatory_histone_dnase_v1,HAVE,HAVE,HAVE,AUROC,3714112,3712573,7426685,0.500104,no,,,as H1,n/a or no,no,n/a,"yes (GC tercile, TSS tercile)","no tuning (cosine / kNN, no model)",no,no training,chromosome-blocked folds (assert_no_leak); matching never uses embeddings; same item set for all arms (union zero-row exclusion for cosine endpoints),no (annotation/assay target),no for all panel arms (patient-agnostic stores; cpgpt/deepcpg pretrained externally),"none documented; external assays (Loyfer, 4DN, FANTOM5, Repli-seq, Decato PMD)",,,"regulatory_histone_dnase_v1 has 849 all-zero rows: excluded from cosine endpoints for ALL arms (D2), kept in probes; dimensions differ (256/512/128) - cosine is dimension-free but probes are not",yes,"95% percentile bootstrap over 22 chromosome blocks (B=1000, seed 17); coarse by design (frozen protocol sec.0)",PARTIALLY_RELATED,PARTIALLY_RELATED,INDEPENDENT,MAIN_QUALITY,frozen sensitivity of a primary (supplement-level),
v2_frozen/pmd_probe,pmd_probe,v2_frozen,locus-level assay target (non-phenotype),replication timing,frozen,exploratory,yes (frozen protocol tag bioval-v2-protocol-freeze-v1),cpgpt_large_locus;deepcpg_dna_locus;functional_annotations_pca;regulatory_histone_dnase_v1,HAVE,HAVE,HAVE,AUROC,328894,79505,408399,0.805325,no,,,"all non-PMD autosomal CpGs of the 408,399 universe (unmatched)",n/a or no,no,n/a,n/a,inner CV restricted to train chromosomes (never test chromosomes),no,5-fold chromosome-blocked CV (seed 17),chromosome-blocked folds (assert_no_leak); matching never uses embeddings; same item set for all arms (union zero-row exclusion for cosine endpoints),no (annotation/assay target),no for all panel arms (patient-agnostic stores; cpgpt/deepcpg pretrained externally),"none documented; external assays (Loyfer, 4DN, FANTOM5, Repli-seq, Decato PMD)",,,"regulatory_histone_dnase_v1 has 849 all-zero rows: excluded from cosine endpoints for ALL arms (D2), kept in probes; dimensions differ (256/512/128) - cosine is dimension-free but probes are not",yes,"95% percentile bootstrap over 22 chromosome blocks (B=1000, seed 17); coarse by design (frozen protocol sec.0)",INDEPENDENT,INDEPENDENT,INDEPENDENT,SUPPLEMENTARY_ONLY,"declared EXPLORATORY in the frozen protocol; methylation-derived target, prevalence 0.805, GC/RT confounded","declared EXPLORATORY in the frozen protocol; methylation-derived target, prevalence 0.805, GC/RT confounded"
v2_frozen/rt_consensus,rt_consensus,v2_frozen,locus-level assay target (non-phenotype),replication timing,frozen,secondary,yes (frozen protocol tag bioval-v2-protocol-freeze-v1),cpgpt_large_locus;deepcpg_dna_locus;functional_annotations_pca;regulatory_histone_dnase_v1,HAVE,HAVE,HAVE,R2,,,408345,,no,,,continuous target (no negatives),n/a or no,no,n/a,no (confounders as sensitivity),inner CV restricted to train chromosomes (never test chromosomes),no,5-fold chromosome-blocked CV (seed 17),chromosome-blocked folds (assert_no_leak); matching never uses embeddings; same item set for all arms (union zero-row exclusion for cosine endpoints),no (annotation/assay target),no for all panel arms (patient-agnostic stores; cpgpt/deepcpg pretrained externally),"none documented; external assays (Loyfer, 4DN, FANTOM5, Repli-seq, Decato PMD)",,,"regulatory_histone_dnase_v1 has 849 all-zero rows: excluded from cosine endpoints for ALL arms (D2), kept in probes; dimensions differ (256/512/128) - cosine is dimension-free but probes are not",yes,"95% percentile bootstrap over 22 chromosome blocks (B=1000, seed 17); coarse by design (frozen protocol sec.0)",INDEPENDENT,INDEPENDENT,INDEPENDENT,MAIN_QUALITY,"frozen secondary, same rigour as primaries",
v2_sensitivity/compartment_E1_probe_GM12878_50kb,compartment_E1_probe_GM12878_50kb,v2_sensitivity,locus-level assay target (non-phenotype),3D genome,preregistered,sensitivity,yes (registered before running: sensitivity doc Part A),cpgpt_large_locus;deepcpg_dna_locus;functional_annotations_pca;regulatory_histone_dnase_v1,HAVE,HAVE,HAVE,R2,,,408073,,no,,,continuous target,n/a or no,no,n/a,n/a,inner CV restricted to train chromosomes (never test chromosomes),no,5-fold chromosome-blocked CV (seed 17),chromosome-blocked folds (assert_no_leak); matching never uses embeddings; same item set for all arms (union zero-row exclusion for cosine endpoints),no (annotation/assay target),no for all panel arms (patient-agnostic stores; cpgpt/deepcpg pretrained externally),"none documented; external assays (Loyfer, 4DN, FANTOM5, Repli-seq, Decato PMD)",,,"regulatory_histone_dnase_v1 has 849 all-zero rows: excluded from cosine endpoints for ALL arms (D2), kept in probes; dimensions differ (256/512/128) - cosine is dimension-free but probes are not",yes,"95% percentile bootstrap over 22 chromosome blocks (B=1000, seed 17); coarse by design (frozen protocol sec.0)",PARTIALLY_RELATED,PARTIALLY_RELATED,PARTIALLY_RELATED,MAIN_QUALITY,"preregistered sensitivity (registered before running), descriptive only, no Holm; supplement",
v2_sensitivity/compartment_E1_probe_H1_50kb,compartment_E1_probe_H1_50kb,v2_sensitivity,locus-level assay target (non-phenotype),3D genome,preregistered,sensitivity,yes (registered before running: sensitivity doc Part A),cpgpt_large_locus;deepcpg_dna_locus;functional_annotations_pca;regulatory_histone_dnase_v1,HAVE,HAVE,HAVE,R2,,,407826,,no,,,continuous target (no negatives),n/a or no,no,n/a,n/a,inner CV restricted to train chromosomes (never test chromosomes),no,5-fold chromosome-blocked CV (seed 17),chromosome-blocked folds (assert_no_leak); matching never uses embeddings; same item set for all arms (union zero-row exclusion for cosine endpoints),no (annotation/assay target),no for all panel arms (patient-agnostic stores; cpgpt/deepcpg pretrained externally),"none documented; external assays (Loyfer, 4DN, FANTOM5, Repli-seq, Decato PMD)",,,"regulatory_histone_dnase_v1 has 849 all-zero rows: excluded from cosine endpoints for ALL arms (D2), kept in probes; dimensions differ (256/512/128) - cosine is dimension-free but probes are not",yes,"95% percentile bootstrap over 22 chromosome blocks (B=1000, seed 17); coarse by design (frozen protocol sec.0)",PARTIALLY_RELATED,PARTIALLY_RELATED,PARTIALLY_RELATED,MAIN_QUALITY,"preregistered sensitivity (registered before running), descriptive only, no Holm; supplement",
v2_sensitivity/fantom5_activity_cat_cell_lines,fantom5_activity_cat_cell_lines,v2_sensitivity,locus-level assay target (non-phenotype),regulatory activity,preregistered,sensitivity,yes (registered before running: sensitivity doc Part A),cpgpt_large_locus;deepcpg_dna_locus;functional_annotations_pca;regulatory_histone_dnase_v1,HAVE,HAVE,HAVE,Spearman,,,170728,,no,,,intra (same-enhancer removed) and inter pairs,n/a or no,no,n/a,n/a,"no tuning (cosine / kNN, no model)",no,no training,chromosome-blocked folds (assert_no_leak); matching never uses embeddings; same item set for all arms (union zero-row exclusion for cosine endpoints),no (annotation/assay target),no for all panel arms (patient-agnostic stores; cpgpt/deepcpg pretrained externally),"none documented; external assays (Loyfer, 4DN, FANTOM5, Repli-seq, Decato PMD)",,,"regulatory_histone_dnase_v1 has 849 all-zero rows: excluded from cosine endpoints for ALL arms (D2), kept in probes; dimensions differ (256/512/128) - cosine is dimension-free but probes are not",yes,"95% percentile bootstrap over 22 chromosome blocks (B=1000, seed 17); coarse by design (frozen protocol sec.0)",PARTIALLY_RELATED,PARTIALLY_RELATED,INDEPENDENT,MAIN_QUALITY,"preregistered sensitivity (registered before running), descriptive only, no Holm; supplement",
v2_sensitivity/fantom5_activity_cat_primary_cells,fantom5_activity_cat_primary_cells,v2_sensitivity,locus-level assay target (non-phenotype),regulatory activity,preregistered,sensitivity,yes (registered before running: sensitivity doc Part A),cpgpt_large_locus;deepcpg_dna_locus;functional_annotations_pca;regulatory_histone_dnase_v1,HAVE,HAVE,HAVE,Spearman,,,170841,,no,,,intra (same-enhancer removed) and inter pairs,n/a or no,no,n/a,n/a,"no tuning (cosine / kNN, no model)",no,no training,chromosome-blocked folds (assert_no_leak); matching never uses embeddings; same item set for all arms (union zero-row exclusion for cosine endpoints),no (annotation/assay target),no for all panel arms (patient-agnostic stores; cpgpt/deepcpg pretrained externally),"none documented; external assays (Loyfer, 4DN, FANTOM5, Repli-seq, Decato PMD)",,,"regulatory_histone_dnase_v1 has 849 all-zero rows: excluded from cosine endpoints for ALL arms (D2), kept in probes; dimensions differ (256/512/128) - cosine is dimension-free but probes are not",yes,"95% percentile bootstrap over 22 chromosome blocks (B=1000, seed 17); coarse by design (frozen protocol sec.0)",PARTIALLY_RELATED,PARTIALLY_RELATED,INDEPENDENT,MAIN_QUALITY,"preregistered sensitivity (registered before running), descriptive only, no Holm; supplement",
v2_sensitivity/fantom5_activity_cat_tissues,fantom5_activity_cat_tissues,v2_sensitivity,locus-level assay target (non-phenotype),regulatory activity,preregistered,sensitivity,yes (registered before running: sensitivity doc Part A),cpgpt_large_locus;deepcpg_dna_locus;functional_annotations_pca;regulatory_histone_dnase_v1,HAVE,HAVE,HAVE,Spearman,,,170741,,no,,,intra (same-enhancer removed) and inter pairs,n/a or no,no,n/a,n/a,"no tuning (cosine / kNN, no model)",no,no training,chromosome-blocked folds (assert_no_leak); matching never uses embeddings; same item set for all arms (union zero-row exclusion for cosine endpoints),no (annotation/assay target),no for all panel arms (patient-agnostic stores; cpgpt/deepcpg pretrained externally),"none documented; external assays (Loyfer, 4DN, FANTOM5, Repli-seq, Decato PMD)",,,"regulatory_histone_dnase_v1 has 849 all-zero rows: excluded from cosine endpoints for ALL arms (D2), kept in probes; dimensions differ (256/512/128) - cosine is dimension-free but probes are not",yes,"95% percentile bootstrap over 22 chromosome blocks (B=1000, seed 17); coarse by design (frozen protocol sec.0)",PARTIALLY_RELATED,PARTIALLY_RELATED,INDEPENDENT,MAIN_QUALITY,"preregistered sensitivity (registered before running), descriptive only, no Holm; supplement",
v2_sensitivity/fantom5_activity_sample_level,fantom5_activity_sample_level,v2_sensitivity,locus-level assay target (non-phenotype),regulatory activity,preregistered,sensitivity,yes (registered before running: sensitivity doc Part A),cpgpt_large_locus;deepcpg_dna_locus;functional_annotations_pca;regulatory_histone_dnase_v1,HAVE,HAVE,HAVE,Spearman,,,170841,,no,,,intra (same-enhancer removed) and inter pairs,n/a or no,no,n/a,n/a,"no tuning (cosine / kNN, no model)",no,no training,chromosome-blocked folds (assert_no_leak); matching never uses embeddings; same item set for all arms (union zero-row exclusion for cosine endpoints),no (annotation/assay target),no for all panel arms (patient-agnostic stores; cpgpt/deepcpg pretrained externally),"none documented; external assays (Loyfer, 4DN, FANTOM5, Repli-seq, Decato PMD)",,,"regulatory_histone_dnase_v1 has 849 all-zero rows: excluded from cosine endpoints for ALL arms (D2), kept in probes; dimensions differ (256/512/128) - cosine is dimension-free but probes are not",yes,"95% percentile bootstrap over 22 chromosome blocks (B=1000, seed 17); coarse by design (frozen protocol sec.0)",PARTIALLY_RELATED,PARTIALLY_RELATED,INDEPENDENT,MAIN_QUALITY,"preregistered sensitivity (registered before running), descriptive only, no Holm; supplement",
v2_sensitivity/fantom5_membership_N1,fantom5_membership_N1,v2_sensitivity,locus-level assay target (non-phenotype),regulatory activity,preregistered,sensitivity,yes (registered before running: sensitivity doc Part A),cpgpt_large_locus;deepcpg_dna_locus;functional_annotations_pca;regulatory_histone_dnase_v1,HAVE,HAVE,HAVE,AUROC,11529,11529,23058,0.5,no,,,"CpGs >=5 kb from any FANTOM5 enhancer (257,326), 1:1 nearest-neighbour matched, no replacement",yes,yes (island/shore/shelf/open sea),no (reported balance only),"yes (GC, log10 TSS distance, CpG density caliper)",inner CV restricted to train chromosomes (never test chromosomes),no,5-fold chromosome-blocked CV (seed 17),chromosome-blocked folds (assert_no_leak); matching never uses embeddings; same item set for all arms (union zero-row exclusion for cosine endpoints),no (annotation/assay target),no for all panel arms (patient-agnostic stores; cpgpt/deepcpg pretrained externally),"none documented; external assays (Loyfer, 4DN, FANTOM5, Repli-seq, Decato PMD)",,,"regulatory_histone_dnase_v1 has 849 all-zero rows: excluded from cosine endpoints for ALL arms (D2), kept in probes; dimensions differ (256/512/128) - cosine is dimension-free but probes are not",yes,"95% percentile bootstrap over 22 chromosome blocks (B=1000, seed 17); coarse by design (frozen protocol sec.0)",PARTIALLY_RELATED,PARTIALLY_RELATED,INDEPENDENT,MAIN_QUALITY,"preregistered sensitivity (registered before running), descriptive only, no Holm; supplement",
v2_sensitivity/fantom5_membership_N10,fantom5_membership_N10,v2_sensitivity,locus-level assay target (non-phenotype),regulatory activity,preregistered,sensitivity,yes (registered before running: sensitivity doc Part A),cpgpt_large_locus;deepcpg_dna_locus;functional_annotations_pca;regulatory_histone_dnase_v1,HAVE,HAVE,HAVE,AUROC,9089,9089,18178,0.5,no,,,"CpGs >=5 kb from any FANTOM5 enhancer (257,326), 1:1 nearest-neighbour matched, no replacement",yes,yes (island/shore/shelf/open sea),no (reported balance only),"yes (GC, log10 TSS distance, CpG density caliper)",inner CV restricted to train chromosomes (never test chromosomes),no,5-fold chromosome-blocked CV (seed 17),chromosome-blocked folds (assert_no_leak); matching never uses embeddings; same item set for all arms (union zero-row exclusion for cosine endpoints),no (annotation/assay target),no for all panel arms (patient-agnostic stores; cpgpt/deepcpg pretrained externally),"none documented; external assays (Loyfer, 4DN, FANTOM5, Repli-seq, Decato PMD)",,,"regulatory_histone_dnase_v1 has 849 all-zero rows: excluded from cosine endpoints for ALL arms (D2), kept in probes; dimensions differ (256/512/128) - cosine is dimension-free but probes are not",yes,"95% percentile bootstrap over 22 chromosome blocks (B=1000, seed 17); coarse by design (frozen protocol sec.0)",PARTIALLY_RELATED,PARTIALLY_RELATED,INDEPENDENT,MAIN_QUALITY,"preregistered sensitivity (registered before running), descriptive only, no Holm; supplement",
v2_sensitivity/fantom5_membership_N20,fantom5_membership_N20,v2_sensitivity,locus-level assay target (non-phenotype),regulatory activity,preregistered,sensitivity,yes (registered before running: sensitivity doc Part A),cpgpt_large_locus;deepcpg_dna_locus;functional_annotations_pca;regulatory_histone_dnase_v1,HAVE,HAVE,HAVE,AUROC,7041,7041,14082,0.5,no,,,"CpGs >=5 kb from any FANTOM5 enhancer (257,326), 1:1 nearest-neighbour matched, no replacement",yes,yes (island/shore/shelf/open sea),no (reported balance only),"yes (GC, log10 TSS distance, CpG density caliper)",inner CV restricted to train chromosomes (never test chromosomes),no,5-fold chromosome-blocked CV (seed 17),chromosome-blocked folds (assert_no_leak); matching never uses embeddings; same item set for all arms (union zero-row exclusion for cosine endpoints),no (annotation/assay target),no for all panel arms (patient-agnostic stores; cpgpt/deepcpg pretrained externally),"none documented; external assays (Loyfer, 4DN, FANTOM5, Repli-seq, Decato PMD)",,,"regulatory_histone_dnase_v1 has 849 all-zero rows: excluded from cosine endpoints for ALL arms (D2), kept in probes; dimensions differ (256/512/128) - cosine is dimension-free but probes are not",yes,"95% percentile bootstrap over 22 chromosome blocks (B=1000, seed 17); coarse by design (frozen protocol sec.0)",PARTIALLY_RELATED,PARTIALLY_RELATED,INDEPENDENT,MAIN_QUALITY,"preregistered sensitivity (registered before running), descriptive only, no Holm; supplement",
v2_sensitivity/fantom5_membership_N3,fantom5_membership_N3,v2_sensitivity,locus-level assay target (non-phenotype),regulatory activity,preregistered,sensitivity,yes (registered before running: sensitivity doc Part A),cpgpt_large_locus;deepcpg_dna_locus;functional_annotations_pca;regulatory_histone_dnase_v1,HAVE,HAVE,HAVE,AUROC,11163,11163,22326,0.5,no,,,"CpGs >=5 kb from any FANTOM5 enhancer (257,326), 1:1 nearest-neighbour matched, no replacement",yes,yes (island/shore/shelf/open sea),no (reported balance only),"yes (GC, log10 TSS distance, CpG density caliper)",inner CV restricted to train chromosomes (never test chromosomes),no,5-fold chromosome-blocked CV (seed 17),chromosome-blocked folds (assert_no_leak); matching never uses embeddings; same item set for all arms (union zero-row exclusion for cosine endpoints),no (annotation/assay target),no for all panel arms (patient-agnostic stores; cpgpt/deepcpg pretrained externally),"none documented; external assays (Loyfer, 4DN, FANTOM5, Repli-seq, Decato PMD)",,,"regulatory_histone_dnase_v1 has 849 all-zero rows: excluded from cosine endpoints for ALL arms (D2), kept in probes; dimensions differ (256/512/128) - cosine is dimension-free but probes are not",yes,"95% percentile bootstrap over 22 chromosome blocks (B=1000, seed 17); coarse by design (frozen protocol sec.0)",PARTIALLY_RELATED,PARTIALLY_RELATED,INDEPENDENT,MAIN_QUALITY,"preregistered sensitivity (registered before running), descriptive only, no Holm; supplement",
v2_sensitivity/loyfer_drop_single_sample_groups,loyfer_drop_single_sample_groups,v2_sensitivity,locus-level assay target (non-phenotype),methylation program,preregistered,sensitivity,yes (registered before running: sensitivity doc Part A),cpgpt_large_locus;deepcpg_dna_locus;functional_annotations_pca;regulatory_histone_dnase_v1,HAVE,HAVE,HAVE,Spearman,,,231807,,no,,,"CpG pairs sampled in distance strata (<1kb ... >1Mb, inter); no negatives (continuous pair score)",n/a or no,no,n/a,no (confounders as sensitivity),"no tuning (cosine / kNN, no model)",no,"no training; frozen embeddings, cosine score; chromosome-block bootstrap",chromosome-blocked folds (assert_no_leak); matching never uses embeddings; same item set for all arms (union zero-row exclusion for cosine endpoints),no (annotation/assay target),no for all panel arms (patient-agnostic stores; cpgpt/deepcpg pretrained externally),"none documented; external assays (Loyfer, 4DN, FANTOM5, Repli-seq, Decato PMD)",,,"regulatory_histone_dnase_v1 has 849 all-zero rows: excluded from cosine endpoints for ALL arms (D2), kept in probes; dimensions differ (256/512/128) - cosine is dimension-free but probes are not; cpgpt_large_locus is methylation-supervised (DIRECT_METHYLATION_SUPERVISION)",yes,"95% percentile bootstrap over 22 chromosome blocks (B=1000, seed 17); coarse by design (frozen protocol sec.0)",INDEPENDENT,INDEPENDENT,INDEPENDENT,MAIN_QUALITY,"preregistered sensitivity (registered before running), descriptive only, no Holm; supplement",
v2_sensitivity/loyfer_mask_lenient,loyfer_mask_lenient,v2_sensitivity,locus-level assay target (non-phenotype),methylation program,preregistered,sensitivity,yes (registered before running: sensitivity doc Part A),cpgpt_large_locus;deepcpg_dna_locus;functional_annotations_pca;regulatory_histone_dnase_v1,HAVE,HAVE,HAVE,Spearman,,,232194,,no,,,"CpG pairs sampled in distance strata (<1kb ... >1Mb, inter); no negatives (continuous pair score)",n/a or no,no,n/a,no (confounders as sensitivity),"no tuning (cosine / kNN, no model)",no,"no training; frozen embeddings, cosine score; chromosome-block bootstrap",chromosome-blocked folds (assert_no_leak); matching never uses embeddings; same item set for all arms (union zero-row exclusion for cosine endpoints),no (annotation/assay target),no for all panel arms (patient-agnostic stores; cpgpt/deepcpg pretrained externally),"none documented; external assays (Loyfer, 4DN, FANTOM5, Repli-seq, Decato PMD)",,,"regulatory_histone_dnase_v1 has 849 all-zero rows: excluded from cosine endpoints for ALL arms (D2), kept in probes; dimensions differ (256/512/128) - cosine is dimension-free but probes are not; cpgpt_large_locus is methylation-supervised (DIRECT_METHYLATION_SUPERVISION)",yes,"95% percentile bootstrap over 22 chromosome blocks (B=1000, seed 17); coarse by design (frozen protocol sec.0)",INDEPENDENT,INDEPENDENT,INDEPENDENT,MAIN_QUALITY,"preregistered sensitivity (registered before running), descriptive only, no Holm; supplement",
encode_exp5_base/ewas_atlas_ovarian_cancer,ewas_atlas_ovarian_cancer,encode_exp5_base,disease/EWAS,disease/pathology,discovery-campaign,campaign_robustness,no,none (no scored result),,,,,,,,,,,,,,,,,,,,,,,,,,,no,,,,,SUPPLEMENTARY_ONLY,NOT EVALUABLE (matched pairs 28 < 100 or <5 chromosomes),NOT EVALUABLE (matched pairs 28 < 100 or <5 chromosomes)
encode_exp5_base/ewas_catalog_coronary_heart_disease,ewas_catalog_coronary_heart_disease,encode_exp5_base,disease/EWAS,disease/pathology,discovery-campaign,campaign_robustness,no,none (no scored result),,,,,,,,,,,,,,,,,,,,,,,,,,,no,,,,,SUPPLEMENTARY_ONLY,NOT EVALUABLE (matched pairs 49 < 100 or <5 chromosomes),NOT EVALUABLE (matched pairs 49 < 100 or <5 chromosomes)
encode_exp5_base/ewas_catalog_schizophrenia,ewas_catalog_schizophrenia,encode_exp5_base,disease/EWAS,disease/pathology,discovery-campaign,campaign_robustness,no,none (no scored result),,,,,,,,,,,,,,,,,,,,,,,,,,,no,,,,,SUPPLEMENTARY_ONLY,NOT EVALUABLE (matched pairs 28 < 100 or <5 chromosomes),NOT EVALUABLE (matched pairs 28 < 100 or <5 chromosomes)
encode_exp5_probe/ewas_atlas_ovarian_cancer,ewas_atlas_ovarian_cancer,encode_exp5_probe,disease/EWAS,disease/pathology,discovery-campaign,campaign_robustness,no,none (no scored result),,,,,,,,,,,,,,,,,,,,,,,,,,,no,,,,,SUPPLEMENTARY_ONLY,NOT EVALUABLE (matched pairs 27 < 100 or <5 chromosomes),NOT EVALUABLE (matched pairs 27 < 100 or <5 chromosomes)
encode_exp5_probe/ewas_catalog_coronary_heart_disease,ewas_catalog_coronary_heart_disease,encode_exp5_probe,disease/EWAS,disease/pathology,discovery-campaign,campaign_robustness,no,none (no scored result),,,,,,,,,,,,,,,,,,,,,,,,,,,no,,,,,SUPPLEMENTARY_ONLY,NOT EVALUABLE (matched pairs 45 < 100 or <5 chromosomes),NOT EVALUABLE (matched pairs 45 < 100 or <5 chromosomes)
encode_exp5_probe/ewas_catalog_schizophrenia,ewas_catalog_schizophrenia,encode_exp5_probe,disease/EWAS,disease/pathology,discovery-campaign,campaign_robustness,no,none (no scored result),,,,,,,,,,,,,,,,,,,,,,,,,,,no,,,,,SUPPLEMENTARY_ONLY,NOT EVALUABLE (matched pairs 24 < 100 or <5 chromosomes),NOT EVALUABLE (matched pairs 24 < 100 or <5 chromosomes)
